fdc_id,usda_description,foodon_iri,foodon_label,status,reason,reviewed_by
167512,"Pillsbury Golden Layer Buttermilk Biscuits, Artificial Flavor, refrigerated dough",,,none,,
167513,"Pillsbury, Cinnamon Rolls with Icing, refrigerated dough",,,none,,
167514,"Kraft Foods, Shake N Bake Original Recipe, Coating for Pork, dry",,,none,,
167515,"George Weston Bakeries, Thomas English Muffins",,,none,,
167516,"Waffles, buttermilk, frozen, ready-to-heat",,,none,,
167517,"Waffle, buttermilk, frozen, ready-to-heat, toasted",,,none,,
167518,"Waffle, buttermilk, frozen, ready-to-heat, microwaved",,,none,,
167519,"Waffle, plain, frozen, ready-to-heat, microwave",,,none,,
167520,"Pie Crust, Cookie-type, Graham Cracker, Ready Crust",,,none,,
167521,"Pie Crust, Cookie-type, Chocolate, Ready Crust",,,none,,
167522,"Pie, Dutch Apple, Commercially Prepared",,,none,,
167523,"Pie crust, deep dish, frozen, unbaked, made with enriched flour",,,none,,
167524,"Waffles, chocolate chip, frozen, ready-to-heat",,,none,,
167525,"Tostada shells, corn",,,none,,
167526,"Bread, salvadoran sweet cheese (quesadilla salvadorena)",,,none,,
167527,"Bread, pound cake type, pan de torta salvadoran",,,none,,
167528,"Pastry, Pastelitos de Guava (guava pastries)",,,none,,
167529,"Crackers, snack, Goya Crackers",,,none,,
167530,"Crackers, cream, Gamesa Sabrosas",,,none,,
167531,"Crackers, cream, La Moderna Rikis Cream Crackers",,,none,,
167532,"Bread, white wheat",,,none,,
167533,"Bagels, wheat",,,none,,
167534,"Cream puff, eclair, custard or cream filled, iced",,,none,,
167535,"Tortillas, ready-to-bake or -fry, flour, shelf stable",,,none,,
167536,"Snacks, beef jerky, chopped and formed",http://purl.obolibrary.org/obo/FOODON_03302103,beef jerky,accepted,,
167537,"Snacks, corn-based, extruded, chips, plain",,,none,,
167538,"Snacks, corn-based, extruded, chips, barbecue-flavor",,,none,,
167539,"Snacks, corn-based, extruded, cones, plain",,,none,,
167540,"Snacks, fruit leather, pieces",,,none,,
167541,"Snacks, fruit leather, rolls",,,none,,
167542,"Snacks, granola bars, hard, plain",,,none,,
167543,"Snacks, granola bars, hard, almond",,,none,,
167544,"Snacks, granola bars, soft, uncoated, raisin",,,none,,
167545,"Snacks, granola bars, soft, coated, milk chocolate coating, chocolate chip",,,none,,
167546,"Candies, honey-combed, with peanut butter",,,none,,
167547,"Snacks, granola bars, soft, coated, milk chocolate coating, peanut butter",,,none,,
167548,"Snacks, granola bars, soft, uncoated, peanut butter and chocolate chip",,,none,,
167549,"Snacks, popcorn, oil-popped, microwave, regular flavor, no trans fat",http://purl.obolibrary.org/obo/FOODON_03311229,popcorn (microwaved),accepted,,
167550,"Snacks, popcorn, cakes",,,none,,
167551,"Snacks, popcorn, caramel-coated, with peanuts",,,none,,
167552,"Snacks, popcorn, caramel-coated, without peanuts",,,none,,
167553,"Snacks, potato chips, made from dried potatoes, reduced fat",http://purl.obolibrary.org/obo/FOODON_03301833,potato chip,accepted,,
167554,"Snacks, potato chips, made from dried potatoes, sour-cream and onion-flavor",,,none,,
167555,"Snacks, pretzels, hard, plain, salted",,,none,,
167556,"Snacks, pretzels, hard, confectioner's coating, chocolate-flavor",,,none,,
167557,"Snacks, rice cakes, brown rice, sesame seed",,,none,,
167558,"Snacks, tortilla chips, plain, white corn, salted",,,none,,
167559,"Snacks, tortilla chips, nacho cheese",,,none,,
167560,"Snacks, tortilla chips, ranch-flavor",,,none,,
167561,"Snacks, trail mix, regular",,,none,,
167562,"Candies, ALMOND JOY Candy Bar",,,none,,
167563,"Candies, TWIZZLERS CHERRY BITES",,,none,,
167564,"Candies, NESTLE, BIT-O'-HONEY Candy Chews",,,none,,
167565,"Candies, NESTLE, BUTTERFINGER Bar",,,none,,
167566,"Candies, caramels, chocolate-flavor roll",,,none,,
167567,"Baking chocolate, unsweetened, liquid",,,none,,
167568,"Baking chocolate, unsweetened, squares",,,none,,
167569,"Candies, confectioner's coating, yogurt",,,none,,
167570,"Candies, confectioner's coating, peanut butter",,,none,,
167571,"Candies, white chocolate",,,none,,
167572,"Ice creams, vanilla, light",,,none,,
167573,"Ice creams, vanilla, rich",,,none,,
167574,"Desserts, flan, caramel custard, prepared-from-recipe",,,none,,
167575,"Ice creams, vanilla",,,none,,
167576,"Ice creams, vanilla, light, soft-serve",,,none,,
167577,"Sherbet, orange",,,none,,
167578,"Candies, fudge, peanut butter, prepared-from-recipe",,,none,,
167579,"Candies, fudge, vanilla, prepared-from-recipe",,,none,,
167580,"Candies, fudge, vanilla with nuts",,,none,,
167581,"Candies, NESTLE, GOOBERS Chocolate Covered Peanuts",,,none,,
167582,"Candies, NESTLE, BABY RUTH Bar",,,none,,
167583,"Candies, TWIZZLERS Strawberry Twists Candy",,,none,,
167584,"Syrups, table blends, pancake, with butter",,,none,,
167585,"Ice creams, chocolate, light",,,none,,
167586,"Candies, NESTLE, CHUNKY Bar",,,none,,
167587,"Candies, milk chocolate",,,none,,
167588,"Puddings, banana, dry mix, instant, prepared with 2% milk",,,none,,
167589,"Puddings, banana, dry mix, regular, prepared with 2% milk",,,none,,
167590,"Andrea's, Gluten Free Soft Dinner Roll",,,none,,
167591,"Crunchmaster, Multi-Grain Crisps, Snack Crackers, Gluten-Free",,,none,,
167592,"Glutino, Gluten Free Cookies, Chocolate Vanilla Creme",,,none,,
167593,"Glutino, Gluten Free Cookies, Vanilla Creme",,,none,,
167594,"Pepperidge Farm, Goldfish, Baked Snack Crackers, Original",,,none,,
167595,"Pepperidge Farm, Goldfish, Baked Snack Crackers, Parmesan",,,none,,
167596,"Pepperidge Farm, Goldfish, Baked Snack Crackers, Pizza",,,none,,
167597,"Rudi's, Gluten-Free Bakery, Original Sandwich Bread",,,none,,
167598,"Udi's, Gluten Free, Soft & Delicious White Sandwich Bread",,,none,,
167599,"Udi's, Gluten Free, Soft & Hearty Whole Grain Bread",,,none,,
167600,"Udi's, Gluten Free, Whole Grain Dinner Rolls",,,none,,
167601,"Van's, Gluten Free, Totally Original Pancakes",,,none,,
167602,"Seaweed, Canadian Cultivated EMI-TSUNOMATA, dry",http://purl.obolibrary.org/obo/FOODON_03304817,seaweed (dried),accepted,,
167603,"Seaweed, Canadian Cultivated EMI-TSUNOMATA, rehydrated",http://purl.obolibrary.org/obo/FOODON_03412266,seaweed,accepted,,
167604,"Potatoes, hash brown, refrigerated, unprepared",http://purl.obolibrary.org/obo/FOODON_03310607,potato hash brown,accepted,,
167605,"Potatoes, hash brown, refrigerated, prepared, pan-fried in canola oil",http://purl.obolibrary.org/obo/FOODON_03310607,potato hash brown,accepted,,
167606,"Sweet Potatoes, french fried, frozen as packaged, salt added in processing",http://purl.obolibrary.org/obo/FOODON_00003445,sweet potato,accepted,,
167607,"Moose, meat, raw (Alaska Native)",http://purl.obolibrary.org/obo/FOODON_02021407,piece of moose meat (raw),accepted,,
167608,"Mashu roots, raw (Alaska Native)",http://purl.obolibrary.org/obo/FOODON_00005183,mashu root (raw),accepted,,
167609,"Moose, liver, braised (Alaska Native)",http://purl.obolibrary.org/obo/FOODON_02022328,moose liver,accepted,,
167610,"Seal, bearded (Oogruk), meat, raw (Alaska Native)",http://purl.obolibrary.org/obo/FOODON_02022135,piece of bearded seal meat (raw),accepted,,
167611,"Oil, bearded seal (Oogruk) (Alaska Native)",http://purl.obolibrary.org/obo/FOODON_00005456,bearded seal oil,accepted,,
167612,"Oopah (tunicate), whole animal (Alaska Native)",http://purl.obolibrary.org/obo/FOODON_03414466,tunicate,flagged,The FoodOn name lacks the USDA food's main word (oopah).,review loop 2026-09-28
167613,"Owl, horned, flesh, raw (Alaska Native)",http://purl.obolibrary.org/obo/FOODON_02022501,piece of owl (raw),accepted,,
167614,"Fish, salmon, king, chinook, smoked and canned (Alaska Native)",http://purl.obolibrary.org/obo/FOODON_03304587,king salmon (kippered),accepted,,
167615,"Fish, salmon, king, chinook, smoked, brined (Alaska Native)",,,none,,
167616,"Fish, salmon, king, chinook, liver (Alaska Native)",,,none,,
167617,"Duck, scoter, white-winged, meat (Alaska Native)",http://purl.obolibrary.org/obo/FOODON_02022524,piece of white-winged scoter duck meat (raw),accepted,,
167618,"Sea cucumber, yane (Alaska Native)",,,none,,
167619,"Squirrel, ground, meat (Alaska Native)",http://purl.obolibrary.org/obo/FOODON_02022106,squirrel meat (ground),accepted,,
167620,"Tea, tundra, herb and laborador combination (Alaska Native)",,,none,,
167621,"Walrus, meat, dried (Alaska Native)",http://purl.obolibrary.org/obo/FOODON_02022143,piece of walrus meat,accepted,,
167622,"Deer (venison), sitka, raw (Alaska Native)",http://purl.obolibrary.org/obo/FOODON_02022164,piece of sitka deer meat (raw),flagged,"The FoodOn name lacks the USDA food's main word (venison). The FoodOn name is a whole animal, a plant or a catalog code, not a food (sitka deer carcass (raw)).",review loop 2026-09-28
167623,"Whale, bowhead, subcutaneous fat (blubber) (Alaska Native)",,,added,FoodOn names it through a safe un-inverted form,review loop 2026-09-28
167624,"Whale, bowhead, skin and subcutaneous fat (muktuk) (Alaska Native)",,,added,FoodOn names it through a safe un-inverted form,review loop 2026-09-28
167625,"Oil, whale, bowhead (Alaska Native)",http://purl.obolibrary.org/obo/FOODON_00005459,bowhead whale oil,accepted,,
167626,"Fish, whitefish, broad, liver (Alaska Native)",,,none,,
167627,"Mush, blue corn with ash (Navajo)",http://purl.obolibrary.org/obo/FOODON_00002513,blue corn mush (dish),accepted,,
167628,"Cornmeal, blue (Navajo)",http://purl.obolibrary.org/obo/FOODON_00002514,blue corn meal,accepted,,
167629,"Melon, banana (Navajo)",http://purl.obolibrary.org/obo/FOODON_00005197,melon banana,accepted,,
167630,Chilchen (Red Berry Beverage) (Navajo),http://purl.obolibrary.org/obo/FOODON_00005595,chilchen,flagged,The FoodOn name lacks the USDA food's main word (red).,review loop 2026-09-28
167631,"Corn, dried (Navajo)",http://purl.obolibrary.org/obo/FOODON_03310640,corn kernel (dried),flagged,The FoodOn name names a part the USDA name does not (kernel).,review loop 2026-09-28
167632,"Squash, Indian, cooked, boiled (Navajo)",,,flagged,USDA term is outside the edible branches,review loop 2026-09-28
167633,"Bread, kneel down (Navajo)",,,none,,
167634,"Mutton, cooked, roasted (Navajo)",http://purl.obolibrary.org/obo/FOODON_00002912,mutton,accepted,,
167635,"Frybread, made with lard (Navajo)",,,none,,
167636,Tamales (Navajo),,,none,,
167637,"Stew, steamed corn (Navajo)",http://purl.obolibrary.org/obo/FOODON_00005447,corn stew,accepted,,
167638,"Fish, halibut, raw, with skin (Alaska Native)",http://purl.obolibrary.org/obo/FOODON_03309085,halibut (raw),accepted,,
167639,"Fish, salmon, coho (silver), raw (Alaska Native)",http://purl.obolibrary.org/obo/FOODON_03308314,coho salmon (raw),accepted,,
167640,"Blueberries, wild, raw (Alaska Native)",http://purl.obolibrary.org/obo/FOODON_00004209,Alaska blueberry (raw),accepted,,
167641,"Oil, spotted seal (Alaska Native)",http://purl.obolibrary.org/obo/FOODON_00005457,spotted seal oil,accepted,,
167642,"Fish, salmon, red, canned, bones removed (Alaska Native)",,,none,,
167643,"Fish, whitefish, eggs (Alaska Native)",,,none,,
167644,"Caribou, rump meat, half dried (Alaska Native)",http://purl.obolibrary.org/obo/FOODON_00005425,reindeer rump,flagged,The FoodOn name lacks the USDA food's main word (caribou).,review loop 2026-09-28
167645,"Fish, salmon, red, (sockeye), canned, smoked (Alaska Native)",,,none,,
167646,"Fish, salmon, red, (sockeye), kippered (Alaska Native)",http://purl.obolibrary.org/obo/FOODON_02021851,piece of sockeye salmon,accepted,,
167647,"Fish, salmon, king, with skin, kippered, (Alaska Native)",,,none,,
167648,"Fish, sheefish, raw (Alaska Native)",,,none,,
167649,"Buffalo, free range, top round steak, raw (Shoshone Bannock)",http://purl.obolibrary.org/obo/FOODON_02000462,buffalo top round steak (raw),accepted,,
167650,"Seal, bearded (Oogruk), meat, partially dried (Alaska Native)",http://purl.obolibrary.org/obo/FOODON_02022134,piece of bearded seal meat,accepted,,
167651,"Buffalo, free range, top round steak, cooked (Shoshone Bannock)",http://purl.obolibrary.org/obo/FOODON_02000461,buffalo top round steak,accepted,,
167652,"Elk, free range, roast, eye of round, raw (Shoshone Bannock)",http://purl.obolibrary.org/obo/FOODON_02000400,elk eye of round roast (raw),accepted,,
167653,"Corn, dried, yellow (Northern Plains Indians)",http://purl.obolibrary.org/obo/FOODON_03310640,corn kernel (dried),flagged,Found by hand: dried field corn is not sweet corn.,review loop 2026-09-28
167654,"Smelt, dried (Alaska Native)",,,none,,
167655,"Frybread, made with lard (Apache)",,,none,,
167656,Corned beef and potatoes in tortilla (Apache),,,none,,
167657,"ON THE BORDER, soft taco with ground beef, cheese and lettuce",,,none,,
167658,"Restaurant, Mexican, soft taco with ground beef, cheese and lettuce",,,none,,
167659,"Restaurant, Latino, chicken and rice, entree, prepared",,,none,,
167660,"Restaurant, Latino, empanadas, beef, prepared",,,none,,
167661,"Restaurant, Latino, pupusas con frijoles (pupusas, bean)",,,none,,
167662,"Restaurant, Latino, pupusas con queso (pupusas, cheese)",,,none,,
167663,"Restaurant, Latino, pupusas del cerdo (pupusas, pork)",,,none,,
167664,"Restaurant, Latino, tamale, corn",,,none,,
167665,"Restaurant, Mexican, spanish rice",,,none,,
167666,"Restaurant, Mexican, refried beans",http://purl.obolibrary.org/obo/FOODON_03310088,refried beans (dish),flagged,The FoodOn name lacks the USDA food's main word (restaurant).,review loop 2026-09-28
167667,"Restaurant, Chinese, egg rolls, assorted",,,none,,
167668,"Restaurant, Chinese, fried rice, without meat",,,none,,
167669,"CRACKER BARREL, steak fries",,,none,,
167670,"CRACKER BARREL, grilled sirloin steak",http://purl.obolibrary.org/obo/FOODON_02000149,beef top sirloin steak,flagged,The FoodOn name lacks the USDA food's main word (grilled).,review loop 2026-09-28
167671,"CRACKER BARREL, macaroni n' cheese plate, from kid's menu",,,none,,
167672,"DENNY'S, french fries",http://purl.obolibrary.org/obo/FOODON_03301959,potato (french-fried),flagged,The FoodOn name lacks the USDA food's main word (fry).,review loop 2026-09-28
167673,"DENNY'S, top sirloin steak",http://purl.obolibrary.org/obo/FOODON_02000149,beef top sirloin steak,accepted,,
167674,"Restaurant, Chinese, lemon chicken",,,none,,
167675,"Restaurant, Chinese, general tso's chicken",,,none,,
167676,"Restaurant, Chinese, kung pao chicken",,,none,,
167677,"Restaurant, Chinese, vegetable lo mein, without meat",,,none,,
167678,"Restaurant, Chinese, chicken and vegetables",,,none,,
167679,"Restaurant, Chinese, orange chicken",,,none,,
167680,"Restaurant, Italian, spaghetti with meat sauce",,,none,,
167681,"Beverages, fruit-flavored drink, dry powdered mix, low calorie, with aspartame",,,none,,
167682,"Pectin, liquid",http://purl.obolibrary.org/obo/FOODON_03316189,pectin (liquid),flagged,USDA term is outside the edible branches,review loop 2026-09-28
167683,"Frozen novelties, ice cream type, vanilla ice cream, light, no sugar added, chocolate coated",,,none,,
167684,"Creamy dressing, made with sour cream and/or buttermilk and oil, reduced calorie",,,none,,
167685,"Bologna, beef and pork, low fat",,,none,,
167686,"Milk dessert, frozen, milk-fat free, chocolate",,,none,,
167687,"Whipped topping, frozen, low fat",,,none,,
167688,"Cream substitute, powdered, light",,,none,,
167689,"Candies, MARS SNACKFOOD US, M&M's Peanut Butter Chocolate Candies",,,none,,
167690,"Babyfood, apple yogurt dessert, strained",,,none,,
167691,"Vegetable oil-butter spread, reduced calorie",,,none,,
167692,"Salad dressing, blue or roquefort cheese dressing, light",,,none,,
167693,"Salad dressing, french dressing, reduced calorie",,,none,,
167694,"Sausage, turkey and pork, fresh, bulk, patty or link, cooked",,,none,,
167695,"Mayonnaise, made with tofu",,,none,,
167696,"Frankfurter, beef, low fat",http://purl.obolibrary.org/obo/FOODON_03310577,beef frankfurter,accepted,,
167697,"Milk, buttermilk, fluid, cultured, reduced fat",,,none,,
167698,"Pork sausage rice links, brown and serve, cooked",,,none,,
167699,"Salad dressing, blue or roquefort cheese dressing, fat-free",,,none,,
167700,"Salad Dressing, mayonnaise-like, fat-free",,,none,,
167701,"Candies, MARS SNACKFOOD US, MILKY WAY Midnight Bar",,,none,,
167702,"Oil, flaxseed, cold pressed",http://purl.obolibrary.org/obo/FOODON_00001088,flaxseed oil,accepted,,
167703,"Cheese, cottage, lowfat, 1% milkfat, lactose reduced",http://purl.obolibrary.org/obo/FOODON_03303720,cottage cheese (lowfat),added,FoodOn names it through a safe un-inverted form,review loop 2026-09-28
167704,"Salad dressing, bacon and tomato",,,none,,
167705,"Cheese, parmesan, low sodium",,,none,,
167706,"Jams, preserves, marmalade, reduced sugar",,,none,,
167707,"Beverages, fruit-flavored drink, powder, with high vitamin C with other added vitamins, low calorie",,,none,,
167708,"Tomato and vegetable juice, low sodium",,,none,,
167709,"Turkey, wing, smoked, cooked, with skin, bone removed",http://purl.obolibrary.org/obo/FOODON_02020553,piece of turkey wing (with skin),accepted,,
167710,"Turkey, drumstick, smoked, cooked, with skin, bone removed",http://purl.obolibrary.org/obo/FOODON_02020531,piece of turkey drumstick (with skin),accepted,,
167711,"Beverages, Chocolate-flavored drink, whey and milk based",,,none,,
167712,"Pork, cured, bacon, cooked, broiled, pan-fried or roasted, reduced sodium",http://purl.obolibrary.org/obo/FOODON_00004524,bacon (cooked),accepted,,
167713,"Turkey, light or dark meat, smoked, cooked, skin and bone removed",http://purl.obolibrary.org/obo/FOODON_02020567,piece of light turkey meat (skinless),accepted,,
167714,"Hearts of palm, raw",http://purl.obolibrary.org/obo/FOODON_00003141,heart of palm,accepted,,
167715,"Cereals ready-to-eat, POST, Shredded Wheat n' Bran, spoon-size",http://purl.obolibrary.org/obo/FOODON_03303943,shredded wheat breakfast cereal,flagged,"The FoodOn name lacks the USDA food's main word (ready, eat).",review loop 2026-09-28
167716,"Cheese, cottage, lowfat, 1% milkfat, with vegetables",http://purl.obolibrary.org/obo/FOODON_03303720,cottage cheese (lowfat),added,FoodOn names it through a safe un-inverted form,review loop 2026-09-28
167717,Yeast extract spread,,,none,,
167718,"Babyfood, juice, pear",http://purl.obolibrary.org/obo/FOODON_03301294,pear juice,accepted,,
167719,"Chicken, meatless, breaded, fried",,,none,,
167720,"Babyfood, meat, beef with vegetables, toddler",,,none,,
167721,"Frozen novelties, juice type, juice with cream",,,none,,
167722,Tofu yogurt,,,none,,
167723,"Alcoholic beverage, rice (sake)",,,none,,
167724,"Millet, puffed",,,flagged,The FoodOn name names a part the USDA name does not (seed).,review loop 2026-09-28
167725,"Cereals ready-to-eat, OAT BRAN FLAKES, HEALTH VALLEY",,,none,,
167726,"Babyfood, mixed fruit yogurt, strained",,,none,,
167727,"Beverages, ABBOTT, ENSURE PLUS, ready-to-drink",,,none,,
167728,"Babyfood, rice and apples, dry",,,none,,
167729,"Babyfood, juice, apple - cherry",,,none,,
167730,"Milk, imitation, non-soy",,,none,,
167731,"Babyfood, cereal, rice with pears and apple, dry, instant fortified",,,none,,
167732,"Babyfood, banana no tapioca, strained",http://purl.obolibrary.org/obo/FOODON_00005491,banana puree,flagged,The FoodOn name lacks the USDA food's main word (babyfood).,review loop 2026-09-28
167733,"Babyfood, banana apple dessert, strained",,,none,,
167734,"Breakfast bar, corn flake crust with fruit",,,none,,
167735,"Cheese, mozzarella, low sodium",http://purl.obolibrary.org/obo/FOODON_03303578,mozzarella cheese,added,FoodOn names it through a safe un-inverted form,review loop 2026-09-28
167736,"Mayonnaise dressing, no cholesterol",,,none,,
167737,"Oil, corn, peanut, and olive",,,added,FoodOn names it through a safe un-inverted form,review loop 2026-09-28
167738,"Pie fillings, blueberry, canned",,,none,,
167739,"Beverages, Cocktail mix, non-alcoholic, concentrated, frozen",,,none,,
167740,"Puddings, chocolate flavor, low calorie, regular, dry mix",,,none,,
167741,"Puddings, all flavors except chocolate, low calorie, regular, dry mix",,,none,,
167742,"Mollusks, scallop, (bay and sea), cooked, steamed",,,none,,
167743,"Syrup, Cane",http://purl.obolibrary.org/obo/FOODON_03301847,cane syrup,accepted,,
167744,"Mollusks, snail, raw",http://purl.obolibrary.org/obo/FOODON_03304515,snail (raw),accepted,,
167745,"Turtle, green, raw",http://purl.obolibrary.org/obo/FOODON_02021788,piece of green sea turtle (raw),accepted,,
167746,"Lemons, raw, without peel",http://purl.obolibrary.org/obo/FOODON_03301441,lemon (raw),accepted,,
167747,"Lemon juice, raw",http://purl.obolibrary.org/obo/FOODON_00005464,lemon juice (unpasteurized),accepted,,
167748,"Lemon juice from concentrate, canned or bottled",http://purl.obolibrary.org/obo/FOODON_03305747,lemon juice (reconstituted),flagged,USDA term shares no content word with the USDA name,review loop 2026-09-28
167749,"Lemon peel, raw",http://purl.obolibrary.org/obo/FOODON_00005229,lemon peel (raw),accepted,,
167750,"Prickly pears, raw",,,flagged,Found by hand: the prickly pear fruit is not the pad.,review loop 2026-09-28
167751,"Plums, dried (prunes), stewed, without added sugar",http://purl.obolibrary.org/obo/FOODON_00003537,prune,accepted,,
167752,"Plums, dried (prunes), stewed, with added sugar",http://purl.obolibrary.org/obo/FOODON_00003537,prune,accepted,,
167753,"Prune juice, canned",http://purl.obolibrary.org/obo/FOODON_03316789,prune juice (canned),accepted,,
167754,"Pummelo, raw",http://purl.obolibrary.org/obo/FOODON_00004241,pomelo fruit (raw),flagged,USDA term shares no content word with the USDA name,review loop 2026-09-28
167755,"Raspberries, raw",http://purl.obolibrary.org/obo/FOODON_03307119,raspberry (raw),accepted,,
167756,"Raspberries, canned, red, heavy syrup pack, solids and liquids",,,none,,
167757,"Raspberries, frozen, red, sweetened",,,none,,
167758,"Rhubarb, raw",http://purl.obolibrary.org/obo/FOODON_03309858,rhubarb stalk (raw),accepted,,
167759,"Sapodilla, raw",http://purl.obolibrary.org/obo/FOODON_00004251,sapodilla fruit (raw),accepted,,
167760,"Sapote, mamey, raw",http://purl.obolibrary.org/obo/FOODON_00005318,mamey sapote (raw),accepted,,
167761,"Soursop, raw",http://purl.obolibrary.org/obo/FOODON_03305318,soursop (raw),accepted,,
167762,"Strawberries, raw",http://purl.obolibrary.org/obo/FOODON_03301722,strawberry (raw),accepted,,
167763,"Tamarinds, raw",http://purl.obolibrary.org/obo/FOODON_03309932,tamarind pod (raw),accepted,,
167764,"Fruit salad, (pineapple and papaya and banana and guava), tropical, canned, heavy syrup, solids and liquids",,,none,,
167765,"Watermelon, raw",http://purl.obolibrary.org/obo/FOODON_03301040,watermelon (raw),accepted,,
167766,"Maraschino cherries, canned, drained",http://purl.obolibrary.org/obo/FOODON_03301256,maraschino cherry,accepted,,
167767,"Pineapple, canned, juice pack, drained",http://purl.obolibrary.org/obo/FOODON_03301003,pineapple (canned),accepted,,
167768,"Apricots, canned, heavy syrup, drained",http://purl.obolibrary.org/obo/FOODON_03301200,apricot (canned),accepted,,
167769,"Cherries, sour, canned, water pack, drained",http://purl.obolibrary.org/obo/FOODON_00003534,sour cherry,accepted,,
167770,"Cherries, sweet, canned, pitted, heavy syrup, drained",http://purl.obolibrary.org/obo/FOODON_00003413,sweet cherry,accepted,,
167771,"Apple juice, canned or bottled, unsweetened, with added ascorbic acid",http://purl.obolibrary.org/obo/FOODON_03310588,apple juice (canned),flagged,The FoodOn name adds a process the USDA name does not state (reconstituted).,review loop 2026-09-28
167772,"Applesauce, canned, unsweetened, with added ascorbic acid",http://purl.obolibrary.org/obo/FOODON_03307550,applesauce (canned),accepted,,
167773,"Applesauce, canned, sweetened, with salt",http://purl.obolibrary.org/obo/FOODON_03307550,applesauce (canned),accepted,,
167774,"Grapefruit juice, pink, raw",http://purl.obolibrary.org/obo/FOODON_00005468,pink grapefruit juice (unpasteurized),accepted,,
167775,"Apple juice, frozen concentrate, unsweetened, diluted with 3 volume water, with added ascorbic acid",http://purl.obolibrary.org/obo/FOODON_00001059,apple juice,accepted,,
167776,"Pears, raw, bartlett (Includes foods for USDA's Food Distribution Program)",http://purl.obolibrary.org/obo/FOODON_00002843,Williams pear (raw),accepted,,
167777,"Pears, raw, red anjou",http://purl.obolibrary.org/obo/FOODON_00004232,red anjou pear (raw),accepted,,
167778,"Pears, raw, bosc (Includes foods for USDA's Food Distribution Program)",http://purl.obolibrary.org/obo/FOODON_00002509,Bosc pear (raw),accepted,,
167779,"Pears, raw, green anjou (Includes foods for USDA's Food Distribution Program)",http://purl.obolibrary.org/obo/FOODON_00004233,green anjou pear (raw),accepted,,
167780,Prune puree,http://purl.obolibrary.org/obo/FOODON_00005489,prune puree,accepted,,
167781,Candied fruit,,,none,,
167782,"Abiyuch, raw",http://purl.obolibrary.org/obo/FOODON_00003070,sacred pear (raw),flagged,USDA term shares no content word with the USDA name,review loop 2026-09-28
167783,"Rowal, raw",http://purl.obolibrary.org/obo/FOODON_00004247,rowal fruit (raw),accepted,,
167784,"Guava nectar, canned, with added ascorbic acid",http://purl.obolibrary.org/obo/FOODON_03310682,guava nectar,accepted,,
167785,"Mango nectar, canned",http://purl.obolibrary.org/obo/FOODON_03304361,mango nectar,accepted,,
167786,"Tamarind nectar, canned",http://purl.obolibrary.org/obo/FOODON_00005473,tamarind nectar,accepted,,
167787,"Pomegranate juice, bottled",http://purl.obolibrary.org/obo/FOODON_00005441,pomegranate juice,accepted,,
167788,"Nance, canned, syrup, drained",http://purl.obolibrary.org/obo/FOODON_00005356,nance,accepted,,
167789,"Nance, frozen, unsweetened",http://purl.obolibrary.org/obo/FOODON_00005356,nance,accepted,,
167790,"Naranjilla (lulo) pulp, frozen, unsweetened",http://purl.obolibrary.org/obo/FOODON_00004806,naranjilla pulp,flagged,The FoodOn name lacks the USDA food's main word (lulo).,review loop 2026-09-28
167791,Horned melon (Kiwano),http://purl.obolibrary.org/obo/FOODON_00003658,horned melon,flagged,The FoodOn name lacks the USDA food's main word (kiwano).,review loop 2026-09-28
167792,Orange Pineapple Juice Blend,,,none,,
167793,"Apples, raw, fuji, with skin (Includes foods for USDA's Food Distribution Program)",http://purl.obolibrary.org/obo/FOODON_00004205,Fuji apple (raw),accepted,,
167794,"Orange juice, chilled, includes from concentrate, with added calcium and vitamins A, D, E",http://purl.obolibrary.org/obo/FOODON_03305983,reconstituted orange juice (chilled),accepted,,
167795,"Fruit juice smoothie, NAKED JUICE, MIGHTY MANGO",,,none,,
167796,"Fruit juice smoothie, NAKED JUICE, GREEN MACHINE",,,none,,
167797,"Fruit juice smoothie, BOLTHOUSE FARMS, BERRY BOOST",,,none,,
167798,"Fruit juice smoothie, BOLTHOUSE FARMS, GREEN GOODNESS",,,none,,
167799,"Fruit juice smoothie, BOLTHOUSE FARMS, strawberry banana",,,none,,
167800,"Apple juice, canned or bottled, unsweetened, with added ascorbic acid, calcium, and potassium",http://purl.obolibrary.org/obo/FOODON_03310588,apple juice (canned),accepted,,
167801,"Lemon juice from concentrate, bottled, CONCORD",http://purl.obolibrary.org/obo/FOODON_03305747,lemon juice (reconstituted),flagged,The FoodOn name lacks the USDA food's main word (concentrate).,review loop 2026-09-28
167802,"Lemon juice from concentrate, bottled, REAL LEMON",http://purl.obolibrary.org/obo/FOODON_03305747,lemon juice (reconstituted),flagged,The FoodOn name lacks the USDA food's main word (concentrate).,review loop 2026-09-28
167803,"Cranberry sauce, whole, canned, OCEAN SPRAY",,,none,,
167804,"Cranberry sauce, jellied, canned, OCEAN SPRAY",,,none,,
167805,"Ruby Red grapefruit juice blend (grapefruit, grape, apple), OCEAN SPRAY, bottled, with added vitamin C",,,none,,
167806,Baobab powder,http://purl.obolibrary.org/obo/FOODON_00005549,baobab powder,accepted,,
167807,"Cherry juice, tart",http://purl.obolibrary.org/obo/FOODON_00005550,tart cherry juice,accepted,,
167808,"Raspberries, puree, seedless",http://purl.obolibrary.org/obo/FOODON_00005552,raspberry puree,accepted,,
167809,"Raspberries, puree, with seeds",http://purl.obolibrary.org/obo/FOODON_00005552,raspberry puree,accepted,,
167810,"Pork, fresh, composite of trimmed leg, loin, shoulder, and spareribs, (includes cuts to be cured), separable lean and fat, raw",http://purl.obolibrary.org/obo/FOODON_02021756,pork retail cut (raw),accepted,,
167811,"Pork, fresh, backfat, raw",http://purl.obolibrary.org/obo/FOODON_00005413,pork backfat (raw),accepted,,
167812,"Pork, fresh, belly, raw",http://purl.obolibrary.org/obo/FOODON_02000282,pork belly (raw),accepted,,
167813,"Pork, fresh, separable fat, raw",http://purl.obolibrary.org/obo/FOODON_02022332,pork fat (raw),accepted,,
167814,"Pork, fresh, leg (ham), rump half, separable lean and fat, raw",http://purl.obolibrary.org/obo/FOODON_02000285,pork leg sirloin half,accepted,,
167815,"Pork, fresh, leg (ham), rump half, separable lean and fat, cooked, roasted",http://purl.obolibrary.org/obo/FOODON_02000285,pork leg sirloin half,accepted,,
167816,"Pork, fresh, leg (ham), rump half, separable lean only, raw (Includes foods for USDA's Food Distribution Program)",http://purl.obolibrary.org/obo/FOODON_02000286,pork leg sirloin half (raw),accepted,,
167817,"Pork, fresh, leg (ham), rump half, separable lean only, cooked, roasted",http://purl.obolibrary.org/obo/FOODON_02000285,pork leg sirloin half,accepted,,
167818,"Pork, fresh, loin, whole, separable lean and fat, raw",http://purl.obolibrary.org/obo/FOODON_02000289,pork loin (raw),accepted,,
167819,"Pork, fresh, loin, whole, separable lean and fat, cooked, braised",http://purl.obolibrary.org/obo/FOODON_00002570,pork loin,accepted,,
167820,"Pork, fresh, loin, whole, separable lean and fat, cooked, broiled",http://purl.obolibrary.org/obo/FOODON_00002570,pork loin,accepted,,
167821,"Pork, fresh, loin, whole, separable lean and fat, cooked, roasted",http://purl.obolibrary.org/obo/FOODON_00002570,pork loin,accepted,,
167822,"Pork, fresh, loin, blade (chops or roasts), bone-in, separable lean and fat, raw",http://purl.obolibrary.org/obo/FOODON_02000291,pork loin blade chop (raw),accepted,,
167823,"Pork, fresh, loin, blade (chops), bone-in, separable lean and fat, cooked, braised",http://purl.obolibrary.org/obo/FOODON_02000290,pork loin blade chop,accepted,,
167824,"Pork, fresh, loin, blade (chops), bone-in, separable lean and fat, cooked, broiled",http://purl.obolibrary.org/obo/FOODON_02000290,pork loin blade chop,accepted,,
167825,"Pork, fresh, loin, blade (roasts), bone-in, separable lean and fat, cooked, roasted",http://purl.obolibrary.org/obo/FOODON_02000292,pork loin blade roast,accepted,,
167826,"Pork, fresh, loin, center loin (chops), bone-in, separable lean and fat, cooked, braised",http://purl.obolibrary.org/obo/FOODON_02000294,porterhouse chop,accepted,,
167827,"Pork, fresh, loin, center loin (chops), bone-in, separable lean and fat, cooked, broiled",http://purl.obolibrary.org/obo/FOODON_02000294,porterhouse chop,accepted,,
167828,"Pork, fresh, loin, center loin (roasts), bone-in, separable lean and fat, cooked, roasted",http://purl.obolibrary.org/obo/FOODON_00005406,pork loin center roast,accepted,,
167829,"Pork, fresh, loin, center loin (chops), bone-in, separable lean only, raw",http://purl.obolibrary.org/obo/FOODON_02000295,porterhouse chop (raw),accepted,,
167830,"Pork, fresh, loin, center rib (chops), bone-in, separable lean and fat, cooked, braised",http://purl.obolibrary.org/obo/FOODON_02000296,ribeye chop,accepted,,
167831,"Pork, fresh, loin, center rib (chops), bone-in, separable lean and fat, cooked, broiled",http://purl.obolibrary.org/obo/FOODON_02000296,ribeye chop,accepted,,
167832,"Pork, fresh, loin, center rib (roasts), bone-in, separable lean and fat, cooked, roasted",http://purl.obolibrary.org/obo/FOODON_02000298,ribeye roast,accepted,,
167833,"Pork, fresh, loin, center rib (chops or roasts), bone-in, separable lean only, raw",http://purl.obolibrary.org/obo/FOODON_02000296,ribeye chop,accepted,,
167834,"Pork, fresh, loin, sirloin (chops), bone-in, separable lean and fat, cooked, braised",http://purl.obolibrary.org/obo/FOODON_02000300,pork sirloin chop,accepted,,
167835,"Pork, fresh, loin, sirloin (chops), bone-in, separable lean and fat, cooked, broiled",http://purl.obolibrary.org/obo/FOODON_02000300,pork sirloin chop,accepted,,
167836,"Pork, fresh, loin, sirloin (roasts), bone-in, separable lean and fat, cooked, roasted",http://purl.obolibrary.org/obo/FOODON_02000304,pork sirloin roast,accepted,,
167837,"Pork, fresh, loin, sirloin (chops or roasts), bone-in, separable lean only, raw",http://purl.obolibrary.org/obo/FOODON_02000301,pork sirloin chop (raw),accepted,,
167838,"Pork, fresh, loin, sirloin (chops), bone-in, separable lean only, cooked, braised",http://purl.obolibrary.org/obo/FOODON_02000300,pork sirloin chop,accepted,,
167839,"Pork, fresh, loin, top loin (chops), boneless, separable lean and fat, raw",http://purl.obolibrary.org/obo/FOODON_02000308,"New York chop (boneless, raw)",accepted,,
167840,"Pork, fresh, loin, top loin (chops), boneless, separable lean and fat, cooked, braised",http://purl.obolibrary.org/obo/FOODON_02000307,New York chop (boneless),accepted,,
167841,"Pork, fresh, loin, top loin (chops), boneless, separable lean and fat, cooked, broiled",http://purl.obolibrary.org/obo/FOODON_02000307,New York chop (boneless),accepted,,
167842,"Pork, fresh, loin, top loin (roasts), boneless, separable lean and fat, cooked, roasted",http://purl.obolibrary.org/obo/FOODON_02000309,New York roast (boneless),accepted,,
167843,"Pork, fresh, shoulder, whole, separable lean and fat, raw",http://purl.obolibrary.org/obo/FOODON_03311007,pork shoulder (raw),accepted,,
167844,"Pork, fresh, shoulder, whole, separable lean and fat, cooked, roasted",http://purl.obolibrary.org/obo/FOODON_02000322,pork shoulder,accepted,,
167845,"Pork, fresh, shoulder, whole, separable lean only, raw",http://purl.obolibrary.org/obo/FOODON_03311007,pork shoulder (raw),accepted,,
167846,"Pork, fresh, shoulder, whole, separable lean only, cooked, roasted",http://purl.obolibrary.org/obo/FOODON_02000322,pork shoulder,accepted,,
167847,"Pork, fresh, shoulder, arm picnic, separable lean only, cooked, braised",http://purl.obolibrary.org/obo/FOODON_02000324,pork picnic,accepted,,
167848,"Pork, fresh, shoulder, arm picnic, separable lean only, cooked, roasted",http://purl.obolibrary.org/obo/FOODON_02000326,pork arm roast,accepted,,
167849,"Pork, fresh, shoulder, (Boston butt), blade (steaks), separable lean and fat, raw",http://purl.obolibrary.org/obo/FOODON_02000331,pork butt steak (raw),accepted,,
167850,"Pork, fresh, shoulder, (Boston butt), blade (steaks), separable lean and fat, cooked, braised",http://purl.obolibrary.org/obo/FOODON_02000330,pork butt steak,flagged,The FoodOn name says the opposite of the USDA name (raw).,review loop 2026-09-28
167851,"Pork, fresh, shoulder, blade, boston (steaks), separable lean and fat, cooked, broiled",http://purl.obolibrary.org/obo/FOODON_02000330,pork butt steak,flagged,The FoodOn name says the opposite of the USDA name (raw).,review loop 2026-09-28
167852,"Pork, fresh, shoulder, blade, boston (roasts), separable lean only, cooked, roasted",http://purl.obolibrary.org/obo/FOODON_00005411,pork blade roast,accepted,,
167853,"Pork, fresh, spareribs, separable lean and fat, raw",http://purl.obolibrary.org/obo/FOODON_02000321,pork spareribs (raw),accepted,,
167854,"Pork, fresh, spareribs, separable lean and fat, cooked, braised",http://purl.obolibrary.org/obo/FOODON_02000320,pork spareribs,accepted,,
167855,"Pork, fresh, composite of trimmed retail cuts (leg, loin, and shoulder), separable lean only, cooked",,,none,,
167856,"Pork, fresh, variety meats and by-products, chitterlings, cooked, simmered",http://purl.obolibrary.org/obo/FOODON_02021674,pork small intestine,accepted,,
167857,"Pork, fresh, variety meats and by-products, ears, frozen, raw",http://purl.obolibrary.org/obo/FOODON_02021685,pork ear (raw),accepted,,
167858,"Pork, fresh, variety meats and by-products, ears, frozen, cooked, simmered",http://purl.obolibrary.org/obo/FOODON_00003845,pork ear,accepted,,
167859,"Pork, fresh, variety meats and by-products, feet, raw",http://purl.obolibrary.org/obo/FOODON_00004558,pig foot (raw),flagged,USDA term shares no content word with the USDA name,review loop 2026-09-28
167860,"Pork, fresh, variety meats and by-products, kidneys, cooked, braised",http://purl.obolibrary.org/obo/FOODON_02021666,pork kidney,accepted,,
167861,"Pork, fresh, variety meats and by-products, leaf fat, raw",http://purl.obolibrary.org/obo/FOODON_02000343,leaf lard (raw),accepted,,
167862,"Pork, fresh, variety meats and by-products, liver, raw",http://purl.obolibrary.org/obo/FOODON_03301178,pork liver (raw),accepted,,
167863,"Pork, fresh, variety meats and by-products, liver, cooked, braised",http://purl.obolibrary.org/obo/FOODON_02021667,pork liver,accepted,,
167864,"Pork, fresh, variety meats and by-products, lungs, raw",http://purl.obolibrary.org/obo/FOODON_02021680,pork lung (raw),accepted,,
167865,"Pork, fresh, variety meats and by-products, spleen, raw",http://purl.obolibrary.org/obo/FOODON_02021679,pork spleen (raw),accepted,,
167866,"Pork, fresh, variety meats and by-products, spleen, cooked, braised",http://purl.obolibrary.org/obo/FOODON_02021668,pork spleen,accepted,,
167867,"Pork, fresh, variety meats and by-products, stomach, raw",http://purl.obolibrary.org/obo/FOODON_02021684,pork stomach (raw),accepted,,
167868,"Pork, fresh, loin, blade (chops), bone-in, separable lean only, cooked, pan-fried",http://purl.obolibrary.org/obo/FOODON_02000290,pork loin blade chop,accepted,,
167869,"Canadian bacon, unprepared",http://purl.obolibrary.org/obo/FOODON_00003149,Canadian bacon,accepted,,
167870,"Pork, cured, feet, pickled",http://purl.obolibrary.org/obo/FOODON_00004557,pig foot,flagged,USDA term shares no content word with the USDA name,review loop 2026-09-28
167871,"Pork, cured, ham, boneless, extra lean (approximately 5% fat), roasted",http://purl.obolibrary.org/obo/FOODON_03301114,ham (cured),accepted,,
167872,"Pork, cured, ham, boneless, regular (approximately 11% fat), roasted",http://purl.obolibrary.org/obo/FOODON_03301114,ham (cured),accepted,,
167873,"Pork, cured, ham, patties, unheated",http://purl.obolibrary.org/obo/FOODON_00005592,ham patty,accepted,,
167874,"Pork, cured, ham, steak, boneless, extra lean, unheated",http://purl.obolibrary.org/obo/FOODON_00005593,ham steak,accepted,,
167875,"Pork, cured, ham, whole, separable lean and fat, unheated",http://purl.obolibrary.org/obo/FOODON_03301114,ham (cured),accepted,,
167876,"Pork, cured, ham, whole, separable lean only, unheated",http://purl.obolibrary.org/obo/FOODON_03301114,ham (cured),accepted,,
167877,"Pork, cured, separable fat (from ham and arm picnic), unheated",http://purl.obolibrary.org/obo/FOODON_03301114,ham (cured),accepted,,
167878,"Pork, cured, separable fat (from ham and arm picnic), roasted",http://purl.obolibrary.org/obo/FOODON_03301114,ham (cured),accepted,,
167879,"Pork, cured, shoulder, arm picnic, separable lean and fat, roasted",http://purl.obolibrary.org/obo/FOODON_02000326,pork arm roast,accepted,,
167880,"Pork, cured, shoulder, arm picnic, separable lean only, roasted",http://purl.obolibrary.org/obo/FOODON_02000326,pork arm roast,accepted,,
167881,"Pork, fresh, variety meats and by-products, tail, cooked, simmered",http://purl.obolibrary.org/obo/FOODON_02021711,pork tail,accepted,,
167882,"Pork, fresh, loin, center loin (chops), bone-in, separable lean only, cooked, pan-fried",http://purl.obolibrary.org/obo/FOODON_02000294,porterhouse chop,accepted,,
167883,"Pork, fresh, loin, center rib (chops), bone-in, separable lean only, cooked, pan-fried",http://purl.obolibrary.org/obo/FOODON_02000296,ribeye chop,accepted,,
167884,"Pork, fresh, loin, blade (chops), bone-in, separable lean and fat, cooked, pan-fried",http://purl.obolibrary.org/obo/FOODON_02000290,pork loin blade chop,accepted,,
167885,"Pork, cured, ham, extra lean and regular, canned, unheated",http://purl.obolibrary.org/obo/FOODON_03301114,ham (cured),accepted,,
167886,"Pork, cured, ham, extra lean and regular, canned, roasted",http://purl.obolibrary.org/obo/FOODON_03301114,ham (cured),accepted,,
167887,"Pork, fresh, loin, top loin (chops), boneless, separable lean and fat, cooked, pan-fried",http://purl.obolibrary.org/obo/FOODON_02000307,New York chop (boneless),flagged,The FoodOn name says the opposite of the USDA name (raw).,review loop 2026-09-28
167888,"Pork, fresh, composite of trimmed retail cuts (leg, loin, shoulder, and spareribs), separable lean and fat, raw",,,none,,
167889,"Pork, fresh, loin, center rib (chops or roasts), boneless, separable lean and fat, raw",http://purl.obolibrary.org/obo/FOODON_02000297,ribeye chop (raw),accepted,,
167890,"Pork, fresh, loin, center rib (chops), boneless, separable lean and fat, cooked, braised",http://purl.obolibrary.org/obo/FOODON_02000296,ribeye chop,accepted,,
167891,"Pork, fresh, loin, center rib (chops), boneless, separable lean and fat, cooked, broiled",http://purl.obolibrary.org/obo/FOODON_02000296,ribeye chop,accepted,,
167892,"Pork, fresh, loin, center rib (chops), boneless, separable lean and fat, cooked, pan-fried",http://purl.obolibrary.org/obo/FOODON_02000296,ribeye chop,accepted,,
167893,"Pork, fresh, loin, center rib (chops), boneless, separable lean only, cooked, pan-fried",http://purl.obolibrary.org/obo/FOODON_02000296,ribeye chop,accepted,,
167894,"Pork, fresh, loin, center rib (roasts), boneless, separable lean only, cooked, roasted",http://purl.obolibrary.org/obo/FOODON_02000298,ribeye roast,accepted,,
167895,"Pork, fresh, loin, country-style ribs, separable lean and fat, raw",http://purl.obolibrary.org/obo/FOODON_02000312,pork loin country-style ribs (raw),accepted,,
167896,"Pork, fresh, loin, country-style ribs, separable lean and fat, cooked, braised",http://purl.obolibrary.org/obo/FOODON_02000311,pork loin country-style ribs,accepted,,
167897,"Pork, fresh, loin, country-style ribs, separable lean and fat, bone-in, cooked, roasted",http://purl.obolibrary.org/obo/FOODON_02000311,pork loin country-style ribs,accepted,,
167898,"Pork, fresh, loin, sirloin (chops), boneless, separable lean and fat, cooked, braised",http://purl.obolibrary.org/obo/FOODON_02000302,pork sirloin chop (boneless),accepted,,
167899,"Pork, fresh, loin, sirloin (chops), boneless, separable lean and fat, cooked, broiled",http://purl.obolibrary.org/obo/FOODON_02000302,pork sirloin chop (boneless),accepted,,
167900,"Pork, fresh, loin, sirloin (roasts), boneless, separable lean and fat, cooked, roasted",http://purl.obolibrary.org/obo/FOODON_02000304,pork sirloin roast,accepted,,
167901,"Pork, fresh, loin, sirloin (chops or roasts), boneless, separable lean only, raw",http://purl.obolibrary.org/obo/FOODON_02000303,"pork sirloin chop (boneless, raw)",accepted,,
167902,"Pork, fresh, ground, raw",http://purl.obolibrary.org/obo/FOODON_02021719,"pork meat (ground, raw)",accepted,,
167903,"Pork, fresh, ground, cooked",http://purl.obolibrary.org/obo/FOODON_02021718,pork meat (ground),accepted,,
167904,"Pork, fresh, loin, tenderloin, separable lean and fat, cooked, broiled",http://purl.obolibrary.org/obo/FOODON_02000306,pork tenderloin,accepted,,
167905,"Pork, fresh, loin, tenderloin, separable lean and fat, cooked, roasted",http://purl.obolibrary.org/obo/FOODON_02000306,pork tenderloin,accepted,,
167906,"Pork, fresh, composite of trimmed retail cuts (loin and shoulder blade), separable lean and fat, cooked",http://purl.obolibrary.org/obo/FOODON_00004488,pork retail cut,accepted,,
167907,"Pork, fresh, composite of trimmed retail cuts (loin and shoulder blade), separable lean only, raw",http://purl.obolibrary.org/obo/FOODON_02021756,pork retail cut (raw),accepted,,
167908,"Pork, fresh, composite of trimmed retail cuts (loin and shoulder blade), separable lean only, cooked",http://purl.obolibrary.org/obo/FOODON_00004488,pork retail cut,accepted,,
167909,"HORMEL, Cure 81 Ham",http://purl.obolibrary.org/obo/FOODON_03301114,ham (cured),flagged,"The FoodOn name lacks the USDA food's main word (cure, 81). The FoodOn name adds a process the USDA name does not state (cured).",review loop 2026-09-28
167910,"HORMEL ALWAYS TENDER, Pork Tenderloin, Teriyaki-Flavored",,,none,,
167911,HORMEL Canadian Style Bacon,http://purl.obolibrary.org/obo/FOODON_00003149,Canadian bacon,accepted,,
167912,"Pork, fresh, loin, top loin (chops), boneless, separable lean only, with added solution, cooked, pan-broiled",,,none,,
167913,"Pork, fresh, loin, top loin (chops), boneless, separable lean and fat, with added solution, cooked, pan-broiled",,,none,,
167914,"Pork, cured, bacon, cooked, baked",http://purl.obolibrary.org/obo/FOODON_00004524,bacon (cooked),accepted,,
167915,"Pork, cured, ham -- water added, rump, bone-in, separable lean only, heated, roasted",http://purl.obolibrary.org/obo/FOODON_03301114,ham (cured),accepted,,
167916,"Pork, cured, ham -- water added, rump, bone-in, separable lean only, unheated",http://purl.obolibrary.org/obo/FOODON_03301114,ham (cured),accepted,,
167917,"Pork, cured, ham -- water added, shank, bone-in, separable lean only, heated, roasted",http://purl.obolibrary.org/obo/FOODON_03301114,ham (cured),accepted,,
167918,"Pork, cured, ham -- water added, slice, bone-in, separable lean only, heated, pan-broil",http://purl.obolibrary.org/obo/FOODON_03301114,ham (cured),accepted,,
167919,"Pork, cured, ham with natural juices, rump, bone-in, separable lean only, heated, roasted",http://purl.obolibrary.org/obo/FOODON_03301114,ham (cured),accepted,,
167920,"Pork, cured, ham with natural juices, shank, bone-in, separable lean only, heated, roasted",http://purl.obolibrary.org/obo/FOODON_03301114,ham (cured),accepted,,
167921,"Pillsbury Grands, Buttermilk Biscuits, refrigerated dough",,,none,,
167922,"Heinz, Weight Watcher, Chocolate Eclair, frozen",,,none,,
167923,"Interstate Brands Corp, Wonder Hamburger Rolls",,,none,,
167924,"Nabisco, Nabisco Snackwell's Fat Free Devil's Food Cookie Cakes",,,none,,
167925,"Crackers, cheese, sandwich-type with cheese filling",,,none,,
167926,"Pancakes, plain, frozen, ready-to-heat, microwave (includes buttermilk)",,,none,,
167927,"Toaster Pastries, fruit, frosted (include apples, blueberry, cherry, strawberry)",,,none,,
167928,"Toaster pastries, fruit, toasted (include apple, blueberry, cherry, strawberry)",,,none,,
167929,"Muffin, blueberry, commercially prepared, low-fat",,,none,,
167930,"Pie crust, refrigerated, regular, baked",,,none,,
167931,"Pie crust, deep dish, frozen, baked, made with enriched flour",,,none,,
167932,"Pie crust, refrigerated, regular, unbaked",,,none,,
167933,"Crackers, whole-wheat, reduced fat",,,none,,
167934,"Crackers, wheat, reduced fat",,,none,,
167935,"Bread, pan dulce, sweet yeast bread",,,none,,
167936,"Keikitos (muffins), Latino bakery item",,,none,,
167937,"Cake, pound, Bimbo Bakeries USA, Panque Casero, home baked style",http://purl.obolibrary.org/obo/FOODON_03302767,pound cake,added,FoodOn names it through a safe un-inverted form,review loop 2026-09-28
167938,"Pan Dulce, La Ricura, Salpora de Arroz con Azucar, cookie-like, contains wheat flour and rice flour",,,none,,
167939,"Garlic bread, frozen",http://purl.obolibrary.org/obo/FOODON_03302451,garlic bread (frozen),added,FoodOn names it through a safe un-inverted form,review loop 2026-09-28
167940,"Cinnamon buns, frosted (includes honey buns)",,,none,,
167941,"Crackers, cheese, reduced fat",,,none,,
167942,"Crackers, saltines, whole wheat (includes multi-grain)",,,none,,
167943,"Bread, potato",http://purl.obolibrary.org/obo/FOODON_03302199,potato bread,added,FoodOn names it through a safe un-inverted form,review loop 2026-09-28
167944,"Bread, cheese",http://purl.obolibrary.org/obo/FOODON_03302457,cheese bread,added,FoodOn names it through a safe un-inverted form,review loop 2026-09-28
167945,"Focaccia, Italian flatbread, plain",,,none,,
167946,"SCHIFF,TIGER'S MILK BAR",,,none,,
167947,"Candies, TOBLERONE, milk chocolate with honey and almond nougat",,,none,,
167948,"Snacks, corn-based, extruded, onion-flavor",,,none,,
167949,"Snacks, corn-based, extruded, puffs or twists, cheese-flavor",,,none,,
167950,"Snacks, KRAFT, CORNNUTS, plain",http://purl.obolibrary.org/obo/FOODON_00002845,corn nut,flagged,USDA term shares no content word with the USDA name,review loop 2026-09-28
167951,"Snacks, crisped rice bar, chocolate chip",,,none,,
167952,"Snacks, granola bars, hard, chocolate chip",,,none,,
167953,Fruit syrup,http://purl.obolibrary.org/obo/FOODON_03304333,fruit syrup,added,FoodOn names it through a safe un-inverted form,review loop 2026-09-28
167954,"Snacks, granola bars, soft, uncoated, plain",,,none,,
167955,"Snacks, granola bars, soft, uncoated, peanut butter",,,none,,
167956,"Topping, SMUCKER'S MAGIC SHELL",,,none,,
167957,"Syrup, fruit flavored",http://purl.obolibrary.org/obo/FOODON_03311362,fruit-flavored syrup,added,FoodOn names it through a safe un-inverted form,review loop 2026-09-28
167958,"Snacks, oriental mix, rice-based",,,none,,
167959,"Snacks, popcorn, air-popped",http://purl.obolibrary.org/obo/FOODON_00005504,popcorn (air-popped),accepted,,
167960,"Snacks, popcorn, cheese-flavor",,,none,,
167961,"Snacks, pork skins, plain",http://purl.obolibrary.org/obo/FOODON_02022335,piece(s) of pork skin,accepted,,
167962,"Snacks, potato chips, barbecue-flavor",,,none,,
167963,"Snacks, potato chips, sour-cream-and-onion-flavor",,,none,,
167964,"Snacks, M&M MARS, COMBOS Snacks Cheddar Cheese Pretzel",,,none,,
167965,"Snacks, pretzels, hard, whole-wheat including both salted and unsalted",,,none,,
167966,"Snacks, rice cracker brown rice, plain",,,none,,
167967,"Snacks, rice cakes, brown rice, buckwheat",,,none,,
167968,"Snacks, trail mix, tropical",,,none,,
167969,"Snacks, trail mix, regular, with chocolate chips, salted nuts and seeds",,,none,,
167970,"Snacks, tortilla chips, taco-flavor",,,none,,
167971,"Candies, TOOTSIE ROLL, chocolate-flavor roll",,,none,,
167972,"Candies, butterscotch",,,none,,
167973,"Candies, carob, unsweetened",,,none,,
167974,"Candies, caramels",,,none,,
167975,"Candies, CARAMELLO Candy Bar",,,none,,
167976,"Candies, semisweet chocolate",,,none,,
167977,"Candies, sweet chocolate",,,none,,
167978,"Candies, sweet chocolate coated fondant",,,none,,
167979,"Candies, HERSHEY'S GOLDEN ALMOND SOLITAIRES",,,none,,
167980,"Candies, confectioner's coating, butterscotch",,,none,,
167981,"Ice creams, french vanilla, soft-serve",,,none,,
167982,"Candies, YORK Peppermint Pattie",,,none,,
167983,"Candies, TWIZZLERS NIBS CHERRY BITS",,,none,,
167984,"Candies, SYMPHONY Milk Chocolate Bar",,,none,,
167985,"Candies, 5TH AVENUE Candy Bar",,,none,,
167986,"Candies, fondant, prepared-from-recipe",,,none,,
167987,"Candies, fudge, chocolate, prepared-from-recipe",,,none,,
167988,"Candies, fudge, chocolate, with nuts, prepared-from-recipe",,,none,,
167989,"Candies, gumdrops, starch jelly pieces",,,none,,
167990,"Candies, hard",,,none,,
167991,"Candies, jellybeans",,,none,,
167992,"Candies, KIT KAT Wafer Bar",,,none,,
167993,"Candies, KRACKEL Chocolate Bar",,,none,,
167994,"Candies, MARS SNACKFOOD US, MARS Almond Bar",,,none,,
167995,"Candies, marshmallows",,,none,,
167996,"Candies, halavah, plain",,,none,,
167997,"Candies, NESTLE, OH HENRY! Bar",,,none,,
167998,"Puddings, chocolate, dry mix, instant, prepared with 2% milk",,,none,,
167999,"Baking chocolate, mexican, squares",,,none,,
168000,Chocolate-flavored hazelnut spread,,,none,,
168001,"Candies, milk chocolate coated peanuts",,,none,,
168002,"Glutino, Gluten Free Wafers, Lemon Flavored",,,none,,
168003,"Glutino, Gluten Free Wafers, Milk Chocolate",,,none,,
168004,"Mary's Gone Crackers, Original Crackers, Organic Gluten Free",,,none,,
168005,"Pepperidge Farm, Goldfish, Baked Snack Crackers, Cheddar",,,none,,
168006,"Pepperidge Farm, Goldfish, Baked Snack Crackers, Explosive Pizza",,,none,,
168007,"Sage Valley, Gluten Free Vanilla Sandwich Cookies",,,none,,
168008,"Schar, Gluten-Free, Classic White Rolls",,,none,,
168009,"Schar, Gluten-Free, Wheat-Free, Classic White Bread",,,none,,
168010,"Udi's, Gluten Free, Classic French Dinner Rolls",,,none,,
168011,"Van's, Gluten Free, Totally Original Waffles",,,none,,
168012,"Van's, The Perfect 10, Crispy Six Whole Grain + Four Seed Baked Crackers, Gluten Free",,,none,,
168013,"Bread, multi-grain (includes whole-grain)",,,none,,
168014,"Cookies, animal crackers (includes arrowroot, tea biscuits)",,,none,,
168015,"Sweet Potatoes, french fried, crosscut, frozen, unprepared",http://purl.obolibrary.org/obo/FOODON_00003445,sweet potato,accepted,,
168016,"Sweet Potato puffs, frozen, unprepared",,,flagged,The FoodOn name lacks the USDA food's main word (puff).,review loop 2026-09-28
168017,"Mouse nuts, roots (Alaska Native)",,,flagged,USDA term is outside the edible branches,review loop 2026-09-28
168018,"Mouse nuts, seedlings (Alaska Native)",,,flagged,USDA term is outside the edible branches,review loop 2026-09-28
168019,Octopus (Alaska Native),http://purl.obolibrary.org/obo/FOODON_03411514,octopus,accepted,,
168020,"Seal, bearded (Oogruk), meat, dried (Alaska Native)",http://purl.obolibrary.org/obo/FOODON_02022134,piece of bearded seal meat,accepted,,
168021,"Fish, pike, northern, liver (Alaska Native)",,,none,,
168022,"Rhubarb, wild, leaves (Alaska Native)",http://purl.obolibrary.org/obo/FOODON_03000183,alaska wild-rhubarb leaf,accepted,,
168023,"Fish, salmon, tipnuk, fermented (Alaska Native)",http://purl.obolibrary.org/obo/FOODON_00002883,fermented salmon,accepted,,
168024,"Fish, salmon, king, chinook, kippered, canned (Alaska Native)",http://purl.obolibrary.org/obo/FOODON_03304587,king salmon (kippered),accepted,,
168025,"Seal, ringed, meat (Alaska Native)",http://purl.obolibrary.org/obo/FOODON_02022557,piece of ringed seal meat,accepted,,
168026,"Seal, ringed, liver (Alaska Native)",,,added,FoodOn names it through a safe un-inverted form,review loop 2026-09-28
168027,"Soup, fish, homemade (Alaska Native)",http://purl.obolibrary.org/obo/FOODON_00001856,fish soup,added,FoodOn names it through a safe un-inverted form,review loop 2026-09-28
168028,"Sourdock, young leaves (Alaska Native)",http://purl.obolibrary.org/obo/FOODON_00005307,sourdock leaf,accepted,,
168029,"Walrus, meat, raw (Alaska Native)",http://purl.obolibrary.org/obo/FOODON_02022144,piece of walrus meat (raw),accepted,,
168030,"Walrus, meat and subcutaneous fat raw (Alaska Native)",http://purl.obolibrary.org/obo/FOODON_02022144,piece of walrus meat (raw),accepted,,
168031,"Walrus, liver, raw (Alaska Native)",http://purl.obolibrary.org/obo/FOODON_02022151,walrus liver (raw),accepted,,
168032,"Oil, walrus (Alaska Native)",http://purl.obolibrary.org/obo/FOODON_00005458,walrus oil,accepted,,
168033,"Fish, whitefish, mixed species, raw (Alaska Native)",,,none,,
168034,"Fish, whitefish, broad, head, eyes, cheeks and soft bones (Alaska Native)",,,none,,
168035,"Willow, leaves in oil (Alaska Native)",,,none,,
168036,"Willow, young leaves, chopped (Alaska Native)",http://purl.obolibrary.org/obo/FOODON_00005180,willow leaf,accepted,,
168037,"Corn, white, steamed (Navajo)",http://purl.obolibrary.org/obo/FOODON_00003783,white sweet corn kernel,accepted,,
168038,"Cornmeal, white (Navajo)",http://purl.obolibrary.org/obo/FOODON_03309766,white cornmeal,accepted,,
168039,"Cornmeal, yellow (Navajo)",http://purl.obolibrary.org/obo/FOODON_03305642,yellow cornmeal,accepted,,
168040,"Squash, Indian, raw (Navajo)",,,flagged,USDA term is outside the edible branches,review loop 2026-09-28
168041,"Tortilla, includes plain and from mutton sandwich (Navajo)",,,none,,
168042,"Stew, dumpling with mutton (Navajo)",,,none,,
168043,"Stew, hominy with mutton (Navajo)",,,none,,
168044,"Stew, mutton, corn, squash (Navajo)",,,none,,
168045,"Fish, salmon, sockeye (red), raw (Alaska Native)",http://purl.obolibrary.org/obo/FOODON_03308212,sockeye salmon (raw),accepted,,
168046,"Fish, Salmon, Chum, raw (Alaska Native)",http://purl.obolibrary.org/obo/FOODON_03308222,chum salmon (raw),accepted,,
168047,"Fish, salmon, king (chinook), raw (Alaska Native)",http://purl.obolibrary.org/obo/FOODON_03308555,chinook salmon (raw),accepted,,
168048,"Salmonberries, raw (Alaska Native)",http://purl.obolibrary.org/obo/FOODON_00003119,salmonberry (raw),accepted,,
168049,"Caribou, shoulder meat, dried (Alaska Native)",http://purl.obolibrary.org/obo/FOODON_00005426,reindeer shoulder,flagged,The FoodOn name lacks the USDA food's main word (caribou).,review loop 2026-09-28
168050,"Caribou, hind quarter meat, raw (Alaska Native)",http://purl.obolibrary.org/obo/FOODON_03306460,piece of caribou meat (raw),flagged,USDA term shares no content word with the USDA name,review loop 2026-09-28
168051,"Seal, bearded (Oogruk), meat, dried, in oil (Alaska Native)",,,none,,
168052,"Fish, whitefish, dried (Alaska Native)",,,none,,
168053,"Seal, bearded (Oogruk), meat, low quadrant, raw (Alaska Native)",http://purl.obolibrary.org/obo/FOODON_02022135,piece of bearded seal meat (raw),accepted,,
168054,"Fish, salmon, chum, dried (Alaska Native)",,,none,,
168055,"Elk, free range, ground, cooked patties (Shoshone Bannock)",http://purl.obolibrary.org/obo/FOODON_02021429,elk meat (ground),accepted,,
168056,"Elk, free range, ground, raw (Shoshone Bannock)",http://purl.obolibrary.org/obo/FOODON_02021430,"elk meat (ground, raw)",accepted,,
168057,"Elk, free range, roast, eye of round, cooked (Shoshone Bannock)",http://purl.obolibrary.org/obo/FOODON_02000399,elk eye of round roast,accepted,,
168058,"Chokecherries, raw, pitted (Shoshone Bannock)",http://purl.obolibrary.org/obo/FOODON_00004223,chokecherry (raw),accepted,,
168059,"Steelhead trout, dried, flesh (Shoshone Bannock)",,,none,,
168060,"Steelhead trout, boiled, canned (Alaska Native)",,,none,,
168061,Acorn stew (Apache),,,none,,
168062,"Restaurant, Italian, chicken parmesan without pasta",,,none,,
168063,"Restaurant, Latino, arroz con leche (rice pudding)",,,none,,
168064,"Restaurant, Latino, Arroz con frijoles negros (rice and black beans)",,,none,,
168065,"Restaurant, Latino, Arroz con habichuelas colorados (Rice And Red Beans)",,,none,,
168066,"Restaurant, Latino, Arroz con grandules (rice and pigeonpeas)",,,none,,
168067,"Restaurant, Latino, tamale, pork",,,none,,
168068,"Restaurant, Latino, black bean soup",,,none,,
168069,"Restaurant, Latino, tripe soup",,,none,,
168070,"Restaurant, Latino, arepa (unleavened cornmeal bread)",,,none,,
168071,"Restaurant, Latino, bunuelos (fried yeast bread)",,,none,,
168072,"Restaurant, Chinese, beef and vegetables",,,none,,
168073,"CRACKER BARREL, chicken tenderloin platter, fried, from kid's menu",,,none,,
168074,"CRACKER BARREL, country fried shrimp platter",,,none,,
168075,"CRACKER BARREL, farm raised catfish platter",,,none,,
168076,"DENNY'S, mozzarella cheese sticks",,,none,,
168077,"DENNY'S, golden fried shrimp",,,none,,
168078,"DENNY'S, macaroni & cheese, from kid's menu",,,none,,
168079,"DENNY'S, chicken nuggets, star shaped, from kid's menu",,,none,,
168080,"Restaurant, Chinese, shrimp and vegetables",,,none,,
168081,"Restaurant, Chinese, sweet and sour chicken",,,none,,
168082,"Restaurant, Chinese, sweet and sour pork",,,none,,
168083,"Restaurant, Chinese, chicken chow mein",,,none,,
168084,"Restaurant, Chinese, vegetable chow mein, without meat or noodles",,,none,,
168085,"OLIVE GARDEN, spaghetti with meat sauce",,,none,,
168086,"CARRABBA'S ITALIAN GRILL, spaghetti with meat sauce",,,none,,
168087,"Restaurant, Chinese, sesame chicken",,,none,,
168088,"Syrups, grenadine",,,none,,
168089,"Imitation cheese, american or cheddar, low cholesterol",,,none,,
168090,"Babyfood, banana juice with low fat yogurt",,,none,,
168091,"Babyfood, mixed fruit juice with low fat yogurt",,,none,,
168092,"Ham, turkey, sliced, extra lean, prepackaged or deli",http://purl.obolibrary.org/obo/FOODON_03310971,turkey ham,added,FoodOn names it through a safe un-inverted form,review loop 2026-09-28
168093,"Salad dressing, peppercorn dressing, commercial, regular",,,none,,
168094,"Mayonnaise, reduced-calorie or diet, cholesterol-free",,,none,,
168095,"Granola bar, soft, milk chocolate coated, peanut butter",,,none,,
168096,"Salad dressing, italian dressing, reduced calorie",,,none,,
168097,"Cream substitute, liquid, light",,,none,,
168098,"Cheese, monterey, low fat",,,none,,
168099,"Creamy dressing, made with sour cream and/or buttermilk and oil, reduced calorie, fat-free",,,none,,
168100,"Creamy dressing, made with sour cream and/or buttermilk and oil, reduced calorie, cholesterol-free",,,none,,
168101,"Bologna, beef, low fat",http://purl.obolibrary.org/obo/FOODON_00005508,beef bologna,added,FoodOn names it through a safe un-inverted form,review loop 2026-09-28
168102,"Candies, MARS SNACKFOOD US, TWIX chocolate fudge cookie bars",,,none,,
168103,"Frozen yogurts, chocolate, nonfat milk, sweetened without sugar",,,none,,
168104,"Frozen yogurts, chocolate",,,none,,
168105,"Frozen yogurts, flavors other than chocolate",,,none,,
168106,Papad,http://purl.obolibrary.org/obo/FOODON_03307020,poppadum,flagged,USDA term shares no content word with the USDA name,review loop 2026-09-28
168107,"Rice cake, cracker (include hain mini rice cakes)",,,none,,
168108,"Candies, MARS SNACKFOOD US, M&M's Almond Chocolate Candies",,,none,,
168109,"Salad Dressing, coleslaw, reduced fat",,,none,,
168110,"Pork, cured, ham, low sodium, lean and fat, cooked",http://purl.obolibrary.org/obo/FOODON_03301114,ham (cured),accepted,,
168111,"Pork, cured, ham, boneless, low sodium, extra lean (approximately 5% fat), roasted",http://purl.obolibrary.org/obo/FOODON_03301114,ham (cured),accepted,,
168112,"Salad dressing, mayonnaise and mayonnaise-type, low calorie",,,none,,
168113,"Frozen novelties, juice type, orange",,,none,,
168114,"Cheese, cottage, lowfat, 1% milkfat, no sodium added",http://purl.obolibrary.org/obo/FOODON_03303720,cottage cheese (lowfat),added,FoodOn names it through a safe un-inverted form,review loop 2026-09-28
168115,"Mayonnaise, low sodium, low calorie or diet",,,none,,
168116,"Snacks, tortilla chips, unsalted, white corn",,,none,,
168117,"Cranberry juice, unsweetened",http://purl.obolibrary.org/obo/FOODON_03301671,cranberry juice,accepted,,
168118,"Beef, bologna, reduced sodium",,,none,,
168119,"Turnip greens, canned, no salt added",http://purl.obolibrary.org/obo/FOODON_03310947,turnip greens (canned),accepted,,
168120,"Turkey, light or dark meat, smoked, cooked, with skin, bone removed",http://purl.obolibrary.org/obo/FOODON_02020565,piece of light turkey meat (with skin),accepted,,
168121,"Cheese, pasteurized process, cheddar or American, low sodium",http://purl.obolibrary.org/obo/FOODON_03301740,pasteurized process cheese,added,FoodOn names it through a safe un-inverted form,review loop 2026-09-28
168122,"Beverages, coffee, instant, with whitener, reduced calorie",,,none,,
168123,"Beverages, cranberry-apple juice drink, low calorie, with vitamin C added",,,none,,
168124,"Cheese, swiss, low sodium",http://purl.obolibrary.org/obo/FOODON_03303659,swiss cheese,added,FoodOn names it through a safe un-inverted form,review loop 2026-09-28
168125,"Babyfood, dinner, macaroni, beef and tomato sauce, toddler",,,none,,
168126,"Rolls, pumpernickel",,,none,,
168127,"Snacks, corn-based, extruded, chips, unsalted",,,none,,
168128,"Beans, baked, canned, no salt added",http://purl.obolibrary.org/obo/FOODON_03301946,baked beans (dish),added,FoodOn names it through a safe un-inverted form,review loop 2026-09-28
168129,"Jellyfish, dried, salted",,,none,,
168130,"Frozen novelties, ice cream type, chocolate or caramel covered, with nuts",,,none,,
168131,"Frankfurter, low sodium",,,none,,
168132,"Frozen novelties, ice type, pop, with low calorie sweetener",,,none,,
168133,"Babyfood, dessert, peach yogurt",,,none,,
168134,"Babyfood, dessert, blueberry yogurt, strained",,,none,,
168135,"Babyfood, dessert, banana yogurt, strained",,,none,,
168136,"Ice creams, chocolate, rich",,,none,,
168137,"Snacks, tortilla chips, light (baked with less oil)",,,none,,
168138,"Cereals ready-to-eat, POST, HONEY BUNCHES OF OATS, honey roasted",,,none,,
168139,"Popcorn, microwave, low fat and sodium",,,none,,
168140,"Babyfood, fruit supreme dessert",,,none,,
168141,"Cheese, swiss, low fat",http://purl.obolibrary.org/obo/FOODON_03303659,swiss cheese,added,FoodOn names it through a safe un-inverted form,review loop 2026-09-28
168142,"Sweeteners, tabletop, fructose, liquid",,,none,,
168143,"Puddings, chocolate flavor, low calorie, instant, dry mix",,,none,,
168144,"Babyfood, grape juice, no sugar, canned",http://purl.obolibrary.org/obo/FOODON_03301127,grape juice,accepted,,
168145,"Jellies, reduced sugar, home preserved",,,none,,
168146,"Puddings, all flavors except chocolate, low calorie, instant, dry mix",,,none,,
168147,Vital wheat gluten,http://purl.obolibrary.org/obo/FOODON_03310809,wheat gluten,flagged,The FoodOn name lacks the USDA food's main word (vital).,review loop 2026-09-28
168148,"Frog legs, raw",http://purl.obolibrary.org/obo/FOODON_03305168,frog leg (raw),accepted,,
168149,"Fish, mackerel, salted",,,none,,
168150,"Java-plum, (jambolan), raw",,,flagged,USDA term is outside the edible branches,review loop 2026-09-28
168151,"Jujube, raw",http://purl.obolibrary.org/obo/FOODON_00002487,jujube fruit (raw),accepted,,
168152,"Jujube, Chinese, fresh, dried",http://purl.obolibrary.org/obo/FOODON_00004227,jujube fruit (dried),flagged,The FoodOn name says the opposite of the USDA name (dried).,review loop 2026-09-28
168153,"Kiwifruit, green, raw",http://purl.obolibrary.org/obo/FOODON_03303398,fuzzy kiwifruit (raw),accepted,,
168154,"Kumquats, raw",http://purl.obolibrary.org/obo/FOODON_03306597,kumquat (raw),accepted,,
168155,"Limes, raw",http://purl.obolibrary.org/obo/FOODON_03305086,lime (raw),accepted,,
168156,"Lime juice, raw",http://purl.obolibrary.org/obo/FOODON_00005465,lime juice (unpasteurized),flagged,USDA term shares no content word with the USDA name,review loop 2026-09-28
168157,"Lime juice, canned or bottled, unsweetened",http://purl.obolibrary.org/obo/FOODON_03306160,lime juice,accepted,,
168158,"Blueberries, dried, sweetened",,,none,,
168159,"Prunes, canned, heavy syrup pack, solids and liquids",http://purl.obolibrary.org/obo/FOODON_00003537,prune,accepted,,
168160,"Prunes, dehydrated (low-moisture), uncooked",http://purl.obolibrary.org/obo/FOODON_03301281,"prune (pitted, uncooked, dehydrated)",accepted,,
168161,"Prunes, dehydrated (low-moisture), stewed",http://purl.obolibrary.org/obo/FOODON_03301721,prune (dehydrated),accepted,,
168162,"Plums, dried (prunes), uncooked",http://purl.obolibrary.org/obo/FOODON_00003537,prune,accepted,,
168163,"Quinces, raw",http://purl.obolibrary.org/obo/FOODON_03302976,quince (raw),accepted,,
168164,"Raisins, golden, seedless",http://purl.obolibrary.org/obo/FOODON_00004264,seedless golden raisin (dried),accepted,,
168165,"Raisins, dark, seedless (Includes foods for USDA's Food Distribution Program)",http://purl.obolibrary.org/obo/FOODON_03311488,seedless raisin (dried),accepted,,
168166,"Raisins, seeded",http://purl.obolibrary.org/obo/FOODON_03315829,seeded raisin (dried),accepted,,
168167,"Rambutan, canned, syrup pack",,,none,,
168168,"Rhubarb, frozen, uncooked",http://purl.obolibrary.org/obo/FOODON_03304643,rhubarb (frozen),accepted,,
168169,"Rhubarb, frozen, cooked, with sugar",,,none,,
168170,"Roselle, raw",http://purl.obolibrary.org/obo/FOODON_00004244,roselle calyx (raw),accepted,,
168171,"Rose-apples, raw",http://purl.obolibrary.org/obo/FOODON_00005306,rose apple (raw),accepted,,
168172,"Strawberries, canned, heavy syrup pack, solids and liquids",,,none,,
168173,"Strawberries, frozen, unsweetened (Includes foods for USDA's Food Distribution Program)",http://purl.obolibrary.org/obo/FOODON_03305453,"strawberry (unsweetened, frozen)",accepted,,
168174,"Strawberries, frozen, sweetened, sliced",,,none,,
168175,"Sugar-apples, (sweetsop), raw",http://purl.obolibrary.org/obo/FOODON_00005626,custard apple fruit (raw),flagged,USDA term shares no content word with the USDA name,review loop 2026-09-28
168176,"Feijoa, raw",http://purl.obolibrary.org/obo/FOODON_00005320,pineapple guava (raw),flagged,USDA term shares no content word with the USDA name,review loop 2026-09-28
168177,"Pears, asian, raw",http://purl.obolibrary.org/obo/FOODON_00003069,asian pear (raw),accepted,,
168178,"Fruit cocktail, canned, heavy syrup, drained",http://purl.obolibrary.org/obo/FOODON_03302899,fruit cocktail (canned),accepted,,
168179,"Blueberries, canned, light syrup, drained",http://purl.obolibrary.org/obo/FOODON_03303561,blueberry (canned),accepted,,
168180,"Blueberries, wild, canned, heavy syrup, drained",http://purl.obolibrary.org/obo/FOODON_03303561,blueberry (canned),accepted,,
168181,"Peaches, canned, heavy syrup, drained",http://purl.obolibrary.org/obo/FOODON_03301271,peach (canned),accepted,,
168182,"Pears, canned, heavy syrup, drained",http://purl.obolibrary.org/obo/FOODON_03301611,pear (canned),accepted,,
168183,"Plums, canned, heavy syrup, drained",http://purl.obolibrary.org/obo/FOODON_03301279,plum (canned),accepted,,
168184,"Tangerines, (mandarin oranges), canned, juice pack, drained",http://purl.obolibrary.org/obo/FOODON_00003488,tangerine,accepted,,
168185,"Peach nectar, canned, with added ascorbic acid",http://purl.obolibrary.org/obo/FOODON_03301288,peach nectar,accepted,,
168186,"Pear nectar, canned, with added ascorbic acid",http://purl.obolibrary.org/obo/FOODON_03301289,pear nectar,accepted,,
168187,"Pineapple juice, canned or bottled, unsweetened, with added ascorbic acid",http://purl.obolibrary.org/obo/FOODON_03305750,pineapple juice (canned),accepted,,
168188,"Apple juice, frozen concentrate, unsweetened, undiluted, with added ascorbic acid",,,flagged,Found by hand: undiluted apple juice concentrate is not apple juice.,review loop 2026-09-28
168189,"Grapefruit juice, white, bottled, unsweetened, OCEAN SPRAY",http://purl.obolibrary.org/obo/FOODON_00003293,white grapefruit juice,accepted,,
168190,"Jackfruit, canned, syrup pack",,,none,,
168191,"Dates, medjool",http://purl.obolibrary.org/obo/FOODON_00002866,Medjool date,accepted,,
168192,"Durian, raw or frozen",http://purl.obolibrary.org/obo/FOODON_00003665,durian,accepted,,
168193,"Pineapple, raw, traditional varieties",http://purl.obolibrary.org/obo/FOODON_03301831,pineapple (raw),accepted,,
168194,"Pineapple, raw, extra sweet variety",http://purl.obolibrary.org/obo/FOODON_03301831,pineapple (raw),accepted,,
168195,"Clementines, raw",http://purl.obolibrary.org/obo/FOODON_03303079,clementine (raw),accepted,,
168196,"Guanabana nectar, canned",http://purl.obolibrary.org/obo/FOODON_00005472,guanabana nectar,accepted,,
168197,"Juice, apple and grape blend, with added ascorbic acid",,,none,,
168198,"Juice, apple, grape and pear blend, with added ascorbic acid and calcium",,,added,FoodOn names it through a safe un-inverted form,review loop 2026-09-28
168199,"Plantains, green, fried",http://purl.obolibrary.org/obo/FOODON_03310150,green plantain,accepted,,
168200,"Plantains, yellow, fried, Latino restaurant",http://purl.obolibrary.org/obo/FOODON_00005357,yellow plantain,accepted,,
168201,"Apples, raw, red delicious, with skin (Includes foods for USDA's Food Distribution Program)",http://purl.obolibrary.org/obo/FOODON_00004201,Red Delicious apple (raw),accepted,,
168202,"Apples, raw, golden delicious, with skin",http://purl.obolibrary.org/obo/FOODON_00004203,Golden Delicious apple (raw),accepted,,
168203,"Apples, raw, granny smith, with skin (Includes foods for USDA's Food Distribution Program)",http://purl.obolibrary.org/obo/FOODON_00004206,Granny Smith apple (raw),accepted,,
168204,"Apples, raw, gala, with skin (Includes foods for USDA's Food Distribution Program)",http://purl.obolibrary.org/obo/FOODON_00004204,Gala apple (raw),accepted,,
168205,"Pineapple juice, canned, not from concentrate, unsweetened, with added vitamins A, C and E",http://purl.obolibrary.org/obo/FOODON_03305750,pineapple juice (canned),accepted,,
168206,"Fruit juice smoothie, NAKED JUICE, BLUE MACHINE",,,none,,
168207,"Grape juice, canned or bottled, unsweetened, with added ascorbic acid and calcium",http://purl.obolibrary.org/obo/FOODON_03301127,grape juice,accepted,,
168208,"Fruit juice smoothie, ODWALLA, ORIGINAL SUPERFOOD",,,none,,
168209,"Raspberries, frozen, red, unsweetened",http://purl.obolibrary.org/obo/FOODON_03310594,raspberry (frozen),accepted,,
168210,"Guava nectar, with sucralose, canned",,,none,,
168211,"Kiwifruit, ZESPRI SunGold, raw",http://purl.obolibrary.org/obo/FOODON_00005346,Zespri SunGold kiwifruit (raw),accepted,,
168212,"Cranberry juice blend, 100% juice, bottled, with added vitamin C and calcium",,,none,,
168213,"Fruit juice smoothie, ODWALLA, strawberry banana",,,none,,
168214,"Fruit juice smoothie, NAKED JUICE, strawberry banana",,,none,,
168215,"Plantains, green, raw",http://purl.obolibrary.org/obo/FOODON_00005218,green plantain (raw),accepted,,
168216,"Plantains, green, boiled",http://purl.obolibrary.org/obo/FOODON_03310150,green plantain,accepted,,
168217,Raspberry juice concentrate,,,flagged,The FoodOn name lacks the USDA food's main word (concentrate).,review loop 2026-09-28
168218,"Pork, fresh, composite of separable fat, with added solution, cooked",http://purl.obolibrary.org/obo/FOODON_03317324,pork (cut fresh),accepted,,
168219,"Pork, fresh, carcass, separable lean and fat, raw",,,flagged,"The FoodOn name is a whole animal, a plant or a catalog code, not a food (pig carcass (raw)).",review loop 2026-09-28
168220,"Pork, fresh, composite of trimmed retail cuts (leg, loin, shoulder), separable lean only, raw",http://purl.obolibrary.org/obo/FOODON_02021756,pork retail cut (raw),accepted,,
168221,"Pork, fresh, separable fat, cooked",http://purl.obolibrary.org/obo/FOODON_00005450,pork fat,accepted,,
168222,"Pork, fresh, leg (ham), whole, separable lean and fat, raw",http://purl.obolibrary.org/obo/FOODON_03306818,ham (raw),accepted,,
168223,"Pork, fresh, leg (ham), whole, separable lean and fat, cooked, roasted",http://purl.obolibrary.org/obo/FOODON_02000283,pork leg,accepted,,
168224,"Pork, fresh, leg (ham), whole, separable lean only, raw",http://purl.obolibrary.org/obo/FOODON_03306818,ham (raw),accepted,,
168225,"Pork, fresh, leg (ham), whole, separable lean only, cooked, roasted",http://purl.obolibrary.org/obo/FOODON_02000283,pork leg,accepted,,
168226,"Pork, fresh, leg (ham), shank half, separable lean and fat, raw",http://purl.obolibrary.org/obo/FOODON_02000288,pork leg shank half (raw),accepted,,
168227,"Pork, fresh, leg (ham), shank half, separable lean and fat, cooked, roasted",http://purl.obolibrary.org/obo/FOODON_02000287,pork leg shank half,accepted,,
168228,"Pork, fresh, leg (ham), shank half, separable lean only, raw",http://purl.obolibrary.org/obo/FOODON_02000288,pork leg shank half (raw),accepted,,
168229,"Pork, fresh, leg (ham), shank half, separable lean only, cooked, roasted",http://purl.obolibrary.org/obo/FOODON_02000287,pork leg shank half,accepted,,
168230,"Pork, fresh, loin, whole, separable lean only, raw",http://purl.obolibrary.org/obo/FOODON_02000289,pork loin (raw),accepted,,
168231,"Pork, fresh, loin, whole, separable lean only, cooked, braised",http://purl.obolibrary.org/obo/FOODON_00002570,pork loin,accepted,,
168232,"Pork, fresh, loin, whole, separable lean only, cooked, broiled",http://purl.obolibrary.org/obo/FOODON_00002570,pork loin,accepted,,
168233,"Pork, fresh, loin, whole, separable lean only, cooked, roasted",http://purl.obolibrary.org/obo/FOODON_00002570,pork loin,accepted,,
168234,"Pork, fresh, loin, blade (chops or roasts), bone-in, separable lean only, raw",http://purl.obolibrary.org/obo/FOODON_02000291,pork loin blade chop (raw),accepted,,
168235,"Pork, fresh, loin, blade (chops), bone-in, separable lean only, cooked, braised",http://purl.obolibrary.org/obo/FOODON_02000290,pork loin blade chop,accepted,,
168236,"Pork, fresh, loin, blade (chops), bone-in, separable lean only, cooked, broiled",http://purl.obolibrary.org/obo/FOODON_02000290,pork loin blade chop,accepted,,
168237,"Pork, fresh, loin, blade (roasts), bone-in, separable lean only, cooked, roasted",http://purl.obolibrary.org/obo/FOODON_02000292,pork loin blade roast,accepted,,
168238,"Pork, fresh, loin, center loin (chops), bone-in, separable lean and fat, raw",http://purl.obolibrary.org/obo/FOODON_02000295,porterhouse chop (raw),accepted,,
168239,"Pork, fresh, loin, center loin (chops), bone-in, separable lean only, cooked, braised",http://purl.obolibrary.org/obo/FOODON_02000294,porterhouse chop,accepted,,
168240,"Pork, fresh, loin, center loin (chops), bone-in, separable lean only, cooked, broiled",http://purl.obolibrary.org/obo/FOODON_02000294,porterhouse chop,accepted,,
168241,"Pork, fresh, loin, center loin (roasts), bone-in, separable lean only, cooked, roasted",http://purl.obolibrary.org/obo/FOODON_00005406,pork loin center roast,accepted,,
168242,"Pork, fresh, loin, center rib (chops or roasts), bone-in, separable lean and fat, raw",http://purl.obolibrary.org/obo/FOODON_02000297,ribeye chop (raw),accepted,,
168243,"Pork, fresh, loin, center rib (chops), bone-in, separable lean only, cooked, braised",http://purl.obolibrary.org/obo/FOODON_02000296,ribeye chop,accepted,,
168244,"Pork, fresh, loin, center rib (chops), bone-in, separable lean only, cooked, broiled",http://purl.obolibrary.org/obo/FOODON_02000296,ribeye chop,accepted,,
168245,"Pork, fresh, loin, center rib (roasts), bone-in, separable lean only, cooked, roasted",http://purl.obolibrary.org/obo/FOODON_02000298,ribeye roast,accepted,,
168246,"Pork, fresh, loin, sirloin (chops or roasts), bone-in, separable lean and fat, raw",http://purl.obolibrary.org/obo/FOODON_02000301,pork sirloin chop (raw),accepted,,
168247,"Pork, fresh, loin, sirloin (chops), bone-in, separable lean only, cooked, broiled",http://purl.obolibrary.org/obo/FOODON_02000300,pork sirloin chop,accepted,,
168248,"Pork, fresh, loin, sirloin (roasts), bone-in, separable lean only, cooked, roasted",http://purl.obolibrary.org/obo/FOODON_02000304,pork sirloin roast,accepted,,
168249,"Pork, fresh, loin, tenderloin, separable lean only, raw",http://purl.obolibrary.org/obo/FOODON_03309967,pork tenderloin (raw),accepted,,
168250,"Pork, fresh, loin, tenderloin, separable lean only, cooked, roasted",http://purl.obolibrary.org/obo/FOODON_02000306,pork tenderloin,accepted,,
168251,"Pork, fresh, loin, top loin (chops), boneless, separable lean only, raw",http://purl.obolibrary.org/obo/FOODON_02000308,"New York chop (boneless, raw)",accepted,,
168252,"Pork, fresh, loin, top loin (chops), boneless, separable lean only, cooked, braised",http://purl.obolibrary.org/obo/FOODON_02000307,New York chop (boneless),accepted,,
168253,"Pork, fresh, loin, top loin (chops), boneless, separable lean only, cooked, broiled",http://purl.obolibrary.org/obo/FOODON_02000307,New York chop (boneless),accepted,,
168254,"Pork, fresh, loin, top loin (roasts), boneless, separable lean only, cooked, roasted",http://purl.obolibrary.org/obo/FOODON_02000309,New York roast (boneless),accepted,,
168255,"Pork, fresh, shoulder, arm picnic, separable lean and fat, raw",http://purl.obolibrary.org/obo/FOODON_02000327,pork arm roast (raw),accepted,,
168256,"Pork, fresh, shoulder, arm picnic, separable lean and fat, cooked, braised",http://purl.obolibrary.org/obo/FOODON_02000324,pork picnic,accepted,,
168257,"Pork, fresh, shoulder, arm picnic, separable lean and fat, cooked, roasted",http://purl.obolibrary.org/obo/FOODON_02000326,pork arm roast,accepted,,
168258,"Pork, fresh, shoulder, arm picnic, separable lean only, raw",http://purl.obolibrary.org/obo/FOODON_02000327,pork arm roast (raw),accepted,,
168259,"Pork, fresh, shoulder, blade, boston (roasts), separable lean and fat, cooked, roasted",http://purl.obolibrary.org/obo/FOODON_00005411,pork blade roast,accepted,,
168260,"Pork, fresh, shoulder, (Boston butt), blade (steaks), separable lean only, raw",http://purl.obolibrary.org/obo/FOODON_02000331,pork butt steak (raw),accepted,,
168261,"Pork, fresh, shoulder, (Boston butt), blade (steaks), separable lean only, cooked, braised",http://purl.obolibrary.org/obo/FOODON_02000330,pork butt steak,flagged,The FoodOn name says the opposite of the USDA name (raw).,review loop 2026-09-28
168262,"Pork, fresh, shoulder, blade, boston (steaks), separable lean only, cooked, broiled",http://purl.obolibrary.org/obo/FOODON_02000330,pork butt steak,flagged,The FoodOn name says the opposite of the USDA name (raw).,review loop 2026-09-28
168263,"Pork, fresh, loin, center loin (chops), boneless, separable lean only, raw",http://purl.obolibrary.org/obo/FOODON_02000308,"New York chop (boneless, raw)",accepted,,
168264,"Pork, fresh, variety meats and by-products, brain, raw",http://purl.obolibrary.org/obo/FOODON_02021677,pork brain (raw),accepted,,
168265,"Pork, fresh, variety meats and by-products, brain, cooked, braised",http://purl.obolibrary.org/obo/FOODON_02021665,pork brain,accepted,,
168266,"Pork, fresh, variety meats and by-products, chitterlings, raw",http://purl.obolibrary.org/obo/FOODON_02021686,pork small intestine (raw),accepted,,
168267,"Pork, fresh, variety meats and by-products, heart, raw",http://purl.obolibrary.org/obo/FOODON_02021676,pork heart (raw),flagged,USDA term shares no content word with the USDA name,review loop 2026-09-28
168268,"Pork, fresh, variety meats and by-products, heart, cooked, braised",http://purl.obolibrary.org/obo/FOODON_00004116,pork heart,accepted,,
168269,"Pork, fresh, variety meats and by-products, jowl, raw",http://purl.obolibrary.org/obo/FOODON_02000345,pork jowl (raw),accepted,,
168270,"Pork, fresh, variety meats and by-products, kidneys, raw",http://purl.obolibrary.org/obo/FOODON_02021678,pork kidney (raw),flagged,USDA term shares no content word with the USDA name,review loop 2026-09-28
168271,"Pork, fresh, variety meats and by-products, lungs, cooked, braised",http://purl.obolibrary.org/obo/FOODON_02021669,pork lung,accepted,,
168272,"Pork, fresh, variety meats and by-products, mechanically separated, raw",http://purl.obolibrary.org/obo/FOODON_02021800,"piece of pork meat (mechanically deboned, raw)",accepted,,
168273,"Pork, fresh, variety meats and by-products, pancreas, raw",http://purl.obolibrary.org/obo/FOODON_02021683,pork pancreas (raw),accepted,,
168274,"Pork, fresh, variety meats and by-products, pancreas, cooked, braised",http://purl.obolibrary.org/obo/FOODON_02021672,pork pancreas,accepted,,
168275,"Pork, fresh, variety meats and by-products, tongue, raw",http://purl.obolibrary.org/obo/FOODON_02021681,pork tongue (raw),accepted,,
168276,"Pork, fresh, variety meats and by-products, tongue, cooked, braised",http://purl.obolibrary.org/obo/FOODON_02021670,pork tongue,accepted,,
168277,"Pork, cured, bacon, unprepared",http://purl.obolibrary.org/obo/FOODON_03317331,bacon (whole cut or pieces),accepted,,
168278,"Pork, cured, breakfast strips, raw or unheated",http://purl.obolibrary.org/obo/FOODON_00005594,pork breakfast strip,accepted,,
168279,"Pork, cured, ham, extra lean (approximately 4% fat), canned, unheated",http://purl.obolibrary.org/obo/FOODON_03301114,ham (cured),accepted,,
168280,"Pork, cured, ham, extra lean (approximately 4% fat), canned, roasted",http://purl.obolibrary.org/obo/FOODON_03301114,ham (cured),accepted,,
168281,"Pork, cured, ham, regular (approximately 13% fat), canned, roasted",http://purl.obolibrary.org/obo/FOODON_03301114,ham (cured),accepted,,
168282,"Pork, cured, ham, center slice, country-style, separable lean only, raw",http://purl.obolibrary.org/obo/FOODON_02000318,pork leg center slice (raw),accepted,,
168283,"Pork, cured, ham, center slice, separable lean and fat, unheated",http://purl.obolibrary.org/obo/FOODON_02000317,pork leg center slice,accepted,,
168284,"Pork, cured, ham, whole, separable lean only, roasted",http://purl.obolibrary.org/obo/FOODON_03301114,ham (cured),accepted,,
168285,"Pork, fresh, loin, center loin (chops), boneless, separable lean only, cooked, pan-broiled",http://purl.obolibrary.org/obo/FOODON_02000307,New York chop (boneless),accepted,,
168286,"Pork, fresh, loin, center loin (chops), boneless, separable lean and fat, raw",http://purl.obolibrary.org/obo/FOODON_02000308,"New York chop (boneless, raw)",accepted,,
168287,"Pork, cured, salt pork, raw",http://purl.obolibrary.org/obo/FOODON_03306445,"pork (uncooked, cured)",accepted,,
168288,"Pork, cured, shoulder, blade roll, separable lean and fat, unheated",http://purl.obolibrary.org/obo/FOODON_00005407,pork shoulder blade roast (boneless),accepted,,
168289,"Pork, cured, shoulder, blade roll, separable lean and fat, roasted",http://purl.obolibrary.org/obo/FOODON_00005407,pork shoulder blade roast (boneless),accepted,,
168290,"Pork, fresh, variety meats and by-products, feet, cooked, simmered",http://purl.obolibrary.org/obo/FOODON_00004557,pig foot,flagged,USDA term shares no content word with the USDA name,review loop 2026-09-28
168291,"Pork, fresh, variety meats and by-products, tail, raw",http://purl.obolibrary.org/obo/FOODON_02021801,pork tail (raw),accepted,,
168292,"Pork, fresh, loin, center loin (chops), bone-in, separable lean and fat, cooked, pan-fried",http://purl.obolibrary.org/obo/FOODON_02000294,porterhouse chop,accepted,,
168293,"Pork, fresh, loin, center rib (chops), bone-in, separable lean and fat, cooked, pan-fried",http://purl.obolibrary.org/obo/FOODON_02000296,ribeye chop,accepted,,
168294,"Pork, fresh, loin, top loin (chops), boneless, separable lean only, cooked, pan-fried",http://purl.obolibrary.org/obo/FOODON_02000307,New York chop (boneless),flagged,The FoodOn name says the opposite of the USDA name (raw).,review loop 2026-09-28
168295,"Pork, cured, ham, boneless, extra lean and regular, unheated",http://purl.obolibrary.org/obo/FOODON_03301114,ham (cured),accepted,,
168296,"Pork, cured, ham, boneless, extra lean and regular, roasted",http://purl.obolibrary.org/obo/FOODON_03301114,ham (cured),accepted,,
168297,"Pork, fresh, composite of trimmed retail cuts (leg, loin, shoulder, and spareribs), separable lean and fat, cooked",,,none,,
168298,"Pork, fresh, loin, center loin (chops), boneless, separable lean and fat, cooked, pan-broiled",http://purl.obolibrary.org/obo/FOODON_02000294,porterhouse chop,accepted,,
168299,"Pork, fresh, backribs, separable lean and fat, raw",http://purl.obolibrary.org/obo/FOODON_02000316,pork loin back ribs (raw),accepted,,
168300,"Pork, fresh, backribs, separable lean and fat, cooked, roasted",http://purl.obolibrary.org/obo/FOODON_02000315,pork loin back ribs,accepted,,
168301,"Pork, fresh, loin, center rib (roasts), boneless, separable lean and fat, cooked, roasted",http://purl.obolibrary.org/obo/FOODON_02000298,ribeye roast,accepted,,
168302,"Pork, fresh, loin, center rib (chops or roasts), boneless, separable lean only, raw",http://purl.obolibrary.org/obo/FOODON_02000297,ribeye chop (raw),accepted,,
168303,"Pork, fresh, loin, center rib (chops), boneless, separable lean only, cooked, braised",http://purl.obolibrary.org/obo/FOODON_02000296,ribeye chop,accepted,,
168304,"Pork, fresh, loin, center rib (chops), boneless, separable lean only, cooked, broiled",http://purl.obolibrary.org/obo/FOODON_02000296,ribeye chop,accepted,,
168305,"Pork, fresh, loin, country-style ribs, separable lean only, raw",http://purl.obolibrary.org/obo/FOODON_02000312,pork loin country-style ribs (raw),accepted,,
168306,"Pork, fresh, loin, country-style ribs, separable lean only, cooked, braised",http://purl.obolibrary.org/obo/FOODON_02000311,pork loin country-style ribs,accepted,,
168307,"Pork, fresh, loin, country-style ribs, separable lean only, bone-in, cooked, roasted",http://purl.obolibrary.org/obo/FOODON_02000311,pork loin country-style ribs,accepted,,
168308,"Pork, fresh, loin, sirloin (chops or roasts), boneless, separable lean and fat, raw",http://purl.obolibrary.org/obo/FOODON_02000303,"pork sirloin chop (boneless, raw)",accepted,,
168309,"Pork, fresh, loin, sirloin (chops), boneless, separable lean only, cooked, braised",http://purl.obolibrary.org/obo/FOODON_02000302,pork sirloin chop (boneless),accepted,,
168310,"Pork, fresh, loin, sirloin (chops), boneless, separable lean only, cooked, broiled",http://purl.obolibrary.org/obo/FOODON_02000302,pork sirloin chop (boneless),accepted,,
168311,"Pork, fresh, loin, sirloin (roasts), boneless, separable lean only, cooked, roasted",http://purl.obolibrary.org/obo/FOODON_02000304,pork sirloin roast,accepted,,
168312,"Pork, fresh, loin, tenderloin, separable lean and fat, raw",http://purl.obolibrary.org/obo/FOODON_03309967,pork tenderloin (raw),accepted,,
168313,"Pork, fresh, loin, tenderloin, separable lean only, cooked, broiled",http://purl.obolibrary.org/obo/FOODON_02000306,pork tenderloin,accepted,,
168314,"Pork, fresh, loin, top loin (roasts), boneless, separable lean and fat, raw",http://purl.obolibrary.org/obo/FOODON_02000310,"New York roast (boneless, raw)",accepted,,
168315,"Pork, fresh, loin, top loin (roasts), boneless, separable lean only, raw",http://purl.obolibrary.org/obo/FOODON_02000310,"New York roast (boneless, raw)",accepted,,
168316,"Pork, fresh, composite of trimmed retail cuts (loin and shoulder blade), separable lean and fat, raw",http://purl.obolibrary.org/obo/FOODON_02021756,pork retail cut (raw),accepted,,
168317,"HORMEL ALWAYS TENDER, Pork Tenderloin, Peppercorn-Flavored",,,none,,
168318,"HORMEL ALWAYS TENDER, Pork Loin Filets, Lemon Garlic-Flavored",,,none,,
168319,"HORMEL ALWAYS TENDER, Center Cut Chops, Fresh Pork",http://purl.obolibrary.org/obo/FOODON_00005409,pork center cut-chop,accepted,,
168320,"HORMEL ALWAYS TENDER, Boneless Pork Loin, Fresh Pork",http://purl.obolibrary.org/obo/FOODON_00002570,pork loin,flagged,The FoodOn name lacks the USDA food's main word (boneless).,review loop 2026-09-28
168321,"Pork, cured, bacon, cooked, microwaved",http://purl.obolibrary.org/obo/FOODON_00004524,bacon (cooked),accepted,,
168322,"Pork, cured, bacon, pre-sliced, cooked, pan-fried",http://purl.obolibrary.org/obo/FOODON_03310564,bacon (fried),accepted,,
168323,"Pork, fresh, variety meats and by-products, stomach, cooked, simmered",http://purl.obolibrary.org/obo/FOODON_02021673,pork stomach,accepted,,
168324,"Pork, bacon, rendered fat, cooked",http://purl.obolibrary.org/obo/FOODON_00004524,bacon (cooked),accepted,,
168325,"Pork, cured, ham and water product, slice, bone-in, separable lean only, heated, pan-broil",http://purl.obolibrary.org/obo/FOODON_03301114,ham (cured),accepted,,
168326,"Pork, cured, ham and water product, slice, boneless, separable lean only, heated, pan-broil",http://purl.obolibrary.org/obo/FOODON_03301114,ham (cured),accepted,,
168327,"Pork, cured, ham and water product, whole, boneless, separable lean only, heated, roasted",http://purl.obolibrary.org/obo/FOODON_03301114,ham (cured),accepted,,
168328,"Pork, cured, ham and water product, whole, boneless, separable lean only, unheated",http://purl.obolibrary.org/obo/FOODON_03301114,ham (cured),accepted,,
168329,"Pork, cured, ham -- water added, slice, boneless, separable lean only, heated, pan-broil",http://purl.obolibrary.org/obo/FOODON_03301114,ham (cured),accepted,,
168330,"Pork, cured, ham with natural juices, slice, bone-in, separable lean only, heated, pan-broil",http://purl.obolibrary.org/obo/FOODON_03301114,ham (cured),accepted,,
168331,"Pork, cured, ham with natural juices, spiral slice, meat only, boneless, separable lean only, heated, roasted",http://purl.obolibrary.org/obo/FOODON_03301114,ham (cured),accepted,,
168332,"Pork, cured, ham and water product, rump, bone-in, separable lean only, heated, roasted",http://purl.obolibrary.org/obo/FOODON_03301114,ham (cured),accepted,,
168333,"Pork, cured, ham with natural juices, slice, boneless, separable lean only, heated, pan-broil",http://purl.obolibrary.org/obo/FOODON_03301114,ham (cured),accepted,,
168334,"Pork, cured, ham with natural juices, whole, boneless, separable lean only, heated, roasted",http://purl.obolibrary.org/obo/FOODON_03301114,ham (cured),accepted,,
168335,"Pork, cured, ham with natural juices, whole, boneless, separable lean only, unheated",http://purl.obolibrary.org/obo/FOODON_03301114,ham (cured),accepted,,
168336,"Pork, cured, ham -- water added, shank, bone-in, separable lean only, unheated",http://purl.obolibrary.org/obo/FOODON_03301114,ham (cured),accepted,,
168337,"Pork, cured, ham with natural juices, rump, bone-in, separable lean only, unheated",http://purl.obolibrary.org/obo/FOODON_03301114,ham (cured),accepted,,
168338,"Pork, cured, ham with natural juices, shank, bone-in, separable lean only, unheated",http://purl.obolibrary.org/obo/FOODON_03301114,ham (cured),accepted,,
168339,"Pork, cured, ham with natural juices, slice, bone-in, separable lean only, unheated",http://purl.obolibrary.org/obo/FOODON_03301114,ham (cured),accepted,,
168340,"Pork, cured, ham with natural juices, spiral slice, boneless, separable lean only, unheated",http://purl.obolibrary.org/obo/FOODON_03301114,ham (cured),accepted,,
168341,"Pork, cured, ham with natural juices, spiral slice, boneless, separable lean and fat, unheated",http://purl.obolibrary.org/obo/FOODON_03301114,ham (cured),accepted,,
168342,"Pork, cured, ham with natural juices, slice, bone-in, separable lean and fat, unheated",http://purl.obolibrary.org/obo/FOODON_03301114,ham (cured),accepted,,
168343,"Pork, cured, ham with natural juices, shank, bone-in, separable lean and fat, unheated",http://purl.obolibrary.org/obo/FOODON_03301114,ham (cured),accepted,,
168344,"Pork, cured, ham with natural juices, rump, bone-in, separable lean and fat, unheated",http://purl.obolibrary.org/obo/FOODON_03301114,ham (cured),accepted,,
168345,"Pork, cured, ham -- water added, whole, boneless, separable lean and fat, unheated",http://purl.obolibrary.org/obo/FOODON_03301114,ham (cured),accepted,,
168346,"Pork, cured, ham -- water added, slice, bone-in, separable lean and fat, unheated",http://purl.obolibrary.org/obo/FOODON_03301114,ham (cured),accepted,,
168347,"Pork, cured, ham -- water added, shank, bone-in, separable lean and fat, unheated",http://purl.obolibrary.org/obo/FOODON_03301114,ham (cured),accepted,,
168348,"Pork, cured, ham -- water added, rump, bone-in, separable lean and fat, unheated",http://purl.obolibrary.org/obo/FOODON_03301114,ham (cured),accepted,,
168349,"Pork, cured, ham -- water added, whole, boneless, separable lean and fat, heated, roasted",http://purl.obolibrary.org/obo/FOODON_03301114,ham (cured),accepted,,
168350,"Pork, cured, ham and water product, rump, bone-in, separable lean and fat, heated, roasted",http://purl.obolibrary.org/obo/FOODON_03301114,ham (cured),accepted,,
168351,"Pork, cured, ham and water product, shank, bone-in, separable lean and fat, heated, roasted",http://purl.obolibrary.org/obo/FOODON_03301114,ham (cured),accepted,,
168352,"Pork, cured, ham and water product, slice, bone-in, separable lean and fat, heated, pan-broil",http://purl.obolibrary.org/obo/FOODON_03301114,ham (cured),accepted,,
168353,"Pork, cured, ham with natural juices, slice, boneless, separable lean and fat, heated, pan-broil",http://purl.obolibrary.org/obo/FOODON_03301114,ham (cured),accepted,,
168354,"Pork, cured, ham with natural juices, spiral slice, boneless, separable lean and fat, heated, roasted",http://purl.obolibrary.org/obo/FOODON_03301114,ham (cured),accepted,,
168355,"Pork, cured, ham with natural juices, whole, boneless, separable lean and fat, heated, roasted",http://purl.obolibrary.org/obo/FOODON_03301114,ham (cured),accepted,,
168356,"Pork, cured, ham, rump, bone-in, separable lean and fat, heated, roasted",http://purl.obolibrary.org/obo/FOODON_03301114,ham (cured),accepted,,
168357,"Pork, cured, ham, shank, bone-in, separable lean and fat, heated, roasted",http://purl.obolibrary.org/obo/FOODON_03301114,ham (cured),accepted,,
168358,"Pork, cured, ham, shank, bone-in, separable lean and fat, unheated",http://purl.obolibrary.org/obo/FOODON_03301114,ham (cured),accepted,,
168359,"Pork, cured, ham, slice, bone-in, separable lean and fat, heated, pan-broil",http://purl.obolibrary.org/obo/FOODON_03301114,ham (cured),accepted,,
168360,"Pork, cured, ham, slice, bone-in, separable lean only, unheated",http://purl.obolibrary.org/obo/FOODON_03301114,ham (cured),accepted,,
168361,"Pork, fresh, enhanced, loin, tenderloin, separable lean only, raw",http://purl.obolibrary.org/obo/FOODON_03309967,pork tenderloin (raw),accepted,,
168362,"Pork, fresh, shoulder, (Boston butt), blade (steaks), separable lean only, with added solution cooked, braised",,,none,,
168363,"Pork, fresh, shoulder, (Boston butt), blade (steaks), separable lean only, with added solution, raw",,,none,,
168364,"Pork, fresh, loin, top loin (chops), boneless, separable lean only, with added solution, cooked, broiled",,,none,,
168365,"Pork, fresh, shoulder, (Boston butt), blade (steaks), separable lean and fat,with added solution, raw",,,none,,
168366,"Pork, fresh, shoulder, (Boston butt), blade (steaks), separable lean and fat, with added solution, cooked, braised",,,none,,
168367,"Pork, cured, ham, rump, bone-in, separable lean and fat, unheated",http://purl.obolibrary.org/obo/FOODON_03301114,ham (cured),accepted,,
168368,"Pork, loin, leg cap steak, boneless, separable lean and fat, cooked, broiled",http://purl.obolibrary.org/obo/FOODON_02000336,pork leg cap steak,accepted,,
168369,"Pork, Shoulder petite tender, boneless, separable lean and fat, raw",http://purl.obolibrary.org/obo/FOODON_02000339,pork petite tender (raw),accepted,,
168370,"Pork, Leg sirloin tip roast, boneless, separable lean and fat, cooked, braised",http://purl.obolibrary.org/obo/FOODON_02000334,pork sirloin tip roast,accepted,,
168371,"Pork, Leg sirloin tip roast, boneless, separable lean and fat, raw",http://purl.obolibrary.org/obo/FOODON_02000335,pork sirloin tip roast (raw),accepted,,
168372,"Pork, ground, 84% lean / 16% fat, raw",http://purl.obolibrary.org/obo/FOODON_02021719,"pork meat (ground, raw)",flagged,USDA term is outside the edible branches,review loop 2026-09-28
168373,"Pork, ground, 72% lean / 28% fat, cooked, pan-broiled",http://purl.obolibrary.org/obo/FOODON_02021718,pork meat (ground),accepted,,
168374,"Pork, ground, 84% lean / 16% fat, cooked, pan-broiled",http://purl.obolibrary.org/obo/FOODON_02021718,pork meat (ground),accepted,,
168375,"Pork, ground, 96% lean / 4% fat, cooked, pan-broiled",http://purl.obolibrary.org/obo/FOODON_02021718,pork meat (ground),accepted,,
168376,"Pork loin, fresh, backribs, bone-in, raw, lean only",http://purl.obolibrary.org/obo/FOODON_02000316,pork loin back ribs (raw),accepted,,
168377,"Pork loin, fresh, backribs, bone-in, cooked-roasted, lean only",http://purl.obolibrary.org/obo/FOODON_02000315,pork loin back ribs,accepted,,
168378,"Pork, fresh, loin, country-style ribs, separable lean only, bone-in, cooked, broiled",http://purl.obolibrary.org/obo/FOODON_02000311,pork loin country-style ribs,accepted,,
168379,"Pork, fresh, loin, country-style ribs, separable lean only, boneless, cooked, roasted",http://purl.obolibrary.org/obo/FOODON_02000311,pork loin country-style ribs,accepted,,
168380,"Pork, fresh, blade, (chops), boneless, separable lean and fat, cooked, broiled",http://purl.obolibrary.org/obo/FOODON_02000290,pork loin blade chop,accepted,,
168381,"Pork, fresh, loin, blade (chops or roasts), boneless, separable lean and fat only, raw",http://purl.obolibrary.org/obo/FOODON_02000293,pork loin blade roast (raw),accepted,,
168382,"Bacon, pre-sliced, reduced/low sodium, unprepared",http://purl.obolibrary.org/obo/FOODON_03317331,bacon (whole cut or pieces),accepted,,
168383,"Canadian bacon, cooked, pan-fried",http://purl.obolibrary.org/obo/FOODON_00003149,Canadian bacon,flagged,The FoodOn name lacks the USDA food's main word (canadian).,review loop 2026-09-28
168384,"Alfalfa seeds, sprouted, raw",http://purl.obolibrary.org/obo/FOODON_03301571,alfalfa sprout (raw),flagged,The FoodOn name lacks the USDA food's main word (seed). The FoodOn name names a part the USDA name does not (sprout).,review loop 2026-09-28
168385,"Amaranth leaves, raw",http://purl.obolibrary.org/obo/FOODON_00005344,amaranth leaf (raw),accepted,,
168386,"Artichokes, (globe or french), cooked, boiled, drained, without salt",http://purl.obolibrary.org/obo/FOODON_00003573,artichoke head,accepted,,
168387,"Artichokes, (globe or french), frozen, unprepared",http://purl.obolibrary.org/obo/FOODON_00003573,artichoke head,accepted,,
168388,"Artichokes, (globe or french), frozen, cooked, boiled, drained, without salt",http://purl.obolibrary.org/obo/FOODON_00003573,artichoke head,accepted,,
168389,"Asparagus, raw",http://purl.obolibrary.org/obo/FOODON_03311349,asparagus spear (raw),accepted,,
168390,"Asparagus, cooked, boiled, drained",http://purl.obolibrary.org/obo/FOODON_00003458,asparagus spear,accepted,,
168391,"Balsam-pear (bitter gourd), leafy tips, raw",http://purl.obolibrary.org/obo/FOODON_03000107,bitter gourd leaf (raw),flagged,The FoodOn name names a part the USDA name does not (leaf).,review loop 2026-09-28
168392,"Balsam-pear (bitter gourd), leafy tips, cooked, boiled, drained, without salt",http://purl.obolibrary.org/obo/FOODON_00003825,bitter gourd leaf,flagged,The FoodOn name names a part the USDA name does not (leaf).,review loop 2026-09-28
168393,"Balsam-pear (bitter gourd), pods, raw",http://purl.obolibrary.org/obo/FOODON_03000134,bitter gourd pod (raw),accepted,,
168394,"Balsam-pear (bitter gourd), pods, cooked, boiled, drained, without salt",http://purl.obolibrary.org/obo/FOODON_03000108,bitter gourd pod,accepted,,
168395,"Beans, kidney, mature seeds, sprouted, cooked, boiled, drained, without salt",http://purl.obolibrary.org/obo/FOODON_00005254,kidney bean (mature),accepted,,
168396,"Lima beans, immature seeds, raw",http://purl.obolibrary.org/obo/FOODON_03000188,"lima bean (raw, immature)",accepted,,
168397,"Corn, sweet, yellow, canned, drained solids, rinsed with tap water",http://purl.obolibrary.org/obo/FOODON_03301386,sweet corn (canned),accepted,,
168398,"Corn, sweet, yellow, frozen, kernels cut off cob, unprepared (Includes foods for USDA's Food Distribution Program)",http://purl.obolibrary.org/obo/FOODON_00003782,yellow sweet corn kernel,accepted,,
168399,"Corn, sweet, yellow, frozen, kernels cut off cob, boiled, drained, without salt",http://purl.obolibrary.org/obo/FOODON_00003782,yellow sweet corn kernel,accepted,,
168400,"Corn, sweet, yellow, frozen, kernels on cob, unprepared",http://purl.obolibrary.org/obo/FOODON_00003782,yellow sweet corn kernel,accepted,,
168401,"Corn, sweet, yellow, frozen, kernels on cob, cooked, boiled, drained, without salt",http://purl.obolibrary.org/obo/FOODON_00003782,yellow sweet corn kernel,accepted,,
168402,"Cowpeas (blackeyes), immature seeds, cooked, boiled, drained, without salt",http://purl.obolibrary.org/obo/FOODON_03306820,blackeyed pea (cooked),flagged,USDA term shares no content word with the USDA name,review loop 2026-09-28
168403,"Cowpeas (blackeyes), immature seeds, frozen, unprepared",http://purl.obolibrary.org/obo/FOODON_00003491,blackeyed pea,flagged,USDA term shares no content word with the USDA name,review loop 2026-09-28
168404,"Cowpeas (blackeyes), immature seeds, frozen, cooked, boiled, drained, without salt",http://purl.obolibrary.org/obo/FOODON_03306820,blackeyed pea (cooked),flagged,The FoodOn name lacks the USDA food's main word (blackeye).,review loop 2026-09-28
168405,"Cowpeas, young pods with seeds, raw",http://purl.obolibrary.org/obo/FOODON_03000102,cowpea pod (raw),accepted,,
168406,"Cowpeas, leafy tips, cooked, boiled, drained, without salt",http://purl.obolibrary.org/obo/FOODON_03000099,cowpea leaf,flagged,The FoodOn name names a part the USDA name does not (leaf).,review loop 2026-09-28
168407,"Cress, garden, raw",http://purl.obolibrary.org/obo/FOODON_03000035,garden cress leaf (raw),flagged,The FoodOn name names a part the USDA name does not (leaf).,review loop 2026-09-28
168408,"Cress, garden, cooked, boiled, drained, without salt",http://purl.obolibrary.org/obo/FOODON_03000033,garden cress leaf,accepted,,
168409,"Cucumber, with peel, raw",http://purl.obolibrary.org/obo/FOODON_03301545,cucumber (raw),accepted,,
168410,"Edamame, frozen, unprepared",http://purl.obolibrary.org/obo/FOODON_00002809,edamame,flagged,The FoodOn name names a part the USDA name does not (pod).,review loop 2026-09-28
168411,"Edamame, frozen, prepared",http://purl.obolibrary.org/obo/FOODON_00002809,edamame,flagged,The FoodOn name names a part the USDA name does not (pod).,review loop 2026-09-28
168412,"Endive, raw",http://purl.obolibrary.org/obo/FOODON_03302987,endive leaf (raw),flagged,The FoodOn name names a part the USDA name does not (leaf).,review loop 2026-09-28
168413,"Escarole, cooked, boiled, drained, no salt added",http://purl.obolibrary.org/obo/FOODON_00005352,escarole leaf,flagged,The FoodOn name names a part the USDA name does not (leaf).,review loop 2026-09-28
168414,"Gourd, dishcloth (towelgourd), raw",,,flagged,USDA term is outside the edible branches,review loop 2026-09-28
168415,"Gourd, dishcloth (towelgourd), cooked, boiled, drained, without salt",,,flagged,USDA term is outside the edible branches,review loop 2026-09-28
168416,"Drumstick leaves, raw",http://purl.obolibrary.org/obo/FOODON_00005328,moringa leaf (raw),flagged,USDA term shares no content word with the USDA name,review loop 2026-09-28
168417,"Drumstick leaves, cooked, boiled, drained, without salt",http://purl.obolibrary.org/obo/FOODON_00005327,moringa leaf,flagged,USDA term shares no content word with the USDA name,review loop 2026-09-28
168418,"Pepeao, dried",http://purl.obolibrary.org/obo/FOODON_00005331,jelly ear (dried),flagged,USDA term shares no content word with the USDA name,review loop 2026-09-28
168419,"Jute, potherb, raw",http://purl.obolibrary.org/obo/FOODON_03000112,nalta jute leaf (raw),flagged,The FoodOn name names a part the USDA name does not (leaf).,review loop 2026-09-28
168420,"Jute, potherb, cooked, boiled, drained, without salt",http://purl.obolibrary.org/obo/FOODON_03000111,nalta jute leaf,flagged,The FoodOn name names a part the USDA name does not (leaf). The FoodOn name says the opposite of the USDA name (raw).,review loop 2026-09-28
168421,"Kale, raw",http://purl.obolibrary.org/obo/FOODON_03304859,kale leaf (raw),accepted,,
168422,"Mushrooms, Chanterelle, raw",http://purl.obolibrary.org/obo/FOODON_00004252,chanterelle mushroom (raw),accepted,,
168423,"Mushrooms, morel, raw",http://purl.obolibrary.org/obo/FOODON_00004255,morel mushroom (raw),accepted,,
168424,"Kohlrabi, raw",http://purl.obolibrary.org/obo/FOODON_03310123,kohlrabi stem (raw),accepted,,
168425,"Kohlrabi, cooked, boiled, drained, without salt",http://purl.obolibrary.org/obo/FOODON_00003422,kohlrabi stem,flagged,The FoodOn name names a part the USDA name does not (stem).,review loop 2026-09-28
168426,"Leeks, (bulb and lower leaf-portion), cooked, boiled, drained, without salt",http://purl.obolibrary.org/obo/FOODON_00003670,leek,accepted,,
168427,"Lentils, sprouted, raw",http://purl.obolibrary.org/obo/FOODON_03000204,"lentil (raw, sprouted)",accepted,,
168428,"Lentils, sprouted, cooked, stir-fried, without salt",http://purl.obolibrary.org/obo/FOODON_03310641,lentil,accepted,,
168429,"Lettuce, butterhead (includes boston and bibb types), raw",http://purl.obolibrary.org/obo/FOODON_03000125,butterhead lettuce (raw),accepted,,
168430,"Lotus root, cooked, boiled, drained, without salt",,,flagged,USDA term is outside the edible branches,review loop 2026-09-28
168431,"Lettuce, red leaf, raw",http://purl.obolibrary.org/obo/FOODON_03000019,red leaf lettuce (raw),accepted,,
168432,"Mountain yam, hawaii, raw",http://purl.obolibrary.org/obo/FOODON_03000150,mountain yam (raw),accepted,,
168433,"Mountain yam, hawaii, cooked, steamed, without salt",http://purl.obolibrary.org/obo/FOODON_00003082,mountain yam,accepted,,
168434,"Mushrooms, brown, italian, or crimini, raw",http://purl.obolibrary.org/obo/FOODON_00004253,brown mushroom (raw),accepted,,
168435,"Mushrooms, shiitake, stir-fried",http://purl.obolibrary.org/obo/FOODON_03411635,shiitake mushroom,accepted,,
168436,"Mushrooms, shiitake, dried",http://purl.obolibrary.org/obo/FOODON_00005332,shiitake mushroom (dried),accepted,,
168437,"Mushrooms, shiitake, cooked, without salt",http://purl.obolibrary.org/obo/FOODON_03411635,shiitake mushroom,accepted,,
168438,"Mustard spinach, (tendergreen), raw",http://purl.obolibrary.org/obo/FOODON_00004357,mustard spinach leaf (raw),flagged,The FoodOn name names a part the USDA name does not (leaf).,review loop 2026-09-28
168439,"Mustard spinach, (tendergreen), cooked, boiled, drained, without salt",http://purl.obolibrary.org/obo/FOODON_00004356,mustard spinach leaf,accepted,,
168440,"New Zealand spinach, raw",http://purl.obolibrary.org/obo/FOODON_03000085,New Zealand spinach leaf (raw),flagged,The FoodOn name names a part the USDA name does not (leaf).,review loop 2026-09-28
168441,"New Zealand spinach, cooked, boiled, drained, without salt",http://purl.obolibrary.org/obo/FOODON_03000084,New Zealand spinach leaf,flagged,The FoodOn name names a part the USDA name does not (leaf).,review loop 2026-09-28
168442,"Potatoes, french fried, all types, salt added in processing, frozen, unprepared",http://purl.obolibrary.org/obo/FOODON_03301959,potato (french-fried),accepted,,
168443,"Potato wedges, frozen (Includes foods for USDA's Food Distribution Program)",http://purl.obolibrary.org/obo/FOODON_00002537,potato wedges,accepted,,
168444,"Potatoes, french fried, steak fries, salt added in processing, frozen, as purchased",http://purl.obolibrary.org/obo/FOODON_03301959,potato (french-fried),accepted,,
168445,"Potatoes, french fried, steak fries, salt added in processing, frozen, oven-heated",http://purl.obolibrary.org/obo/FOODON_03301959,potato (french-fried),accepted,,
168446,Potato flour,http://purl.obolibrary.org/obo/FOODON_03302378,potato flour,accepted,,
168447,"Pumpkin leaves, cooked, boiled, drained, without salt",http://purl.obolibrary.org/obo/FOODON_00003645,pumpkin leaf,accepted,,
168448,"Pumpkin, raw",http://purl.obolibrary.org/obo/FOODON_03301697,pumpkin (raw),accepted,,
168449,"Pumpkin, cooked, boiled, drained, without salt",http://purl.obolibrary.org/obo/FOODON_00003486,pumpkin,accepted,,
168450,"Pumpkin, canned, without salt",http://purl.obolibrary.org/obo/FOODON_03301396,pumpkin (canned),accepted,,
168451,"Radishes, oriental, raw",http://purl.obolibrary.org/obo/FOODON_00003076,daikon (raw),flagged,USDA term shares no content word with the USDA name,review loop 2026-09-28
168452,"Radishes, oriental, cooked, boiled, drained, without salt",http://purl.obolibrary.org/obo/FOODON_00003666,daikon,flagged,USDA term shares no content word with the USDA name,review loop 2026-09-28
168453,"Radishes, oriental, dried",http://purl.obolibrary.org/obo/FOODON_00003666,daikon,flagged,USDA term shares no content word with the USDA name,review loop 2026-09-28
168454,"Rutabagas, raw",http://purl.obolibrary.org/obo/FOODON_03309574,rutabaga (raw),accepted,,
168455,"Rutabagas, cooked, boiled, drained, without salt",http://purl.obolibrary.org/obo/FOODON_00003440,rutabaga,accepted,,
168456,"Seaweed, irishmoss, raw",http://purl.obolibrary.org/obo/FOODON_03000276,irish moss (raw),flagged,USDA term shares no content word with the USDA name,review loop 2026-09-28
168457,"Seaweed, kelp, raw",http://purl.obolibrary.org/obo/FOODON_00004358,kelp (raw),flagged,The FoodOn name lacks the USDA food's main word (seaweed).,review loop 2026-09-28
168458,"Seaweed, laver, raw",http://purl.obolibrary.org/obo/FOODON_00005353,laver (raw),accepted,,
168459,"Sesbania flower, raw",,,flagged,USDA term is outside the edible branches,review loop 2026-09-28
168460,"Soybeans, mature seeds, sprouted, cooked, steamed",http://purl.obolibrary.org/obo/FOODON_00003837,soybean sprout,flagged,The FoodOn name names a part the USDA name does not (sprout).,review loop 2026-09-28
168461,"Soybeans, mature seeds, sprouted, cooked, stir-fried",http://purl.obolibrary.org/obo/FOODON_00003837,soybean sprout,flagged,The FoodOn name names a part the USDA name does not (sprout).,review loop 2026-09-28
168462,"Spinach, raw",http://purl.obolibrary.org/obo/FOODON_03301716,spinach leaf (raw),accepted,,
168463,"Spinach, cooked, boiled, drained, without salt",http://purl.obolibrary.org/obo/FOODON_00003908,spinach (cooked),flagged,The FoodOn name names a part the USDA name does not (leaf).,review loop 2026-09-28
168464,"Squash, summer, crookneck and straightneck, raw",http://purl.obolibrary.org/obo/FOODON_03000080,straightneck squash (raw),accepted,,
168465,"Squash, summer, crookneck and straightneck, cooked, boiled, drained, without salt",http://purl.obolibrary.org/obo/FOODON_03000079,straightneck squash,accepted,,
168466,"Squash, summer, crookneck and straightneck, canned, drained, solid, without salt",http://purl.obolibrary.org/obo/FOODON_03000079,straightneck squash,accepted,,
168467,"Squash, summer, crookneck and straightneck, frozen, unprepared",http://purl.obolibrary.org/obo/FOODON_03000079,straightneck squash,accepted,,
168468,"Squash, summer, crookneck and straightneck, frozen, cooked, boiled, drained, without salt",http://purl.obolibrary.org/obo/FOODON_03000079,straightneck squash,accepted,,
168469,"Squash, summer, zucchini, includes skin, frozen, unprepared",http://purl.obolibrary.org/obo/FOODON_00005237,zucchini squash (frozen),accepted,,
168470,"Squash, summer, zucchini, includes skin, frozen, cooked, boiled, drained, without salt",http://purl.obolibrary.org/obo/FOODON_03310943,zucchini squash,accepted,,
168471,"Squash, summer, zucchini, italian style, canned",http://purl.obolibrary.org/obo/FOODON_03310943,zucchini squash,accepted,,
168472,"Squash, winter, acorn, raw",http://purl.obolibrary.org/obo/FOODON_03315223,acorn squash (raw),accepted,,
168473,"Squash, winter, butternut, frozen, unprepared",http://purl.obolibrary.org/obo/FOODON_03303946,butternut squash (frozen),accepted,,
168474,"Squash, winter, butternut, frozen, cooked, boiled, without salt",http://purl.obolibrary.org/obo/FOODON_03303946,butternut squash (frozen),accepted,,
168475,"Squash, winter, hubbard, raw",http://purl.obolibrary.org/obo/FOODON_03000076,hubbard squash (raw),accepted,,
168476,"Squash, winter, hubbard, baked, without salt",http://purl.obolibrary.org/obo/FOODON_03000075,hubbard squash,accepted,,
168477,"Succotash, (corn and limas), cooked, boiled, drained, without salt",,,none,,
168478,"Succotash, (corn and limas), canned, with cream style corn",,,none,,
168479,"Succotash, (corn and limas), canned, with whole kernel corn, solids and liquids",,,none,,
168480,"Succotash, (corn and limas), frozen, unprepared",,,none,,
168481,"Succotash, (corn and limas), frozen, cooked, boiled, drained, without salt",,,none,,
168482,"Sweet potato, raw, unprepared (Includes foods for USDA's Food Distribution Program)",http://purl.obolibrary.org/obo/FOODON_03301717,sweet potato (raw),accepted,,
168483,"Sweet potato, cooked, baked in skin, flesh, without salt",http://purl.obolibrary.org/obo/FOODON_00003445,sweet potato,accepted,,
168484,"Sweet potato, cooked, boiled, without skin",http://purl.obolibrary.org/obo/FOODON_00003445,sweet potato,accepted,,
168485,"Sweet potato, canned, vacuum pack",http://purl.obolibrary.org/obo/FOODON_03301518,sweet potato (canned),accepted,,
168486,"Taro, cooked, without salt",http://purl.obolibrary.org/obo/FOODON_00003752,taro root,flagged,The FoodOn name names a part the USDA name does not (leaf).,review loop 2026-09-28
168487,"Taro leaves, raw",http://purl.obolibrary.org/obo/FOODON_03309835,taro leaf (raw),accepted,,
168488,"Taro leaves, cooked, steamed, without salt",http://purl.obolibrary.org/obo/FOODON_00003649,taro leaf,accepted,,
168489,"Taro shoots, raw",http://purl.obolibrary.org/obo/FOODON_03000139,taro shoot (raw),accepted,,
168490,"Arrowroot, raw",http://purl.obolibrary.org/obo/FOODON_00003068,arrowroot (raw),accepted,,
168491,"Chrysanthemum leaves, raw",http://purl.obolibrary.org/obo/FOODON_00005326,chrysanthemum leaf (raw),accepted,,
168492,"Amaranth leaves, cooked, boiled, drained, with salt",http://purl.obolibrary.org/obo/FOODON_03000026,amaranth leaf,accepted,,
168493,"Arrowhead, cooked, boiled, drained, with salt",,,flagged,USDA term is outside the edible branches,review loop 2026-09-28
168494,"Asparagus, frozen, cooked, boiled, drained, with salt",http://purl.obolibrary.org/obo/FOODON_03301366,asparagus (frozen),accepted,,
168495,"Balsam-pear (bitter gourd), leafy tips, cooked, boiled, drained, with salt",http://purl.obolibrary.org/obo/FOODON_00003825,bitter gourd leaf,flagged,The FoodOn name names a part the USDA name does not (leaf).,review loop 2026-09-28
168496,"Balsam-pear (bitter gourd), pods, cooked, boiled, drained, with salt",http://purl.obolibrary.org/obo/FOODON_03000108,bitter gourd pod,accepted,,
168497,"Bamboo shoots, cooked, boiled, drained, with salt",http://purl.obolibrary.org/obo/FOODON_00005324,bamboo shoot,accepted,,
168498,"Lima beans, immature seeds, frozen, fordhook, cooked, boiled, drained, with salt",http://purl.obolibrary.org/obo/FOODON_00005296,lima bean (immature),accepted,,
168499,"Mung beans, mature seeds, sprouted, cooked, boiled, drained, with salt",http://purl.obolibrary.org/obo/FOODON_00005248,mung bean (mature),accepted,,
168500,"Beans, navy, mature seeds, sprouted, cooked, boiled, drained, with salt",http://purl.obolibrary.org/obo/FOODON_00005253,navy bean (mature),accepted,,
168501,"Beans, pinto, immature seeds, frozen, cooked, boiled, drained, with salt",http://purl.obolibrary.org/obo/FOODON_03315783,pinto bean (canned),accepted,,
168502,"Beans, snap, green, canned, no salt added, solids and liquids",http://purl.obolibrary.org/obo/FOODON_03307712,green bean (canned),accepted,,
168503,"Beans, snap, yellow, canned, regular pack, solids and liquids",http://purl.obolibrary.org/obo/FOODON_03000093,yellow bean,accepted,,
168504,"Beans, snap, yellow, canned, no salt added, solids and liquids",http://purl.obolibrary.org/obo/FOODON_03000093,yellow bean,accepted,,
168505,"Beans, snap, green, canned, no salt added, drained solids",http://purl.obolibrary.org/obo/FOODON_03307712,green bean (canned),accepted,,
168506,"Beets, cooked, boiled. drained, with salt",http://purl.obolibrary.org/obo/FOODON_03317254,beetroot,flagged,USDA term shares no content word with the USDA name,review loop 2026-09-28
168507,"Beets, canned, no salt added, solids and liquids",http://purl.obolibrary.org/obo/FOODON_03301380,beet (canned),accepted,,
168508,"Beet greens, cooked, boiled, drained, with salt",http://purl.obolibrary.org/obo/FOODON_00003633,beet leaf,flagged,The FoodOn name lacks the USDA food's main word (green). The FoodOn name names a part the USDA name does not (leaf).,review loop 2026-09-28
168509,"Borage, cooked, boiled, drained, with salt",http://purl.obolibrary.org/obo/FOODON_03000063,borage leaf,flagged,"Found by hand: cooked borage is the leaves, not the flower.",review loop 2026-09-28
168510,"Broccoli, cooked, boiled, drained, with salt",http://purl.obolibrary.org/obo/FOODON_03311420,broccoli (cooked),accepted,,
168511,"Broccoli, frozen, chopped, cooked, boiled, drained, with salt",http://purl.obolibrary.org/obo/FOODON_03301384,piece(s) of broccoli (frozen),accepted,,
168512,"Broccoli, frozen, spears, cooked, boiled, drained, with salt",http://purl.obolibrary.org/obo/FOODON_00005355,broccoli spear,accepted,,
168513,"Brussels sprouts, cooked, boiled, drained, with salt",http://purl.obolibrary.org/obo/FOODON_03311885,brussels sprout,accepted,,
168514,"Cabbage, common, cooked, boiled, drained, with salt",http://purl.obolibrary.org/obo/FOODON_00003406,cabbage head,accepted,,
168515,"Cabbage, red, cooked, boiled, drained, with salt",http://purl.obolibrary.org/obo/FOODON_00002922,red cabbage head,accepted,,
168516,"Cabbage, savoy, cooked, boiled, drained, with salt",http://purl.obolibrary.org/obo/FOODON_00003684,savoy cabbage head,accepted,,
168517,"Cabbage, chinese (pak-choi), cooked, boiled, drained, with salt",http://purl.obolibrary.org/obo/FOODON_00003662,chinese cabbage head,accepted,,
168518,"Carrots, canned, no salt added, drained solids",http://purl.obolibrary.org/obo/FOODON_03305519,"carrot pieces (peeled, canned)",accepted,,
168519,"Carrots, frozen, cooked, boiled, drained, with salt",http://purl.obolibrary.org/obo/FOODON_03304759,carrot (frozen),accepted,,
168520,"Cauliflower, cooked, boiled, drained, with salt",http://purl.obolibrary.org/obo/FOODON_00003410,cauliflower floret,accepted,,
168521,"Cauliflower, frozen, cooked, boiled, drained, with salt",http://purl.obolibrary.org/obo/FOODON_03305392,cauliflower (frozen),accepted,,
168522,"Chrysanthemum, garland, cooked, boiled, drained, with salt",http://purl.obolibrary.org/obo/FOODON_00005325,chrysanthemum leaf,flagged,The FoodOn name names a part the USDA name does not (leaf).,review loop 2026-09-28
168523,"Collards, cooked, boiled, drained, with salt",http://purl.obolibrary.org/obo/FOODON_00003500,collard leaf,flagged,The FoodOn name names a part the USDA name does not (leaf).,review loop 2026-09-28
168524,"Collards, frozen, chopped, cooked, boiled, drained, with salt",http://purl.obolibrary.org/obo/FOODON_03310954,collard greens (frozen),flagged,The FoodOn name names a part the USDA name does not (leaf).,review loop 2026-09-28
168525,"Corn, sweet, yellow, cooked, boiled, drained, with salt",http://purl.obolibrary.org/obo/FOODON_00003782,yellow sweet corn kernel,accepted,,
168526,"Cowpeas (blackeyes), immature seeds, cooked, boiled, drained, with salt",http://purl.obolibrary.org/obo/FOODON_03306820,blackeyed pea (cooked),flagged,USDA term shares no content word with the USDA name,review loop 2026-09-28
168527,"Cowpeas (blackeyes), immature seeds, frozen, cooked, boiled, drained, with salt",http://purl.obolibrary.org/obo/FOODON_03306820,blackeyed pea (cooked),flagged,The FoodOn name lacks the USDA food's main word (blackeye).,review loop 2026-09-28
168528,"Cowpeas, young pods with seeds, cooked, boiled, drained, with salt",http://purl.obolibrary.org/obo/FOODON_03000101,cowpea pod,accepted,,
168529,"Cowpeas, leafy tips, cooked, boiled, drained, with salt",http://purl.obolibrary.org/obo/FOODON_03000099,cowpea leaf,flagged,The FoodOn name names a part the USDA name does not (leaf).,review loop 2026-09-28
168530,"Gourd, dishcloth (towelgourd), cooked, boiled, drained, with salt",,,flagged,USDA term is outside the edible branches,review loop 2026-09-28
168531,"Drumstick leaves, cooked, boiled, drained, with salt",http://purl.obolibrary.org/obo/FOODON_00005327,moringa leaf,flagged,USDA term shares no content word with the USDA name,review loop 2026-09-28
168532,"Drumstick pods, cooked, boiled, drained, with salt",http://purl.obolibrary.org/obo/FOODON_00004575,moringa pod,flagged,The FoodOn name lacks the USDA food's main word (drumstick).,review loop 2026-09-28
168533,"Hyacinth-beans, immature seeds, cooked, boiled, drained, with salt",http://purl.obolibrary.org/obo/FOODON_00005292,hyacinth bean (immature),accepted,,
168534,"Lambsquarters, cooked, boiled, drained, with salt",http://purl.obolibrary.org/obo/FOODON_00005189,lambs quarters leaf,flagged,USDA term shares no content word with the USDA name,review loop 2026-09-28
168535,"Leeks, (bulb and lower leaf-portion), cooked, boiled, drained, with salt",http://purl.obolibrary.org/obo/FOODON_00003670,leek,accepted,,
168536,"Lotus root, cooked, boiled, drained, with salt",,,flagged,USDA term is outside the edible branches,review loop 2026-09-28
168537,"Mushrooms, white, cooked, boiled, drained, with salt",http://purl.obolibrary.org/obo/FOODON_00003462,white mushroom,accepted,,
168538,"Corn, sweet, white, raw",http://purl.obolibrary.org/obo/FOODON_03303201,white sweet corn kernel (raw),accepted,,
168539,"Corn, sweet, white, cooked, boiled, drained, without salt",http://purl.obolibrary.org/obo/FOODON_00003783,white sweet corn kernel,accepted,,
168540,"Corn, sweet, white, cooked, boiled, drained, with salt",http://purl.obolibrary.org/obo/FOODON_00003783,white sweet corn kernel,accepted,,
168541,"Corn, sweet, white, canned, whole kernel, regular pack, solids and liquids",http://purl.obolibrary.org/obo/FOODON_00003783,white sweet corn kernel,accepted,,
168542,"Corn, sweet, white, canned, vacuum pack, regular pack",http://purl.obolibrary.org/obo/FOODON_00003783,white sweet corn kernel,accepted,,
168543,"Corn, sweet, white, canned, vacuum pack, no salt added",http://purl.obolibrary.org/obo/FOODON_00003783,white sweet corn kernel,accepted,,
168544,"Corn, sweet, white, frozen, kernels cut off cob, unprepared",http://purl.obolibrary.org/obo/FOODON_03303201,white sweet corn kernel (raw),accepted,,
168545,"Corn, sweet, white, frozen, kernels cut off cob, boiled, drained, without salt",http://purl.obolibrary.org/obo/FOODON_00003783,white sweet corn kernel,accepted,,
168546,"Peppers, sweet, red, canned, solids and liquids",http://purl.obolibrary.org/obo/FOODON_03301382,sweet red bell pepper (canned),accepted,,
168547,"Peppers, sweet, red, frozen, chopped, unprepared",http://purl.obolibrary.org/obo/FOODON_00003485,sweet red bell pepper,accepted,,
168548,"Peppers, sweet, red, frozen, chopped, boiled, drained, without salt",http://purl.obolibrary.org/obo/FOODON_00003485,sweet red bell pepper,accepted,,
168549,"Peppers, sweet, red, frozen, chopped, boiled, drained, with salt",http://purl.obolibrary.org/obo/FOODON_00003485,sweet red bell pepper,accepted,,
168550,"Peppers, sweet, red, sauteed",http://purl.obolibrary.org/obo/FOODON_00003485,sweet red bell pepper,accepted,,
168551,"Lentils, sprouted, cooked, stir-fried, with salt",,,none,,
168552,"Mountain yam, hawaii, cooked, steamed, with salt",http://purl.obolibrary.org/obo/FOODON_00003082,mountain yam,accepted,,
168553,"Tree fern, cooked, with salt",,,flagged,The FoodOn name names a part the USDA name does not (leaf).,review loop 2026-09-28
168554,"Potatoes, mashed, prepared from granules, without milk, whole milk and margarine",,,none,,
168555,"Potatoes, mashed, home-prepared, whole milk and butter added",,,none,,
168556,Catsup,,,none,,
168557,"Mushrooms, brown, italian, or crimini, exposed to ultraviolet light, raw",http://purl.obolibrary.org/obo/FOODON_00004253,brown mushroom (raw),accepted,,
168558,"Pickles, cucumber, dill or kosher dill",,,none,,
168559,"Pimento, canned",http://purl.obolibrary.org/obo/FOODON_03306922,pimiento (canned),flagged,USDA term shares no content word with the USDA name,review loop 2026-09-28
168560,"Pickle relish, hot dog",,,none,,
168561,"Pickle relish, sweet",,,none,,
168562,"Pickles, cucumber, sour, low sodium",,,none,,
168563,"Pickles, cucumber, dill, reduced sodium",,,none,,
168564,"Radicchio, raw",http://purl.obolibrary.org/obo/FOODON_00004564,radicchio head (raw),accepted,,
168565,"Squash, zucchini, baby, raw",http://purl.obolibrary.org/obo/FOODON_03000098,baby zucchini squash (raw),accepted,,
168566,"Tomatillos, raw",http://purl.obolibrary.org/obo/FOODON_03309584,tomatillo (raw),accepted,,
168567,"Tomatoes, sun-dried",http://purl.obolibrary.org/obo/FOODON_00005302,tomato (sun-dried),accepted,,
168568,"Carrots, baby, raw",http://purl.obolibrary.org/obo/FOODON_03309388,baby carrot root (raw),accepted,,
168569,"Hearts of palm, canned",http://purl.obolibrary.org/obo/FOODON_03306832,heart of palm (canned),accepted,,
168570,"Peppers, hot chile, sun-dried",http://purl.obolibrary.org/obo/FOODON_00005303,chili pepper (sun-dried),accepted,,
168571,"Nopales, raw",http://purl.obolibrary.org/obo/FOODON_03000448,prickly pear pad (raw),flagged,USDA term shares no content word with the USDA name,review loop 2026-09-28
168572,"Cabbage, napa, cooked",http://purl.obolibrary.org/obo/FOODON_00005337,napa cabbage head,flagged,The FoodOn name names a part the USDA name does not (leaf).,review loop 2026-09-28
168573,"Lemon grass (citronella), raw",http://purl.obolibrary.org/obo/FOODON_03000028,lemongrass leaf (raw),flagged,USDA term shares no content word with the USDA name,review loop 2026-09-28
168574,"Beans, fava, in pod, raw",http://purl.obolibrary.org/obo/FOODON_00002811,broad bean pod,accepted,,
168575,"Grape leaves, raw",http://purl.obolibrary.org/obo/FOODON_03301168,grape leaf (raw),accepted,,
168576,"Peppers, jalapeno, raw",http://purl.obolibrary.org/obo/FOODON_03000023,jalapeno pepper (raw),accepted,,
168577,"Peppers, chili, green, canned",http://purl.obolibrary.org/obo/FOODON_00003744,chili pepper,accepted,,
168578,"Peppers, hungarian, raw",http://purl.obolibrary.org/obo/FOODON_03000131,hungarian wax pepper (raw),accepted,,
168579,"Peppers, pasilla, dried",http://purl.obolibrary.org/obo/FOODON_00005363,pasilla pepper,accepted,,
168580,"Mushrooms, oyster, raw",http://purl.obolibrary.org/obo/FOODON_03306534,oyster mushroom (raw),accepted,,
168581,"Fungi, Cloud ears, dried",http://purl.obolibrary.org/obo/FOODON_00005334,cloud ear mushroom (dried),flagged,The FoodOn name lacks the USDA food's main word (fungi).,review loop 2026-09-28
168582,"Mushrooms, straw, canned, drained solids",http://purl.obolibrary.org/obo/FOODON_03411637,straw mushroom,accepted,,
168583,"Wasabi, root, raw",http://purl.obolibrary.org/obo/FOODON_03305495,wasabi (food product),flagged,USDA term is outside the edible branches,review loop 2026-09-28
168584,"Fiddlehead ferns, frozen, unprepared",http://purl.obolibrary.org/obo/FOODON_03000170,fiddlehead leaf (raw),flagged,The FoodOn name names a part the USDA name does not (leaf).,review loop 2026-09-28
168585,"Nuts, coconut meat, dried (desiccated), creamed",http://purl.obolibrary.org/obo/FOODON_00005219,piece of coconut meat (dried),accepted,,
168586,"Nuts, coconut meat, dried (desiccated), sweetened, shredded",,,none,,
168587,"Seeds, sisymbrium sp. seeds, whole, dried",,,flagged,USDA term is outside the edible branches,review loop 2026-09-28
168588,"Nuts, almond butter, plain, without salt added",http://purl.obolibrary.org/obo/FOODON_03310875,almond butter,accepted,,
168589,"Nuts, chestnuts, japanese, boiled and steamed",http://purl.obolibrary.org/obo/FOODON_00003654,japanese chestnut,accepted,,
168590,"Nuts, chestnuts, japanese, roasted",http://purl.obolibrary.org/obo/FOODON_00003654,japanese chestnut,accepted,,
168591,"Seeds, lotus seeds, raw",http://purl.obolibrary.org/obo/FOODON_00003796,lotus seed,flagged,The FoodOn name says the opposite of the USDA name (dried).,review loop 2026-09-28
168592,"Nuts, almonds, honey roasted, unblanched",http://purl.obolibrary.org/obo/FOODON_00003523,almond,accepted,,
168593,"Seeds, sunflower seed kernels, oil roasted, with salt added",http://purl.obolibrary.org/obo/FOODON_00003581,sunflower seed (whole kernel),accepted,,
168594,"Seeds, sunflower seed kernels, toasted, with salt added",http://purl.obolibrary.org/obo/FOODON_00003581,sunflower seed (whole kernel),accepted,,
168595,"Seeds, sunflower seed butter, with salt added (Includes foods for USDA's Food Distribution Program)",,,none,,
168596,"Nuts, almonds, dry roasted, with salt added",http://purl.obolibrary.org/obo/FOODON_03311210,"almond (dry, roasted)",accepted,,
168597,"Nuts, cashew butter, plain, with salt added",http://purl.obolibrary.org/obo/FOODON_03303382,cashew butter,accepted,,
168598,"Nuts, macadamia nuts, dry roasted, with salt added",http://purl.obolibrary.org/obo/FOODON_00003003,macadamia nut,accepted,,
168599,"Nuts, mixed nuts, dry roasted, with peanuts, with salt added",,,none,,
168600,"Nuts, mixed nuts, oil roasted, with peanuts, with salt added",,,none,,
168601,"Seeds, pumpkin and squash seeds, whole, roasted, with salt added",,,none,,
168602,"Nuts, almonds, oil roasted, lightly salted",http://purl.obolibrary.org/obo/FOODON_03310875,almond butter,accepted,,
168603,"Nuts, almond butter, plain, with salt added",http://purl.obolibrary.org/obo/FOODON_03310875,almond butter,accepted,,
168604,"Seeds, sesame butter, tahini, type of kernels unspecified",,,none,,
168605,"Beef, retail cuts, separable fat, raw",http://purl.obolibrary.org/obo/FOODON_02000465,beef retail cut (raw),accepted,,
168606,"Beef, retail cuts, separable fat, cooked",http://purl.obolibrary.org/obo/FOODON_00004478,beef retail cut,accepted,,
168607,"Beef, brisket, whole, separable lean only, all grades, raw",http://purl.obolibrary.org/obo/FOODON_02000190,beef brisket (raw),accepted,,
168608,"Beef, grass-fed, ground, raw",http://purl.obolibrary.org/obo/FOODON_03301886,"beef (ground, raw)",accepted,,
168609,"Beef, flank, steak, separable lean only, trimmed to 0"" fat, choice, raw",http://purl.obolibrary.org/obo/FOODON_02000178,beef flank steak (raw),accepted,,
168610,"Beef, flank, steak, separable lean only, trimmed to 0"" fat, choice, cooked, braised",http://purl.obolibrary.org/obo/FOODON_02000177,beef flank steak,accepted,,
168611,"Beef, flank, steak, separable lean only, trimmed to 0"" fat, choice, cooked, broiled",http://purl.obolibrary.org/obo/FOODON_02000177,beef flank steak,accepted,,
168612,"Beef, rib, eye, small end (ribs 10-12), separable lean and fat, trimmed to 0"" fat, choice, raw",http://purl.obolibrary.org/obo/FOODON_02000230,beef small end rib roast (raw),accepted,,
168613,"Beef, rib, shortribs, separable lean and fat, choice, cooked, braised",http://purl.obolibrary.org/obo/FOODON_00002882,beef short rib,accepted,,
168614,"Beef, rib, shortribs, separable lean only, choice, raw",http://purl.obolibrary.org/obo/FOODON_02000223,beef short rib (raw),accepted,,
168615,"Beef, rib, shortribs, separable lean only, choice, cooked, braised",http://purl.obolibrary.org/obo/FOODON_00002882,beef short rib,accepted,,
168616,"Beef, round, full cut, separable lean only, trimmed to 1/4"" fat, choice, cooked, broiled",http://purl.obolibrary.org/obo/FOODON_02000000,beef round,accepted,,
168617,"Beef, round, full cut, separable lean only, trimmed to 1/4"" fat, select, cooked, broiled",http://purl.obolibrary.org/obo/FOODON_02000000,beef round,accepted,,
168618,"Beef, short loin, porterhouse steak, separable lean only, trimmed to 1/8"" fat, choice, cooked, grilled",http://purl.obolibrary.org/obo/FOODON_00003305,beef porterhouse steak,accepted,,
168619,"Beef, short loin, t-bone steak, bone-in, separable lean only, trimmed to 1/8"" fat, choice, raw",http://purl.obolibrary.org/obo/FOODON_02000120,beef T-bone steak (raw),accepted,,
168620,"Beef, short loin, t-bone steak, bone-in, separable lean only, trimmed to 1/8"" fat, choice, cooked, grilled",http://purl.obolibrary.org/obo/FOODON_00003304,beef T-bone steak,accepted,,
168621,"Beef, rib eye, small end (ribs 10-12), separable lean only, trimmed to 0"" fat, select, raw",http://purl.obolibrary.org/obo/FOODON_02000230,beef small end rib roast (raw),accepted,,
168622,"Beef, variety meats and by-products, brain, raw",http://purl.obolibrary.org/obo/FOODON_02020922,beef brain (raw),accepted,,
168623,"Beef, variety meats and by-products, brain, cooked, pan-fried",http://purl.obolibrary.org/obo/FOODON_02020911,beef brain,accepted,,
168624,"Beef, variety meats and by-products, brain, cooked, simmered",http://purl.obolibrary.org/obo/FOODON_02020911,beef brain,accepted,,
168625,"Beef, variety meats and by-products, heart, raw",http://purl.obolibrary.org/obo/FOODON_00004412,beef heart (raw),accepted,,
168626,"Beef, variety meats and by-products, liver, cooked, braised",http://purl.obolibrary.org/obo/FOODON_02020913,beef liver,accepted,,
168627,"Beef, variety meats and by-products, liver, cooked, pan-fried",http://purl.obolibrary.org/obo/FOODON_02020913,beef liver,accepted,,
168628,"Beef, variety meats and by-products, lungs, raw",http://purl.obolibrary.org/obo/FOODON_00002710,beef lung (raw),accepted,,
168629,"Beef, variety meats and by-products, lungs, cooked, braised",http://purl.obolibrary.org/obo/FOODON_02020915,beef lung,accepted,,
168630,"Beef, variety meats and by-products, mechanically separated beef, raw",http://purl.obolibrary.org/obo/FOODON_02000420,"piece of beef (mechanically deboned, raw)",accepted,,
168631,"Beef, loin, top loin steak, boneless, lip off, separable lean and fat, trimmed to 0"" fat, select, cooked, grilled",http://purl.obolibrary.org/obo/FOODON_02000127,beef strip steak (boneless),accepted,,
168632,"Beef, loin, top loin steak, boneless, lip off, separable lean only, trimmed to 0"" fat, all grades, cooked, grilled",http://purl.obolibrary.org/obo/FOODON_02000127,beef strip steak (boneless),accepted,,
168633,"Beef, top sirloin, steak, separable lean and fat, trimmed to 0"" fat, select, cooked, broiled",http://purl.obolibrary.org/obo/FOODON_02000149,beef top sirloin steak,accepted,,
168634,"Beef, top sirloin, steak, separable lean only, trimmed to 0"" fat, all grades, cooked, broiled",http://purl.obolibrary.org/obo/FOODON_02000149,beef top sirloin steak,accepted,,
168635,"Beef, top sirloin, steak, separable lean only, trimmed to 0"" fat, choice, cooked, broiled",http://purl.obolibrary.org/obo/FOODON_02000149,beef top sirloin steak,accepted,,
168636,"Beef, top sirloin, steak, separable lean only, trimmed to 0"" fat, select, cooked, broiled",http://purl.obolibrary.org/obo/FOODON_02000149,beef top sirloin steak,accepted,,
168637,"Beef, short loin, porterhouse steak, separable lean only,  trimmed to 1/8"" fat, all grades, cooked, grilled",http://purl.obolibrary.org/obo/FOODON_00003305,beef porterhouse steak,accepted,,
168638,"Beef, short loin, porterhouse steak, separable lean only, trimmed to 0"" fat, all grades, cooked, broiled",http://purl.obolibrary.org/obo/FOODON_00003305,beef porterhouse steak,accepted,,
168639,"Beef, short loin, porterhouse steak, separable lean only, trimmed to 0"" fat, choice, cooked, broiled",http://purl.obolibrary.org/obo/FOODON_00003305,beef porterhouse steak,accepted,,
168640,"Beef, short loin, porterhouse steak, separable lean only, trimmed to 1/8"" fat, select, raw",http://purl.obolibrary.org/obo/FOODON_02000401,beef porterhouse steak (raw),accepted,,
168641,"Beef, short loin, porterhouse steak, separable lean only, trimmed to 1/8"" fat, select, cooked, grilled",http://purl.obolibrary.org/obo/FOODON_00003305,beef porterhouse steak,accepted,,
168642,"Beef, short loin, t-bone steak, bone-in, separable lean only, trimmed to 1/8"" fat, all grades, raw",http://purl.obolibrary.org/obo/FOODON_02000120,beef T-bone steak (raw),accepted,,
168643,"Beef, short loin, t-bone steak, bone-in, separable lean only, trimmed to 1/8"" fat, all grades, cooked, grilled",http://purl.obolibrary.org/obo/FOODON_00003304,beef T-bone steak,accepted,,
168644,"Beef, short loin, t-bone steak, separable lean only, trimmed to 0"" fat, choice, cooked, broiled",http://purl.obolibrary.org/obo/FOODON_00003304,beef T-bone steak,accepted,,
168645,"Beef, short loin, t-bone steak, bone-in, separable lean only, trimmed to 1/8"" fat, select, raw",http://purl.obolibrary.org/obo/FOODON_02000120,beef T-bone steak (raw),accepted,,
168646,"Beef, round, tip round, roast, separable lean and fat, trimmed to 0"" fat, choice, raw",http://purl.obolibrary.org/obo/FOODON_02000028,beef sirloin tip roast (raw),accepted,,
168647,"Beef, round, tip round, roast, separable lean and fat, trimmed to 0"" fat, select, raw",http://purl.obolibrary.org/obo/FOODON_02000028,beef sirloin tip roast (raw),accepted,,
168648,"Beef, rib, eye, small end (ribs 10- 12) separable lean only, trimmed to 0"" fat, select, cooked, broiled",http://purl.obolibrary.org/obo/FOODON_02000229,beef small end rib roast,accepted,,
168649,"Beef, round, top round steak, boneless, separable lean only, trimmed to 0"" fat, all grades, cooked, grilled",http://purl.obolibrary.org/obo/FOODON_02000016,beef top round steak (boneless),accepted,,
168650,"Beef, ground, 70% lean meat / 30% fat, patty cooked, pan-broiled",http://purl.obolibrary.org/obo/FOODON_00001282,beef (ground),accepted,,
168651,"Beef, ground, 70% lean meat / 30% fat, patty, cooked, broiled",http://purl.obolibrary.org/obo/FOODON_00001282,beef (ground),accepted,,
168652,"Beef, ground, 70% lean meat / 30% fat, raw",http://purl.obolibrary.org/obo/FOODON_03301886,"beef (ground, raw)",accepted,,
168653,"Beef, chuck, under blade center steak, boneless, Denver Cut, separable lean only, trimmed to 0"" fat, select, raw",http://purl.obolibrary.org/obo/FOODON_02000106,beef chuck steak (raw),accepted,,
168654,"Beef, shoulder top blade steak, boneless, separable lean only, trimmed to 0"" fat, all grades, cooked, grilled",http://purl.obolibrary.org/obo/FOODON_02000085,beef top blade steak,accepted,,
168655,"Beef, shoulder top blade steak, boneless, separable lean only, trimmed to 0"" fat, select, raw",http://purl.obolibrary.org/obo/FOODON_02000086,beef top blade steak (raw),accepted,,
168656,"Beef, brisket, flat half, boneless separable lean only, trimmed to 0"" fat, all grades, raw",http://purl.obolibrary.org/obo/FOODON_02000194,"beef brisket flat half (boneless, raw)",accepted,,
168657,"Beef, brisket, flat half, boneless, separable lean only, trimmed to 0"" fat, choice, raw",http://purl.obolibrary.org/obo/FOODON_02000194,"beef brisket flat half (boneless, raw)",accepted,,
168658,"Beef, brisket, flat half, boneless, separable lean only, trimmed to 0"" fat, select, raw",http://purl.obolibrary.org/obo/FOODON_02000194,"beef brisket flat half (boneless, raw)",accepted,,
168659,"Beef, shoulder top blade steak, boneless, separable lean and fat, trimmed to 0"" fat, choice, cooked, grilled",http://purl.obolibrary.org/obo/FOODON_02000085,beef top blade steak,accepted,,
168660,"Beef, chuck eye roast, boneless, America's Beef Roast, separable lean and fat, trimmed to 0"" fat, all grades, raw",http://purl.obolibrary.org/obo/FOODON_02000057,beef chuck eye roast (raw),accepted,,
168661,"Beef, chuck eye roast, boneless, America's Beef Roast, separable lean and fat, trimmed to 0"" fat, choice, raw",http://purl.obolibrary.org/obo/FOODON_02000057,beef chuck eye roast (raw),accepted,,
168662,"Beef, chuck eye roast, boneless, America's Beef Roast, separable lean and fat, trimmed to 0"" fat, select, raw",http://purl.obolibrary.org/obo/FOODON_02000057,beef chuck eye roast (raw),accepted,,
168663,"Beef, composite of trimmed retail cuts, separable lean and fat, trimmed to 1/8"" fat, select, cooked",http://purl.obolibrary.org/obo/FOODON_00004478,beef retail cut,accepted,,
168664,"Beef, brisket, whole, separable lean and fat, trimmed to 1/8"" fat, all grades, raw",http://purl.obolibrary.org/obo/FOODON_02000190,beef brisket (raw),accepted,,
168665,"Beef, brisket, whole, separable lean and fat, trimmed to 1/8"" fat, all grades, cooked, braised",http://purl.obolibrary.org/obo/FOODON_02000189,beef brisket,accepted,,
168666,"Beef, brisket, flat half, separable lean and fat, trimmed to 1/8"" fat, all grades, raw",http://purl.obolibrary.org/obo/FOODON_02000194,"beef brisket flat half (boneless, raw)",accepted,,
168667,"Beef, chuck, arm pot roast, separable lean and fat, trimmed to 1/8"" fat, all grades, cooked, braised",http://purl.obolibrary.org/obo/FOODON_02000111,beef chuck arm roast,accepted,,
168668,"Beef, chuck, arm pot roast, separable lean and fat, trimmed to 1/8"" fat, choice, raw",http://purl.obolibrary.org/obo/FOODON_02000112,beef chuck arm roast (raw),accepted,,
168669,"Beef, chuck, arm pot roast, separable lean and fat, trimmed to 1/8"" fat, choice, cooked, braised",http://purl.obolibrary.org/obo/FOODON_02000111,beef chuck arm roast,accepted,,
168670,"Beef, chuck, arm pot roast, separable lean and fat, trimmed to 1/8"" fat, select, raw",http://purl.obolibrary.org/obo/FOODON_02000112,beef chuck arm roast (raw),accepted,,
168671,"Beef, chuck, blade roast, separable lean and fat, trimmed to 1/8"" fat, choice, cooked, braised",http://purl.obolibrary.org/obo/FOODON_02000101,beef blade chuck roast,accepted,,
168672,"Beef, chuck, blade roast, separable lean and fat, trimmed to 1/8"" fat, select, raw",http://purl.obolibrary.org/obo/FOODON_02000102,beef blade chuck roast (raw),accepted,,
168673,"Beef, chuck, blade roast, separable lean and fat, trimmed to 1/8"" fat, select, cooked, braised",http://purl.obolibrary.org/obo/FOODON_02000101,beef blade chuck roast,accepted,,
168674,"Beef, chuck eye roast, boneless, America's Beef Roast, separable lean only, trimmed to 0"" fat, all grades, cooked, roasted",http://purl.obolibrary.org/obo/FOODON_02000056,beef chuck eye roast,accepted,,
168675,"Beef, rib, whole (ribs 6-12), separable lean and fat, trimmed to 1/8"" fat, choice, raw",http://purl.obolibrary.org/obo/FOODON_02000228,beef prime rib roast (raw),accepted,,
168676,"Beef, rib, whole (ribs 6-12), separable lean and fat, trimmed to 1/8"" fat, choice, cooked, broiled",http://purl.obolibrary.org/obo/FOODON_00002954,beef prime rib roast,accepted,,
168677,"Beef, rib, whole (ribs 6-12), separable lean and fat, trimmed to 1/8"" fat, choice, cooked, roasted",http://purl.obolibrary.org/obo/FOODON_00002954,beef prime rib roast,accepted,,
168678,"Beef, rib, whole (ribs 6-12), separable lean and fat, trimmed to 1/8"" fat, select, raw",http://purl.obolibrary.org/obo/FOODON_02000228,beef prime rib roast (raw),accepted,,
168679,"Beef, rib, whole (ribs 6-12), separable lean and fat, trimmed to 1/8"" fat, prime, cooked, roasted",http://purl.obolibrary.org/obo/FOODON_00002954,beef prime rib roast,accepted,,
168680,"Beef, rib, large end (ribs 6-9), separable lean and fat, trimmed to 1/8"" fat, all grades, raw",http://purl.obolibrary.org/obo/FOODON_02000232,beef large end rib roast (raw),accepted,,
168681,"Beef, rib, large end (ribs 6-9), separable lean and fat, trimmed to 1/8"" fat, all grades, cooked, broiled",http://purl.obolibrary.org/obo/FOODON_02000231,beef large end rib roast,accepted,,
168682,"Beef, rib, large end (ribs 6-9), separable lean and fat, trimmed to 1/8"" fat, all grades, cooked, roasted",http://purl.obolibrary.org/obo/FOODON_02000231,beef large end rib roast,accepted,,
168683,"Beef, rib, large end (ribs 6-9), separable lean and fat, trimmed to 1/8"" fat, select, cooked, broiled",http://purl.obolibrary.org/obo/FOODON_02000231,beef large end rib roast,accepted,,
168684,"Beef, rib, large end (ribs 6-9), separable lean and fat, trimmed to 1/8"" fat, select, cooked, roasted",http://purl.obolibrary.org/obo/FOODON_02000231,beef large end rib roast,accepted,,
168685,"Beef, rib, large end (ribs 6-9), separable lean and fat, trimmed to 1/8"" fat, prime, raw",http://purl.obolibrary.org/obo/FOODON_02000232,beef large end rib roast (raw),accepted,,
168686,"Beef, rib, large end (ribs 6-9), separable lean and fat, trimmed to 1/8"" fat, prime, cooked, broiled",http://purl.obolibrary.org/obo/FOODON_02000231,beef large end rib roast,accepted,,
168687,"Beef, rib, large end (ribs 6-9), separable lean and fat, trimmed to 1/8"" fat, prime, cooked, roasted",http://purl.obolibrary.org/obo/FOODON_02000231,beef large end rib roast,accepted,,
168688,"Beef, rib, small end (ribs 10-12), separable lean and fat, trimmed to 1/8"" fat, choice, cooked, broiled",http://purl.obolibrary.org/obo/FOODON_02000229,beef small end rib roast,accepted,,
168689,"Beef, rib, small end (ribs 10-12), separable lean and fat, trimmed to 1/8"" fat, choice, cooked, roasted",http://purl.obolibrary.org/obo/FOODON_02000229,beef small end rib roast,accepted,,
168690,"Beef, rib, small end (ribs 10-12), separable lean and fat, trimmed to 1/8"" fat, select, raw",http://purl.obolibrary.org/obo/FOODON_02000230,beef small end rib roast (raw),accepted,,
168691,"Beef, rib, small end (ribs 10-12), separable lean and fat, trimmed to 1/8"" fat, select, cooked, broiled",http://purl.obolibrary.org/obo/FOODON_02000229,beef small end rib roast,accepted,,
168692,"Beef, shoulder top blade steak, boneless, separable lean and fat, trimmed to 0"" fat, select, cooked, grilled",http://purl.obolibrary.org/obo/FOODON_02000085,beef top blade steak,accepted,,
168693,"Beef, shoulder top blade steak, boneless, separable lean and fat, trimmed to 0"" fat, all grades, raw",http://purl.obolibrary.org/obo/FOODON_02000086,beef top blade steak (raw),accepted,,
168694,"Beef, round, full cut, separable lean and fat, trimmed to 1/8"" fat, choice, raw",http://purl.obolibrary.org/obo/FOODON_02000001,beef round (raw),accepted,,
168695,"Beef, round, full cut, separable lean and fat, trimmed to 1/8"" fat, choice, cooked, broiled",http://purl.obolibrary.org/obo/FOODON_02000000,beef round,accepted,,
168696,"Beef, round, bottom round, roast, separable lean and fat, trimmed to 1/8"" fat, all grades, cooked, roasted",http://purl.obolibrary.org/obo/FOODON_02000008,beef bottom round roast,accepted,,
168697,"Beef, round, bottom round, steak, separable lean and fat, trimmed to 1/8"" fat, choice, raw",http://purl.obolibrary.org/obo/FOODON_02000005,beef bottom round steak (raw),accepted,,
168698,"Beef, round, bottom round, steak, separable lean and fat, trimmed to 1/8"" fat, choice, cooked, braised",http://purl.obolibrary.org/obo/FOODON_02000004,beef bottom round steak,accepted,,
168699,"Beef, round, bottom round, roast, separable lean and fat, trimmed to 1/8"" fat, choice, cooked, roasted",http://purl.obolibrary.org/obo/FOODON_02000008,beef bottom round roast,accepted,,
168700,"Beef, round, bottom round, steak, separable lean and fat, trimmed to 1/8"" fat, select, raw",http://purl.obolibrary.org/obo/FOODON_02000005,beef bottom round steak (raw),accepted,,
168701,"Beef, round, eye of round, roast, separable lean and fat, trimmed to 1/8"" fat, choice, raw",http://purl.obolibrary.org/obo/FOODON_02000042,beef eye of round roast (raw),accepted,,
168702,"Beef, round, eye of round, roast, separable lean and fat, trimmed to 1/8"" fat, choice, cooked, roasted",http://purl.obolibrary.org/obo/FOODON_02000008,beef bottom round roast,accepted,,
168703,"Beef, round, eye of round, roast, separable lean and fat, trimmed to 1/8"" fat, select, raw",http://purl.obolibrary.org/obo/FOODON_02000042,beef eye of round roast (raw),accepted,,
168704,"Beef, round, eye of round, roast, separable lean and fat, trimmed to 1/8"" fat, select, cooked, roasted",http://purl.obolibrary.org/obo/FOODON_02000041,beef eye of round roast,accepted,,
168705,"Beef, round, tip round, separable lean and fat, trimmed to 1/8"" fat, select, raw",http://purl.obolibrary.org/obo/FOODON_02000026,beef sirloin tip (raw),accepted,,
168706,"Beef, round, tip round, roast, separable lean and fat, trimmed to 1/8"" fat, select, cooked, roasted",http://purl.obolibrary.org/obo/FOODON_02000027,beef sirloin tip roast,accepted,,
168707,"Beef, shoulder top blade steak, boneless, separable lean and fat, trimmed to 0"" fat, choice, raw",http://purl.obolibrary.org/obo/FOODON_02000086,beef top blade steak (raw),accepted,,
168708,"Beef, round, top round, separable lean only, trimmed to 1/8"" fat, choice, cooked, pan-fried",http://purl.obolibrary.org/obo/FOODON_02000012,beef top round,accepted,,
168709,"Beef, round, top round, separable lean and fat, trimmed to 1/8"" fat, choice, cooked, braised",http://purl.obolibrary.org/obo/FOODON_02000012,beef top round,accepted,,
168710,"Beef, round, top round, steak, separable lean and fat, trimmed to 1/8"" fat, choice, cooked, broiled",http://purl.obolibrary.org/obo/FOODON_02000014,beef top round steak,accepted,,
168711,"Beef, round, top round, separable lean and fat, trimmed to 1/8"" fat, choice, cooked, pan-fried",http://purl.obolibrary.org/obo/FOODON_02000012,beef top round,accepted,,
168712,"Beef, round, top round, steak, separable lean and fat, trimmed to 1/8"" fat, select, raw",http://purl.obolibrary.org/obo/FOODON_02000015,beef top round steak (raw),accepted,,
168713,"Beef, round, top round, separable lean and fat, trimmed to 1/8"" fat, select, cooked, braised",http://purl.obolibrary.org/obo/FOODON_02000012,beef top round,accepted,,
168714,"Beef, brisket, flat half, boneless, separable lean and fat, trimmed to 0"" fat, all grades, raw",http://purl.obolibrary.org/obo/FOODON_02000194,"beef brisket flat half (boneless, raw)",accepted,,
168715,"Beef, short loin, porterhouse steak, separable lean and fat, trimmed to 1/8"" fat, choice, raw",http://purl.obolibrary.org/obo/FOODON_02000401,beef porterhouse steak (raw),accepted,,
168716,"Beef, short loin, porterhouse steak, separable lean and fat, trimmed to 1/8"" fat, choice, cooked, grilled",http://purl.obolibrary.org/obo/FOODON_00003305,beef porterhouse steak,accepted,,
168717,"Beef, short loin, t-bone steak, separable lean and fat, trimmed to 1/8"" fat, choice, raw",http://purl.obolibrary.org/obo/FOODON_02000120,beef T-bone steak (raw),accepted,,
168718,"Beef, short loin, top loin, steak, separable lean and fat, trimmed to 1/8"" fat, choice, cooked, grilled",http://purl.obolibrary.org/obo/FOODON_02000127,beef strip steak (boneless),accepted,,
168719,"Beef, loin, top loin, separable lean and fat, trimmed to 1/8"" fat, select, raw",http://purl.obolibrary.org/obo/FOODON_02000128,"beef strip steak (boneless, raw)",accepted,,
168720,"Beef, loin, top loin, separable lean and fat, trimmed to 1/8"" fat, select, cooked, grilled",http://purl.obolibrary.org/obo/FOODON_02000121,beef strip loin (bone-in),accepted,,
168721,"Beef, short loin, top loin, steak, separable lean and fat, trimmed to 1/8"" fat, prime, raw",http://purl.obolibrary.org/obo/FOODON_02000128,"beef strip steak (boneless, raw)",accepted,,
168722,"Beef, tenderloin, steak, separable lean and fat, trimmed to 1/8"" fat, choice, cooked, broiled",http://purl.obolibrary.org/obo/FOODON_02000137,beef tenderloin steak (bone-in),accepted,,
168723,"Beef, tenderloin, roast, separable lean and fat, trimmed to 1/8"" fat, choice, cooked, roasted",http://purl.obolibrary.org/obo/FOODON_02000141,beef tenderloin roast,accepted,,
168724,"Beef, tenderloin, steak, separable lean and fat, trimmed to 1/8"" fat, select, raw",http://purl.obolibrary.org/obo/FOODON_02000144,beef tenderloin steak (raw),accepted,,
168725,"Beef, tenderloin, steak, separable lean and fat, trimmed to 1/8"" fat, select, cooked, broiled",http://purl.obolibrary.org/obo/FOODON_02000137,beef tenderloin steak (bone-in),accepted,,
168726,"Beef, top sirloin, steak, separable lean and fat, trimmed to 1/8"" fat, all grades, raw",http://purl.obolibrary.org/obo/FOODON_02000150,beef top sirloin steak (raw),accepted,,
168727,"Beef, top sirloin, steak, separable lean and fat, trimmed to 1/8"" fat, all grades, cooked, broiled",http://purl.obolibrary.org/obo/FOODON_02000149,beef top sirloin steak,accepted,,
168728,"Beef, top sirloin, steak, separable lean and fat, trimmed to 1/8"" fat, choice, raw",http://purl.obolibrary.org/obo/FOODON_02000150,beef top sirloin steak (raw),accepted,,
168729,"Beef, top sirloin, steak, separable lean and fat, trimmed to 1/8"" fat, choice, cooked, broiled",http://purl.obolibrary.org/obo/FOODON_02000149,beef top sirloin steak,accepted,,
168730,"Beef, chuck, clod roast, separable lean only, trimmed to 0"" fat, select, cooked, roasted",http://purl.obolibrary.org/obo/FOODON_02000075,beef shoulder roast,accepted,,
168731,"Beef, shoulder steak, boneless, separable lean only, trimmed to 0"" fat, choice, cooked, grilled",http://purl.obolibrary.org/obo/FOODON_02000073,beef shoulder steak,accepted,,
168732,"Beef, shoulder steak, boneless, separable lean only, trimmed to 0"" fat, select, cooked, grilled",http://purl.obolibrary.org/obo/FOODON_02000073,beef shoulder steak,accepted,,
168733,"Beef, flank, steak, separable lean and fat, trimmed to 0"" fat, all grades, cooked, broiled",http://purl.obolibrary.org/obo/FOODON_02000177,beef flank steak,accepted,,
168734,"Beef, bottom sirloin, tri-tip roast, separable lean and fat, trimmed to 0"" fat, all grades, raw",http://purl.obolibrary.org/obo/FOODON_02000164,beef tri-tip roast (raw),accepted,,
168735,"Beef, bottom sirloin, tri-tip roast, separable lean and fat, trimmed to 0"" fat, choice, cooked, roasted",http://purl.obolibrary.org/obo/FOODON_02000163,beef tri-tip roast,accepted,,
168736,"Beef, bottom sirloin, tri-tip roast, separable lean and fat, trimmed to 0"" fat, choice, raw",http://purl.obolibrary.org/obo/FOODON_02000164,beef tri-tip roast (raw),accepted,,
168737,"Beef, bottom sirloin, tri-tip roast, separable lean and fat, trimmed to 0"" fat, select, cooked, roasted",http://purl.obolibrary.org/obo/FOODON_02000163,beef tri-tip roast,accepted,,
168738,"Beef, chuck, top blade, separable lean only, trimmed to 0"" fat, choice, cooked, broiled",http://purl.obolibrary.org/obo/FOODON_02000083,beef top blade,accepted,,
168739,"Beef, chuck, top blade, separable lean only, trimmed to 0"" fat, select, cooked, broiled",http://purl.obolibrary.org/obo/FOODON_02000083,beef top blade,accepted,,
168740,"Beef, round, top round steak, boneless, separable lean and fat, trimmed to 0"" fat, choice, cooked, grilled",http://purl.obolibrary.org/obo/FOODON_02000016,beef top round steak (boneless),accepted,,
168741,"Beef, round, top round steak, boneless, separable lean and fat, trimmed to 0"" fat, select, cooked, grilled",http://purl.obolibrary.org/obo/FOODON_02000016,beef top round steak (boneless),accepted,,
168742,"Beef, chuck eye roast, boneless, America's Beef Roast, separable lean only, trimmed to 0"" fat, select, raw",http://purl.obolibrary.org/obo/FOODON_02000057,beef chuck eye roast (raw),accepted,,
168743,"Beef, brisket, flat half, boneless, separable lean and fat, trimmed to 0"" fat, choice, raw",http://purl.obolibrary.org/obo/FOODON_02000194,"beef brisket flat half (boneless, raw)",accepted,,
168744,"Beef, plate, inside skirt steak, separable lean only, trimmed to 0"" fat, all grades, cooked, broiled",http://purl.obolibrary.org/obo/FOODON_02000181,beef inside skirt steak,accepted,,
168745,"Beef, plate, outside skirt steak, separable lean only, trimmed to 0"" fat, all grades, cooked, broiled",http://purl.obolibrary.org/obo/FOODON_02000183,beef outside skirt steak,accepted,,
168746,"Alcoholic beverage, beer, regular, all",,,none,,
168747,"Alcoholic beverage, beer, regular, BUDWEISER",,,none,,
168748,"Alcoholic beverage, beer, light, BUDWEISER SELECT",,,none,,
168749,"Alcoholic beverage, beer, light",,,none,,
168750,"Alcoholic beverage, pina colada, canned",,,none,,
168751,"Beverages, almond milk, sweetened, vanilla flavor, ready-to-drink",,,none,,
168752,"Alcoholic beverage, pina colada, prepared-from-recipe",,,none,,
168753,"Alcoholic beverage, tequila sunrise, canned",,,none,,
168754,"Candies, milk chocolate, with almonds",,,none,,
168755,"Candies, milk chocolate, with rice cereal",,,none,,
168756,"Candies, MARS SNACKFOOD US, MILKY WAY Bar",,,none,,
168757,"Candies, HERSHEY'S SKOR Toffee Bar",,,none,,
168758,"Toppings, strawberry",,,none,,
168759,"Candies, MOUNDS Candy Bar",,,none,,
168760,"Candies, MR. GOODBAR Chocolate Bar",,,none,,
168761,"Candies, NESTLE, 100 GRAND Bar",,,none,,
168762,"Candies, NESTLE, CRUNCH Bar and Dessert Topping",,,none,,
168763,"Candies, REESE'S Peanut Butter Cups",,,none,,
168764,"Candies, REESE'S PIECES Candy",,,none,,
168765,"Candies, ROLO Caramels in Milk Chocolate",,,none,,
168766,"Candies, NESTLE, AFTER EIGHT Mints",,,none,,
168767,"Candies, MARS SNACKFOOD US, 3 MUSKETEERS Bar",,,none,,
168768,"Candies, MARS SNACKFOOD US, TWIX Caramel Cookie Bars",,,none,,
168769,"Candies, MARS SNACKFOOD US, TWIX Peanut Butter Cookie Bars",,,none,,
168770,"Candies, WHATCHAMACALLIT Candy Bar",,,none,,
168771,Chewing gum,http://purl.obolibrary.org/obo/FOODON_03310643,chewing gum,added,FoodOn names it through a safe un-inverted form,review loop 2026-09-28
168772,"Egg custards, dry mix",,,none,,
168773,"Egg custards, dry mix, prepared with whole milk",,,none,,
168774,"Cocoa, dry powder, unsweetened, HERSHEY'S European Style Cocoa",,,none,,
168775,"Gelatin desserts, dry mix",,,none,,
168776,"Candies, YORK BITES",,,none,,
168777,"Desserts, mousse, chocolate, prepared-from-recipe",,,none,,
168778,"Puddings, chocolate, ready-to-eat",,,none,,
168779,"Puddings, chocolate, dry mix, instant",,,none,,
168780,"Puddings, chocolate, dry mix, regular, prepared with 2% milk",,,none,,
168781,"Puddings, coconut cream, dry mix, instant, prepared with 2% milk",,,none,,
168782,"Puddings, rice, ready-to-eat",,,none,,
168783,"Puddings, rice, dry mix",,,none,,
168784,"Puddings, vanilla, dry mix, instant",,,none,,
168785,"Puddings, vanilla, dry mix, instant, prepared with whole milk",,,none,,
168786,"Puddings, lemon, dry mix, instant, prepared with 2% milk",,,none,,
168787,"Egg custards, dry mix, prepared with 2% milk",,,none,,
168788,"Puddings, vanilla, dry mix, regular, prepared with 2% milk",,,none,,
168789,"Rennin, chocolate, dry mix, prepared with 2% milk",,,none,,
168790,"Rennin, vanilla, dry mix, prepared with 2% milk",,,none,,
168791,"Candies, praline, prepared-from-recipe",,,none,,
168792,"Desserts, rennin, vanilla, dry mix",,,none,,
168793,"Rennin, vanilla, dry mix, prepared with whole milk",,,none,,
168794,"Desserts, rennin, tablets, unsweetened",,,none,,
168795,"Frostings, chocolate, creamy, ready-to-eat",,,none,,
168796,"Flan, caramel custard, dry mix, prepared with whole milk",,,none,,
168797,"Puddings, vanilla, ready-to-eat, fat free",,,none,,
168798,"Puddings, tapioca, ready-to-eat, fat free",,,none,,
168799,"Puddings, chocolate, ready-to-eat, fat free",,,none,,
168800,"Frostings, chocolate, creamy, dry mix, prepared with butter",,,none,,
168801,"Candies, HEATH BITES",,,none,,
168802,"Frostings, vanilla, creamy, dry mix",,,none,,
168803,"Frostings, white, fluffy, dry mix",,,none,,
168804,"Candies, MARS SNACKFOOD US, DOVE Milk Chocolate",,,none,,
168805,"Candies, MARS SNACKFOOD US, DOVE Dark Chocolate",,,none,,
168806,"Candies, MARS SNACKFOOD US, MILKY WAY Caramels, milk chocolate covered",,,none,,
168807,"Candies, MARS SNACKFOOD US, MILKY WAY Caramels. dark chocolate covered",,,none,,
168808,"Snacks, GENERAL MILLS, BETTY CROCKER Fruit Roll Ups, berry flavored, with vitamin C",,,none,,
168809,"Ice creams, chocolate",,,none,,
168810,"Ice creams, strawberry",,,none,,
168811,"Snacks, FARLEY CANDY, FARLEY Fruit Snacks, with vitamins A, C, and E",,,none,,
168812,"Frozen novelties, ice type, italian, restaurant-prepared",,,none,,
168813,"Frozen novelties, ice type, pop",,,none,,
168814,"Candies, MARS SNACKFOOD US, M&M's Crispy Chocolate Candies",,,none,,
168815,"Frozen yogurts, vanilla, soft-serve",,,none,,
168816,"Fruit butters, apple",,,none,,
168817,"Candies, fudge, chocolate marshmallow, with nuts, prepared-by-recipe",,,none,,
168818,"Candies, MARS SNACKFOOD US, SNICKERS Almond bar",,,none,,
168819,"Marmalade, orange",http://purl.obolibrary.org/obo/FOODON_03302512,orange marmalade,added,FoodOn names it through a safe un-inverted form,review loop 2026-09-28
168820,Molasses,http://purl.obolibrary.org/obo/CHEBI_83163,molasses,flagged,USDA term is outside the edible branches,review loop 2026-09-28
168821,"Pectin, unsweetened, dry mix",,,none,,
168822,"Pie fillings, apple, canned",,,none,,
168823,"Candies, MARS SNACKFOOD US, STARBURST Fruit Chews, Tropical fruits",,,none,,
168824,"Pie fillings, canned, cherry",,,none,,
168825,"Puddings, banana, dry mix, regular, prepared with whole milk",,,none,,
168826,"Puddings, coconut cream, dry mix, instant",,,none,,
168827,"Puddings, coconut cream, dry mix, instant, prepared with whole milk",,,none,,
168828,"Puddings, coconut cream, dry mix, regular",,,none,,
168829,"Puddings, coconut cream, dry mix, regular, prepared with whole milk",,,none,,
168830,"Puddings, lemon, dry mix, instant, prepared with whole milk",,,none,,
168831,"Puddings, lemon, dry mix, regular",,,none,,
168832,"Pudding, lemon, dry mix, regular, prepared with sugar, egg yolk and water",,,none,,
168833,"Sugars, brown",,,none,,
168834,"Syrups, chocolate, HERSHEY'S Genuine Chocolate Flavored Lite Syrup",,,none,,
168835,"Syrups, chocolate, fudge-type",,,none,,
168836,"Syrups, corn, dark",http://purl.obolibrary.org/obo/FOODON_03301061,corn syrup,accepted,,
168837,"Syrups, corn, light",http://purl.obolibrary.org/obo/FOODON_03301061,corn syrup,accepted,,
168838,"Syrups, table blends, pancake, with 2% maple",,,none,,
168839,"Syrups, table blends, corn, refiner, and sugar",,,none,,
168840,"Candies, MARS SNACKFOOD US, SKITTLES Wild Berry Bite Size Candies",,,none,,
168841,"Toppings, butterscotch or caramel",,,none,,
168842,"Candies, MARS SNACKFOOD US, SKITTLES Sours Original",,,none,,
168843,"Candies, MARS SNACKFOOD US, SKITTLES Original Bite Size Candies",,,none,,
168844,"Frostings, vanilla, creamy, dry mix, prepared with margarine",,,none,,
168845,"Frostings, chocolate, creamy, dry mix, prepared with margarine",,,none,,
168846,"Candies, divinity, prepared-from-recipe",,,none,,
168847,"Frozen novelties, ice type, pineapple-coconut",,,none,,
168848,"Frozen yogurts, chocolate, soft-serve",,,none,,
168849,"Snacks, banana chips",,,none,,
168850,"Snacks, beef sticks, smoked",,,none,,
168851,"Snacks, pork skins, barbecue-flavor",,,none,,
168852,"Frostings, glaze, chocolate, prepared-from-recipe, with butter, NFSMI Recipe No. C-32",,,none,,
168853,"Snack, potato chips, made from dried potatoes, plain",,,none,,
168854,"Snacks, potato sticks",,,none,,
168855,"Snacks, rice cakes, brown rice, rye",,,none,,
168856,"Snacks, sesame sticks, wheat-based, salted",,,none,,
168857,"Snacks, corn cakes",,,none,,
168858,"Snacks, tortilla chips, nacho-flavor, reduced fat",,,none,,
168859,"Tortilla chips, low fat, baked without fat",,,none,,
168860,"Cheese puffs and twists, corn based, baked, low fat",,,none,,
168861,"Snacks, granola bar, fruit-filled, nonfat",,,none,,
168862,"Snacks, KELLOGG, KELLOGG'S, NUTRI-GRAIN Cereal Bars, fruit",,,none,,
168863,"Snacks, tortilla chips, low fat, made with olestra, nacho cheese",,,none,,
168864,"Snacks, potato chips, made from dried potatoes, fat-free, made with olestra",,,none,,
168865,"Snacks, taro chips",,,none,,
168866,"Puddings, banana, dry mix, instant, with added oil",,,none,,
168867,"Cornmeal, degermed, enriched, yellow",http://purl.obolibrary.org/obo/FOODON_03305640,"cornmeal (degerminated, enriched)",accepted,,
168868,"Cornmeal, yellow, self-rising, bolted, plain, enriched",http://purl.obolibrary.org/obo/FOODON_03305642,yellow cornmeal,accepted,,
168869,"Cornmeal, yellow, self-rising, bolted, with wheat flour added, enriched",http://purl.obolibrary.org/obo/FOODON_03316846,yellow cornmeal (self-rising),added,FoodOn names it through a safe un-inverted form,review loop 2026-09-28
168870,"Cornmeal, yellow, self-rising, degermed, enriched",http://purl.obolibrary.org/obo/FOODON_03305642,yellow cornmeal,accepted,,
168871,"Millet, cooked",http://purl.obolibrary.org/obo/FOODON_00004438,common millet (cooked),flagged,The FoodOn name names a part the USDA name does not (seed).,review loop 2026-09-28
168872,"Oat bran, raw",http://purl.obolibrary.org/obo/FOODON_03311248,oat bran (raw),accepted,,
168873,"Oat bran, cooked",http://purl.obolibrary.org/obo/FOODON_00003774,oat bran,accepted,,
168874,"Quinoa, uncooked",http://purl.obolibrary.org/obo/FOODON_03310193,quinoa seed (dried),accepted,,
168875,"Rice, brown, medium-grain, cooked (Includes foods for USDA's Food Distribution Program)",http://purl.obolibrary.org/obo/FOODON_00005208,medium-grain brown rice kernel,flagged,The FoodOn name names a part the USDA name does not (kernel).,review loop 2026-09-28
168876,"Rice, brown, parboiled, dry, UNCLE BEN'S",http://purl.obolibrary.org/obo/FOODON_00004679,brown rice kernel (raw),flagged,The FoodOn name names a part the USDA name does not (kernel).,review loop 2026-09-28
168877,"Rice, white, long-grain, regular, raw, enriched",http://purl.obolibrary.org/obo/FOODON_03000273,long-grain white rice (uncooked),accepted,,
168878,"Rice, white, long-grain, regular, enriched, cooked",http://purl.obolibrary.org/obo/FOODON_00004372,long-grain white rice (cooked),accepted,,
168879,"Rice, white, medium-grain, raw, enriched",http://purl.obolibrary.org/obo/FOODON_03000265,medium-grain white rice (uncooked),accepted,,
168880,"Rice, white, medium-grain, enriched, cooked",http://purl.obolibrary.org/obo/FOODON_00005309,medium-grain white rice,accepted,,
168881,"Rice, white, short-grain, enriched, uncooked",http://purl.obolibrary.org/obo/FOODON_03000264,short-grain white rice (uncooked),accepted,,
168882,"Rice, white, short-grain, enriched, cooked",http://purl.obolibrary.org/obo/FOODON_03000263,short-grain white rice,accepted,,
168883,"Rice, white, glutinous, unenriched, uncooked",http://purl.obolibrary.org/obo/FOODON_00004354,white glutinous rice (uncooked),accepted,,
168884,Rye grain,http://purl.obolibrary.org/obo/FOODON_00004216,rye kernel (dried),flagged,The FoodOn name names a part the USDA name does not (kernel).,review loop 2026-09-28
168885,"Rye flour, dark",http://purl.obolibrary.org/obo/FOODON_03000269,dark rye flour,accepted,,
168886,"Rye flour, medium",http://purl.obolibrary.org/obo/FOODON_03000270,medium rye flour,accepted,,
168887,"Rye flour, light",http://purl.obolibrary.org/obo/FOODON_03000271,light rye flour,accepted,,
168888,"Triticale flour, whole-grain",http://purl.obolibrary.org/obo/FOODON_00002553,triticale flour,accepted,,
168889,"Wheat, hard red spring",http://purl.obolibrary.org/obo/FOODON_03309946,hard red spring wheat kernel,flagged,The FoodOn name names a part the USDA name does not (kernel).,review loop 2026-09-28
168890,"Wheat, hard red winter",http://purl.obolibrary.org/obo/FOODON_03311425,hard red winter wheat kernel,flagged,The FoodOn name names a part the USDA name does not (kernel).,review loop 2026-09-28
168891,"Wheat, soft red winter",http://purl.obolibrary.org/obo/FOODON_03311291,soft red winter wheat kernel,flagged,The FoodOn name names a part the USDA name does not (kernel).,review loop 2026-09-28
168892,"Wheat germ, crude",http://purl.obolibrary.org/obo/FOODON_03000258,wheat germ (raw),accepted,,
168893,"Wheat flour, whole-grain (Includes foods for USDA's Food Distribution Program)",http://purl.obolibrary.org/obo/FOODON_03302340,whole wheat flour,accepted,,
168894,"Wheat flour, white, all-purpose, enriched, bleached",http://purl.obolibrary.org/obo/FOODON_03304534,white wheat flour (all purpose),accepted,,
168895,"Wheat flour, white, all-purpose, self-rising, enriched",http://purl.obolibrary.org/obo/FOODON_03304534,white wheat flour (all purpose),accepted,,
168896,"Wheat flour, white, bread, enriched",http://purl.obolibrary.org/obo/FOODON_03304043,white bread flour,flagged,The FoodOn name lacks the USDA food's main word (flour).,review loop 2026-09-28
168897,"Wild rice, cooked",http://purl.obolibrary.org/obo/FOODON_00005623,wild rice kernel (cooked),flagged,The FoodOn name names a part the USDA name does not (kernel).,review loop 2026-09-28
168898,"Rice flour, brown",http://purl.obolibrary.org/obo/FOODON_00003351,brown rice flour,accepted,,
168899,"Pasta, gluten-free, corn, dry",http://purl.obolibrary.org/obo/FOODON_00005498,corn pasta,accepted,,
168900,"Pasta, gluten-free, corn, cooked",http://purl.obolibrary.org/obo/FOODON_00005498,corn pasta,accepted,,
168901,"Pasta, homemade, made with egg, cooked",,,none,,
168902,"Pasta, homemade, made without egg, cooked",,,none,,
168903,"Macaroni, vegetable, enriched, dry",,,none,,
168904,"Macaroni, vegetable, enriched, cooked",,,none,,
168905,"Noodles, chinese, chow mein",,,none,,
168906,"Noodles, japanese, soba, dry",,,none,,
168907,"Noodles, japanese, soba, cooked",,,none,,
168908,"Noodles, japanese, somen, dry",http://purl.obolibrary.org/obo/FOODON_00002878,Sōmen,flagged,USDA term shares no content word with the USDA name,review loop 2026-09-28
168909,"Noodles, japanese, somen, cooked",http://purl.obolibrary.org/obo/FOODON_00002878,Sōmen,flagged,USDA term shares no content word with the USDA name,review loop 2026-09-28
168910,"Pasta, whole-wheat, cooked (Includes foods for USDA's Food Distribution Program)",http://purl.obolibrary.org/obo/FOODON_00005528,whole wheat pasta,accepted,,
168911,"Spaghetti, spinach, dry",,,none,,
168912,"Spaghetti, spinach, cooked",,,none,,
168913,"Wheat flours, bread, unenriched",http://purl.obolibrary.org/obo/FOODON_03304043,white bread flour,flagged,The FoodOn name lacks the USDA food's main word (flour).,review loop 2026-09-28
168914,"Rice noodles, cooked",http://purl.obolibrary.org/obo/FOODON_00005555,rice noodle,accepted,,
168915,"Pasta, whole grain, 51% whole wheat, remaining unenriched semolina, dry",,,none,,
168916,"Pasta, whole grain, 51% whole wheat, remaining unenriched semolina, cooked",,,none,,
168917,"Quinoa, cooked",http://purl.obolibrary.org/obo/FOODON_00004405,"quinoa seed (dried, cooked)",flagged,The FoodOn name names a part the USDA name does not (seed).,review loop 2026-09-28
168918,"Teff, cooked",,,flagged,USDA term is outside the edible branches,review loop 2026-09-28
168919,"Noodles, egg, cooked, enriched, with added salt",,,none,,
168920,"Corn grain, white",http://purl.obolibrary.org/obo/FOODON_00003562,field corn kernel,flagged,Found by hand: field corn grain is not sweet corn.,review loop 2026-09-28
168921,"Corn flour, whole-grain, blue (harina de maiz morado)",http://purl.obolibrary.org/obo/FOODON_00003306,blue corn flour,accepted,,
168922,"Cornmeal, degermed, enriched, white",http://purl.obolibrary.org/obo/FOODON_03317234,white cornmeal (degerminated),flagged,The FoodOn name adds a process the USDA name does not state (self-rising).,review loop 2026-09-28
168923,"Cornmeal, white, self-rising, bolted, plain, enriched",http://purl.obolibrary.org/obo/FOODON_03316845,white cornmeal (self-rising),accepted,,
168924,"Cornmeal, white, self-rising, bolted, with wheat flour added, enriched",http://purl.obolibrary.org/obo/FOODON_03316845,white cornmeal (self-rising),added,FoodOn names it through a safe un-inverted form,review loop 2026-09-28
168925,"Cornmeal, white, self-rising, degermed, enriched",http://purl.obolibrary.org/obo/FOODON_03316845,white cornmeal (self-rising),accepted,,
168926,"Noodles, egg, unenriched, cooked, without added salt",,,none,,
168927,"Pasta, dry, unenriched",http://purl.obolibrary.org/obo/FOODON_03306312,pasta (dried),accepted,,
168928,"Pasta, cooked, unenriched, without added salt",http://purl.obolibrary.org/obo/FOODON_03306347,pasta,accepted,,
168929,"Cornmeal, degermed, unenriched, yellow",http://purl.obolibrary.org/obo/FOODON_03310257,cornmeal,accepted,,
168930,"Rice, white, medium-grain, cooked, unenriched",http://purl.obolibrary.org/obo/FOODON_00005309,medium-grain white rice,accepted,,
168931,"Rice, white, short-grain, raw, unenriched",http://purl.obolibrary.org/obo/FOODON_03000263,short-grain white rice,accepted,,
168932,"Rice, white, short-grain, cooked, unenriched",http://purl.obolibrary.org/obo/FOODON_03000263,short-grain white rice,accepted,,
168933,"Semolina, unenriched",http://purl.obolibrary.org/obo/FOODON_03303411,coarse semolina (durum wheat),accepted,,
168934,"Spaghetti, protein-fortified, cooked, enriched (n x 6.25)",http://purl.obolibrary.org/obo/FOODON_03316804,"spaghetti (enriched, with fortified protein)",accepted,,
168935,"Rice, white, long-grain, regular, cooked, unenriched, with salt",http://purl.obolibrary.org/obo/FOODON_00004372,long-grain white rice (cooked),accepted,,
168936,"Wheat flour, white, all-purpose, enriched, unbleached",http://purl.obolibrary.org/obo/FOODON_03301969,"white wheat flour (unbleached, enriched)",accepted,,
168937,"Spaghetti, protein-fortified, dry, enriched (n x 6.25)",http://purl.obolibrary.org/obo/FOODON_03316804,"spaghetti (enriched, with fortified protein)",accepted,,
168938,"Wheat flour, white (industrial), 10% protein, unbleached, enriched",http://purl.obolibrary.org/obo/FOODON_03302339,white wheat flour,accepted,,
168939,"Wheat flour, white (industrial), 11.5% protein, bleached, enriched",http://purl.obolibrary.org/obo/FOODON_03302339,white wheat flour,accepted,,
168940,"Wheat flour, white (industrial), 11.5% protein, bleached, unenriched",http://purl.obolibrary.org/obo/FOODON_03302339,white wheat flour,accepted,,
168941,"Wheat flour, white (industrial), 11.5% protein, unbleached, enriched",http://purl.obolibrary.org/obo/FOODON_03302339,white wheat flour,accepted,,
168942,"Wheat flour, white (industrial), 13% protein, bleached, enriched",http://purl.obolibrary.org/obo/FOODON_03302339,white wheat flour,accepted,,
168943,"Sorghum flour, whole-grain",http://purl.obolibrary.org/obo/FOODON_03304495,sorghum flour,accepted,,
168944,"Wheat flour, whole-grain, soft wheat",http://purl.obolibrary.org/obo/FOODON_03000272,whole wheat pastry flour,accepted,,
168945,"Potatoes, yellow fleshed, hash brown, shredded, salt added in processing, frozen, unprepared",http://purl.obolibrary.org/obo/FOODON_00003558,yellow potato,accepted,,
168946,"Potatoes, french fried, wedge cut, frozen, unprepared",http://purl.obolibrary.org/obo/FOODON_03301959,potato (french-fried),accepted,,
168947,"Potatoes, french fried, steak cut, salt not added in processing, frozen, unprepared",http://purl.obolibrary.org/obo/FOODON_03301959,potato (french-fried),accepted,,
168948,"Potatoes, french fried, cross cut, frozen, unprepared",http://purl.obolibrary.org/obo/FOODON_03301959,potato (french-fried),accepted,,
168949,"Rice and vermicelli mix, beef flavor, unprepared",,,none,,
168950,"Rice and vermicelli mix, beef flavor, prepared with 80% margarine",,,none,,
168951,"Rice and vermicelli mix, rice pilaf flavor, unprepared",,,none,,
168952,"Rice and vermicelli mix, rice pilaf flavor, prepared with 80% margarine",,,none,,
168953,"Pasta mix, classic cheeseburger macaroni, unprepared",,,none,,
168954,"Pasta mix, classic beef, unprepared",,,none,,
168955,"Pasta mix, Italian lasagna, unprepared",,,none,,
168956,"Yellow rice with seasoning, dry packet mix, unprepared",,,none,,
168957,"Pizza rolls, frozen, unprepared",,,none,,
168958,"Pasta mix, Italian four cheese lasagna, unprepared",,,none,,
168959,"Spanish rice mix, dry mix, unprepared",,,none,,
168960,"Lasagna, cheese, frozen, unprepared",,,none,,
168961,"Chicken, thighs, frozen, breaded, reheated",,,none,,
168962,"Turnover, meat- and cheese-filled, tomato-based sauce, reduced fat, frozen",,,none,,
168963,"Turnover, filled with egg, meat and cheese, frozen",,,none,,
168964,"Rice mix, white and wild, flavored, unprepared",,,none,,
168965,"Salisbury steak with gravy, frozen",,,none,,
168966,"Infant Formula, MEAD JOHNSON, ENFAMIL, Newborn, with ARA and DHA, powder",,,none,,
168967,"Infant Formula, MEAD JOHNSON, ENFAMIL, Premium LIPIL, Infant, powder",,,none,,
168968,"Infant Formula, MEAD JOHNSON, ENFAMIL, Premium LIPIL, Infant, Liquid concentrate, not reconstituted",,,none,,
168969,"Infant Formula, MEAD JOHNSON, ENFAMIL, Premium, Infant, Liquid concentrate, not reconstituted",,,none,,
168970,"Infant formula, MEAD JOHNSON, ENFAMIL, ENFAGROW, GENTLEASE, Toddler transitions, with ARA and DHA, powder",,,none,,
168971,"Infant formula, ABBOTT NUTRITION, SIMILAC, GO AND GROW, powder, with ARA and DHA",,,none,,
168972,"Infant formula, GERBER, GOOD START 2 SOY, with iron, powder",,,none,,
168973,"Infant formula, MEAD JOHNSON, ENFAMIL, NUTRAMIGEN, PurAmino, powder, not reconstituted",,,none,,
168974,"Infant formula, MEAD JOHNSON, ENFAMIL, Premature, 20 calories ready-to-feed Low iron",,,none,,
168975,"Babyfood, rice cereal, dry, EARTHS BEST ORGANIC WHOLE GRAIN, fortified only with iron",,,none,,
168976,"Agutuk, fish/berry with seal oil (Alaskan ice cream) (Alaska Native)",,,none,,
168977,"Agutuk, meat-caribou (Alaskan ice cream) (Alaska Native)",,,none,,
168978,Ascidians (tunughnak) (Alaska Native),http://purl.obolibrary.org/obo/FOODON_03414467,ascidian,flagged,The FoodOn name lacks the USDA food's main word (tunughnak).,review loop 2026-09-28
168979,"Whale, beluga, flipper, raw (Alaska Native)",,,added,FoodOn names it through a safe un-inverted form,review loop 2026-09-28
168980,"Whale, beluga, liver, raw (Alaska Native)",,,added,FoodOn names it through a safe un-inverted form,review loop 2026-09-28
168981,"Oil, beluga, whale (Alaska Native)",http://purl.obolibrary.org/obo/FOODON_00005454,beluga oil,accepted,,
168982,"Blackberries, wild, raw (Alaska Native)",http://purl.obolibrary.org/obo/FOODON_00005181,wild blackberry (raw),accepted,,
168983,"Caribou, liver, raw (Alaska Native)",http://purl.obolibrary.org/obo/FOODON_02022344,reindeer liver (raw),accepted,,
168984,"Stew/soup, caribou (Alaska Native)",,,none,,
168985,"Caribou, tongue, raw (Alaska Native)",http://purl.obolibrary.org/obo/FOODON_02022345,reindeer tongue (raw),accepted,,
168986,"Chiton, leathery, gumboots (Alaska Native)",,,none,,
168987,"Fish, devilfish, meat (Alaska Native)",,,flagged,USDA term is outside the edible branches,review loop 2026-09-28
168988,"Fireweed, young leaves, raw (Alaska Native)",http://purl.obolibrary.org/obo/FOODON_03000074,fireweed leaf (raw),accepted,,
168989,"Fish, herring eggs on giant kelp, Pacific (Alaska Native)",,,none,,
168990,"Fish, herring eggs, Pacific, dry (Alaska Native)",,,none,,
168991,"Stew, moose (Alaska Native)",http://purl.obolibrary.org/obo/FOODON_00005445,moose stew,accepted,,
168992,"Agave, cooked (Southwest)",http://purl.obolibrary.org/obo/FOODON_00005198,agave,accepted,,
168993,"Agave, dried (Southwest)",http://purl.obolibrary.org/obo/FOODON_00005200,agave (dried),accepted,,
168994,"Cattail, Narrow Leaf Shoots (Northern Plains Indians)",http://purl.obolibrary.org/obo/FOODON_00005192,cattail shoot,accepted,,
168995,"Lambsquarters, raw (Northern Plains Indians)",http://purl.obolibrary.org/obo/FOODON_00005190,lambs quarters leaf (raw),flagged,USDA term shares no content word with the USDA name,review loop 2026-09-28
168996,"Prairie Turnips, boiled (Northern Plains Indians)",,,flagged,USDA term is outside the edible branches,review loop 2026-09-28
168997,"Raspberries, wild (Northern Plains Indians)",http://purl.obolibrary.org/obo/FOODON_03307161,red raspberry (raw),accepted,,
168998,"Rose Hips, wild (Northern Plains Indians)",http://purl.obolibrary.org/obo/FOODON_00003746,rose hip,accepted,,
168999,"Chokecherries, raw, pitted (Northern Plains Indians)",http://purl.obolibrary.org/obo/FOODON_00004223,chokecherry (raw),accepted,,
169000,"Sea lion, Steller, liver (Alaska Native)",http://purl.obolibrary.org/obo/FOODON_02022123,steller sea lion liver,added,FoodOn names it through a safe un-inverted form,review loop 2026-09-28
169001,"Sea lion, Steller, kidney (Alaska Native)",http://purl.obolibrary.org/obo/FOODON_02022122,steller sea lion kidney,added,FoodOn names it through a safe un-inverted form,review loop 2026-09-28
169002,"Sea lion, Steller, heart (Alaska Native)",http://purl.obolibrary.org/obo/FOODON_02022121,steller sea lion heart,added,FoodOn names it through a safe un-inverted form,review loop 2026-09-28
169003,"Sea lion, Steller, meat (Alaska Native)",http://purl.obolibrary.org/obo/FOODON_02022114,piece of steller sea lion meat,added,FoodOn names it through a safe un-inverted form,review loop 2026-09-28
169004,"Piki bread, made from blue cornmeal (Hopi)",,,none,,
169005,"Wocas, tuber, cooked, Oregon, yellow pond lily (Klamath)",,,flagged,USDA term is outside the edible branches,review loop 2026-09-28
169006,"Stew, pinto bean and hominy, badufsuki (Hopi)",,,none,,
169007,"Tamales, masa and pork filling (Hopi)",,,none,,
169008,"APPLEBEE'S, Double Crunch Shrimp",,,none,,
169009,"APPLEBEE'S, french fries",,,none,,
169010,"APPLEBEE'S, KRAFT, Macaroni & Cheese, from kid's menu",,,none,,
169011,"APPLEBEE'S, mozzarella sticks",,,none,,
169012,"APPLEBEE'S, chicken tenders, from kids' menu",,,none,,
169013,"T.G.I. FRIDAY'S, chicken fingers, from kids' menu",,,none,,
169014,"T.G.I. FRIDAY'S, classic sirloin steak (10 oz)",,,none,,
169015,"Restaurant, family style, fried mozzarella sticks",,,none,,
169016,"Restaurant, family style, sirloin steak",,,none,,
169017,"APPLEBEE'S, fish, hand battered",,,none,,
169018,"APPLEBEE'S, chili",,,none,,
169019,"T.G.I. FRIDAY'S, chicken fingers",,,none,,
169020,"APPLEBEE'S, coleslaw",,,none,,
169021,"CRACKER BARREL, onion rings, thick-cut",,,none,,
169022,"DENNY'S, chicken strips",,,none,,
169023,"DENNY'S, coleslaw",,,none,,
169024,"DENNY'S, fish fillet, battered or breaded, fried",,,none,,
169025,"DENNY'S, hash browns",,,none,,
169026,"Restaurant, family style, coleslaw",,,none,,
169027,"Restaurant, family style, onion rings",,,none,,
169028,"Restaurant, family style, chili with meat and beans",,,none,,
169029,"Restaurant, family style, spaghetti and meatballs",,,none,,
169030,"CARRABBA'S ITALIAN GRILL, lasagne",,,none,,
169031,"ON THE BORDER, Mexican rice",,,none,,
169032,"ON THE BORDER, refried beans",,,none,,
169033,"Restaurant, Italian, spaghetti with pomodoro sauce (no meat)",,,none,,
169034,"ON THE BORDER, cheese quesadilla",,,none,,
169035,"Restaurant, Mexican, cheese quesadilla",,,none,,
169036,"CARRABBA'S ITALIAN GRILL, cheese ravioli with marinara sauce",,,none,,
169037,"OLIVE GARDEN, cheese ravioli with marinara sauce",,,none,,
169038,"Restaurant, Italian, cheese ravioli with marinara sauce",,,none,,
169039,"Cereals ready-to-eat, frosted oat cereal with marshmallows",,,none,,
169040,"Cereals ready-to-eat, WEETABIX whole grain cereal",,,none,,
169041,"Cereals ready-to-eat, POST, GREAT GRAINS, Raisin, Date & Pecan",,,none,,
169042,"Babyfood, juice, apple-sweet potato",,,none,,
169043,"Babyfood, juice, orange-carrot",,,none,,
169044,"Beverages, Orange juice drink",,,none,,
169045,"Gums, seed gums (includes locust bean, guar)",,,none,,
169046,"Snacks, potato chips, white, restructured, baked",,,none,,
169047,"Babyfood, baked product, finger snacks cereal fortified",,,none,,
169048,"Babyfood, cereal, brown rice, dry, instant",http://purl.obolibrary.org/obo/FOODON_00005506,"brown rice cereal (dry, instant)",accepted,,
169049,"Babyfood, green beans and turkey, strained",,,none,,
169050,"Cheese, muenster, low fat",http://purl.obolibrary.org/obo/FOODON_03303682,muenster cheese,added,FoodOn names it through a safe un-inverted form,review loop 2026-09-28
169051,"Cheese, mozzarella, nonfat",http://purl.obolibrary.org/obo/FOODON_03303578,mozzarella cheese,added,FoodOn names it through a safe un-inverted form,review loop 2026-09-28
169052,"Margarine-like, butter-margarine blend, 80% fat, stick, without salt",,,none,,
169053,"Margarine-like, vegetable oil-butter spread, reduced calorie, tub, with salt",,,none,,
169054,"Babyfood, dinner, chicken and rice",,,none,,
169055,"Salad dressing, caesar dressing, regular",,,none,,
169056,"Salad dressing, coleslaw",,,none,,
169057,"Salad dressing, green goddess, regular",,,none,,
169058,"Jams and preserves, no sugar (with sodium saccharin), any flavor",,,none,,
169059,"Candies, chocolate covered, caramel with nuts",,,none,,
169060,"Candies, nougat, with almonds",,,none,,
169061,"Candies, gum drops, no sugar or low calorie (sorbitol)",,,none,,
169062,"Pie fillings, cherry, low calorie",,,none,,
169063,"Breakfast bars, oats, sugar, raisins, coconut (include granola bar)",,,none,,
169064,"Pretzels, soft",,,none,,
169065,"Beans, chili, barbecue, ranch style, cooked",,,none,,
169066,"Luncheon slices, meatless",,,none,,
169067,"Meatballs, meatless",,,none,,
169068,Vegetarian fillets,,,none,,
169069,"Sandwich spread, meatless",,,none,,
169070,"Alcoholic beverage, wine, cooking",,,none,,
169071,"Alcoholic beverage, wine, light",,,none,,
169072,"Sweeteners, tabletop, saccharin (sodium saccharin)",,,none,,
169073,"Beverage, instant breakfast powder, chocolate, not reconstituted",,,none,,
169074,"Tomato sauce, canned, no salt added",http://purl.obolibrary.org/obo/FOODON_03311250,tomato sauce (canned),accepted,,
169075,"Cereals ready-to-eat, ALPEN",,,none,,
169076,"Cereals ready-to-eat, FAMILIA",,,none,,
169077,"Cereals ready-to-eat, wheat and bran, presweetened with nuts and fruits",,,none,,
169078,"Cheese, cottage, with vegetables",http://purl.obolibrary.org/obo/FOODON_03301605,cottage cheese,added,FoodOn names it through a safe un-inverted form,review loop 2026-09-28
169079,"Cheese, cream, low fat",http://purl.obolibrary.org/obo/FOODON_03301889,cream cheese,added,FoodOn names it through a safe un-inverted form,review loop 2026-09-28
169080,"Cheese, pasteurized process, American, low fat",http://purl.obolibrary.org/obo/FOODON_03000482,pasteurized process american cheese,added,FoodOn names it through a safe un-inverted form,review loop 2026-09-28
169081,"Cheese spread, cream cheese base",,,none,,
169082,"Pork, oriental style, dehydrated",http://purl.obolibrary.org/obo/FOODON_03312053,pork (dehydrated),accepted,,
169083,"Soybean, curd cheese",,,none,,
169084,"Potatoes, canned, drained solids, no salt added",http://purl.obolibrary.org/obo/FOODON_03301885,potato (canned),accepted,,
169085,"Vegetables, mixed (corn, lima beans, peas, green beans, carrots) canned, no salt added",,,none,,
169086,"Litchis, raw",http://purl.obolibrary.org/obo/FOODON_00004228,lychee (raw),flagged,USDA term shares no content word with the USDA name,review loop 2026-09-28
169087,"Litchis, dried",http://purl.obolibrary.org/obo/FOODON_00005314,lychee (dried),flagged,USDA term shares no content word with the USDA name,review loop 2026-09-28
169088,"Loganberries, frozen",http://purl.obolibrary.org/obo/FOODON_03301858,loganberry (frozen),accepted,,
169089,"Longans, raw",http://purl.obolibrary.org/obo/FOODON_00003168,longan (raw),accepted,,
169090,"Mangosteen, canned, syrup pack",,,none,,
169091,"Mango, dried, sweetened",,,none,,
169092,"Melons, cantaloupe, raw",http://purl.obolibrary.org/obo/FOODON_03302805,cantaloupe (raw),accepted,,
169093,"Melons, casaba, raw",http://purl.obolibrary.org/obo/FOODON_00004211,casaba melon (raw),accepted,,
169094,"Olives, ripe, canned (small-extra large)",http://purl.obolibrary.org/obo/FOODON_03307142,olives (canned),accepted,,
169095,"Olives, ripe, canned (jumbo-super colossal)",http://purl.obolibrary.org/obo/FOODON_03307142,olives (canned),accepted,,
169096,"Olives, pickled, canned or bottled, green",http://purl.obolibrary.org/obo/FOODON_03307142,olives (canned),accepted,,
169097,"Oranges, raw, all commercial varieties",http://purl.obolibrary.org/obo/FOODON_03309832,orange (raw),accepted,,
169098,"Orange juice, raw (Includes foods for USDA's Food Distribution Program)",http://purl.obolibrary.org/obo/FOODON_03305980,orange juice (chilled),accepted,,
169099,"Orange juice, canned, unsweetened",http://purl.obolibrary.org/obo/FOODON_03305981,orange juice (canned),flagged,USDA term shares no content word with the USDA name,review loop 2026-09-28
169100,"Orange juice, chilled, includes from concentrate",http://purl.obolibrary.org/obo/FOODON_03305984,reconstituted orange juice (from concentrate),accepted,,
169101,"Orange juice, chilled, includes from concentrate, with added calcium and vitamin D",http://purl.obolibrary.org/obo/FOODON_03305983,reconstituted orange juice (chilled),accepted,,
169102,"Orange juice, frozen concentrate, unsweetened, diluted with 3 volume water",http://purl.obolibrary.org/obo/FOODON_03305982,reconstituted orange juice (from frozen concentrate),accepted,,
169103,"Orange peel, raw",http://purl.obolibrary.org/obo/FOODON_03303116,orange peel (raw),accepted,,
169104,"Orange-grapefruit juice, canned or bottled, unsweetened",,,none,,
169105,"Tangerines, (mandarin oranges), raw",http://purl.obolibrary.org/obo/FOODON_03303080,tangerine (raw),accepted,,
169106,"Tangerines, (mandarin oranges), canned, juice pack",http://purl.obolibrary.org/obo/FOODON_03305751,tangerine juice,accepted,,
169107,"Papaya nectar, canned",http://purl.obolibrary.org/obo/FOODON_03305287,papaya nectar (canned),accepted,,
169108,"Passion-fruit, (granadilla), purple, raw",http://purl.obolibrary.org/obo/FOODON_00005315,purple passion fruit (raw),accepted,,
169109,"Passion-fruit juice, purple, raw",http://purl.obolibrary.org/obo/FOODON_00005440,purple passion fruit juice (unpasteurized),accepted,,
169110,"Passion-fruit juice, yellow, raw",http://purl.obolibrary.org/obo/FOODON_00005469,yellow passion fruit juice (unpasterized),accepted,,
169111,"Peaches, canned, light syrup pack, solids and liquids",,,none,,
169112,"Peaches, canned, heavy syrup pack, solids and liquids",,,none,,
169113,"Peaches, canned, extra heavy syrup pack, solids and liquids",,,none,,
169114,"Peaches, spiced, canned, heavy syrup pack, solids and liquids",,,none,,
169115,"Peaches, dried, sulfured, stewed, with added sugar",,,none,,
169116,"Peaches, frozen, sliced, sweetened",,,none,,
169117,"Peach nectar, canned, with sucralose, without added ascorbic acid",http://purl.obolibrary.org/obo/FOODON_03301288,peach nectar,accepted,,
169118,"Pears, raw",http://purl.obolibrary.org/obo/FOODON_03301724,pear (raw),accepted,,
169119,"Pears, canned, water pack, solids and liquids",http://purl.obolibrary.org/obo/FOODON_03301611,pear (canned),accepted,,
169120,"Pears, canned, extra heavy syrup pack, solids and liquids",,,none,,
169121,"Pears, dried, sulfured, uncooked",http://purl.obolibrary.org/obo/FOODON_03315592,pear (dried),accepted,,
169122,"Pears, dried, sulfured, stewed, without added sugar",http://purl.obolibrary.org/obo/FOODON_03315592,pear (dried),accepted,,
169123,"Pears, dried, sulfured, stewed, with added sugar",,,none,,
169124,"Pineapple, raw, all varieties",http://purl.obolibrary.org/obo/FOODON_03301831,pineapple (raw),accepted,,
169125,"Pineapple, canned, water pack, solids and liquids",http://purl.obolibrary.org/obo/FOODON_03301003,pineapple (canned),accepted,,
169126,"Pineapple, canned, juice pack, solids and liquids",http://purl.obolibrary.org/obo/FOODON_03301003,pineapple (canned),accepted,,
169127,"Pineapple, canned, light syrup pack, solids and liquids",,,none,,
169128,"Pineapple juice, frozen concentrate, unsweetened, diluted with 3 volume water",http://purl.obolibrary.org/obo/FOODON_03305240,pineapple juice (unsweetened),accepted,,
169129,"Pitanga, (surinam-cherry), raw",http://purl.obolibrary.org/obo/FOODON_00005188,surinam cherry (raw),accepted,,
169130,"Plantains, yellow, raw",http://purl.obolibrary.org/obo/FOODON_03310126,plantain (raw),accepted,,
169131,"Plantains, yellow, baked",http://purl.obolibrary.org/obo/FOODON_00003784,plantain,accepted,,
169132,"Plums, canned, purple, heavy syrup pack, solids and liquids",,,none,,
169133,"Plums, canned, purple, extra heavy syrup pack, solids and liquids",,,none,,
169134,"Pomegranates, raw",http://purl.obolibrary.org/obo/FOODON_00003066,pomegranate (raw),accepted,,
169135,"Lima beans, immature seeds, cooked, boiled, drained, without salt",http://purl.obolibrary.org/obo/FOODON_00005296,lima bean (immature),accepted,,
169136,"Lima beans, immature seeds, canned, regular pack, solids and liquids",http://purl.obolibrary.org/obo/FOODON_03302054,lima bean (canned),accepted,,
169137,"Mung beans, mature seeds, sprouted, cooked, boiled, drained, without salt",http://purl.obolibrary.org/obo/FOODON_00005248,mung bean (mature),accepted,,
169138,"Mung beans, mature seeds, sprouted, cooked, stir-fried",http://purl.obolibrary.org/obo/FOODON_00005248,mung bean (mature),accepted,,
169139,"Beans, navy, mature seeds, sprouted, raw",http://purl.obolibrary.org/obo/FOODON_00004349,"navy bean (raw, sprouted)",accepted,,
169140,"Beans, navy, mature seeds, sprouted, cooked, boiled, drained, without salt",http://purl.obolibrary.org/obo/FOODON_00005253,navy bean (mature),accepted,,
169141,"Beans, snap, green, cooked, boiled, drained, without salt",http://purl.obolibrary.org/obo/FOODON_03305806,green bean pod,accepted,,
169142,"Beans, snap, green, canned, regular pack, solids and liquids",http://purl.obolibrary.org/obo/FOODON_03307712,green bean (canned),accepted,,
169143,"Beans, snap, green, canned, regular pack, drained solids",http://purl.obolibrary.org/obo/FOODON_03307712,green bean (canned),accepted,,
169144,"Beans, snap, canned, all styles, seasoned, solids and liquids",http://purl.obolibrary.org/obo/FOODON_03307712,green bean (canned),accepted,,
169145,"Beets, raw",http://purl.obolibrary.org/obo/FOODON_03306696,beet (raw),accepted,,
169146,"Beets, cooked, boiled, drained",http://purl.obolibrary.org/obo/FOODON_03317254,beetroot,flagged,The FoodOn name names a part the USDA name does not (leaf).,review loop 2026-09-28
169147,"Beets, canned, regular pack, solids and liquids",http://purl.obolibrary.org/obo/FOODON_03301380,beet (canned),accepted,,
169148,"Pork, cured, ham -- water added, whole, boneless, separable lean only, heated, roasted",http://purl.obolibrary.org/obo/FOODON_03301114,ham (cured),accepted,,
169149,"Pork, cured, ham -- water added, whole, boneless, separable lean only, unheated",http://purl.obolibrary.org/obo/FOODON_03301114,ham (cured),accepted,,
169150,"Pork, cured, ham and water product, shank, bone-in, separable lean only, heated, roasted",http://purl.obolibrary.org/obo/FOODON_03301114,ham (cured),accepted,,
169151,"Pork, cured, ham -- water added, slice, bone-in, separable lean only, unheated",http://purl.obolibrary.org/obo/FOODON_03301114,ham (cured),accepted,,
169152,"Pork, cured, ham and water product, rump, bone-in, separable lean only, unheated",http://purl.obolibrary.org/obo/FOODON_03301114,ham (cured),accepted,,
169153,"Pork, cured, ham and water product, slice, bone-in, separable lean only, unheated",http://purl.obolibrary.org/obo/FOODON_03301114,ham (cured),accepted,,
169154,"Pork, cured, ham and water product, shank, bone-in, unheated, separable lean only",http://purl.obolibrary.org/obo/FOODON_03301114,ham (cured),accepted,,
169155,"Pork, cured, ham, separable fat, boneless, heated",http://purl.obolibrary.org/obo/FOODON_03301114,ham (cured),accepted,,
169156,"Pork, cured, ham, separable fat, boneless, unheated",http://purl.obolibrary.org/obo/FOODON_03301114,ham (cured),accepted,,
169157,"Pork, pickled pork hocks",http://purl.obolibrary.org/obo/FOODON_00005408,pork hock,accepted,,
169158,"Pork, cured, ham, slice, bone-in, separable lean only, heated, pan-broil",http://purl.obolibrary.org/obo/FOODON_03301114,ham (cured),accepted,,
169159,"Pork, cured, ham with natural juices, whole, boneless, separable lean and fat, unheated",http://purl.obolibrary.org/obo/FOODON_03301114,ham (cured),accepted,,
169160,"Pork, cured, ham and water product, whole, boneless, separable lean and fat, unheated",http://purl.obolibrary.org/obo/FOODON_03301114,ham (cured),accepted,,
169161,"Pork, cured, ham and water product, slice, bone-in, separable lean and fat, unheated",http://purl.obolibrary.org/obo/FOODON_03301114,ham (cured),accepted,,
169162,"Pork, cured, ham and water product, shank, bone-in, separable lean and fat, unheated",http://purl.obolibrary.org/obo/FOODON_03301114,ham (cured),accepted,,
169163,"Pork, cured, ham and water product, rump, bone-in, separable lean and fat, unheated",http://purl.obolibrary.org/obo/FOODON_03301114,ham (cured),accepted,,
169164,"Pork, cured, ham -- water added, rump, bone-in, separable lean and fat, heated, roasted",http://purl.obolibrary.org/obo/FOODON_03301114,ham (cured),accepted,,
169165,"Pork, cured, ham -- water added, shank, bone-in, separable lean and fat, heated, roasted",http://purl.obolibrary.org/obo/FOODON_03301114,ham (cured),accepted,,
169166,"Pork, cured, ham -- water added, slice, bone-in, separable lean and fat, heated, pan-broil",http://purl.obolibrary.org/obo/FOODON_03301114,ham (cured),accepted,,
169167,"Pork, cured, ham -- water added, slice, boneless, separable lean and fat, heated, pan-broil",http://purl.obolibrary.org/obo/FOODON_03301114,ham (cured),accepted,,
169168,"Pork, cured, ham and water product, slice, boneless, separable lean and fat, heated, pan-broil",http://purl.obolibrary.org/obo/FOODON_03301114,ham (cured),accepted,,
169169,"Pork, cured, ham and water product, whole, boneless, separable lean and fat, heated, roasted",http://purl.obolibrary.org/obo/FOODON_03301114,ham (cured),accepted,,
169170,"Pork, cured, ham with natural juices, rump, bone-in, separable lean and fat, heated, roasted",http://purl.obolibrary.org/obo/FOODON_03301114,ham (cured),accepted,,
169171,"Pork, cured, ham with natural juices, shank, bone-in, separable lean and fat, heated, roasted",http://purl.obolibrary.org/obo/FOODON_03301114,ham (cured),accepted,,
169172,"Pork, cured, ham with natural juices, slice, bone-in, separable lean and fat, heated, pan-broil",http://purl.obolibrary.org/obo/FOODON_03301114,ham (cured),accepted,,
169173,"Pork, cured, ham, rump, bone-in, separable lean only, heated, roasted",http://purl.obolibrary.org/obo/FOODON_03301114,ham (cured),accepted,,
169174,"Pork, cured, ham, rump, bone-in, separable lean only, unheated",http://purl.obolibrary.org/obo/FOODON_03301114,ham (cured),accepted,,
169175,"Pork, cured, ham, shank, bone-in, separable lean only, heated, roasted",http://purl.obolibrary.org/obo/FOODON_03301114,ham (cured),accepted,,
169176,"Pork, cured, ham, shank, bone-in, separable lean only, unheated",http://purl.obolibrary.org/obo/FOODON_03301114,ham (cured),accepted,,
169177,"Pork, cured, ham, slice, bone-in, separable lean and fat, unheated",http://purl.obolibrary.org/obo/FOODON_03301114,ham (cured),accepted,,
169178,"Pork, fresh, spareribs, separable lean and fat, cooked, roasted",http://purl.obolibrary.org/obo/FOODON_02000320,pork spareribs,accepted,,
169179,"Pork, fresh, composite of separable fat, with added solution, raw",,,none,,
169180,"Pork, fresh, loin, tenderloin, separable lean only, with added solution, cooked, roasted",,,none,,
169181,"Pork, fresh, loin, top loin (chops), boneless, separable lean only, with added solution, raw",,,none,,
169182,"Pork, fresh, loin, top loin (chops), boneless, separable lean and fat, with added solution, raw",,,none,,
169183,"Pork, fresh, loin, top loin (chops), boneless, separable lean and fat, with added solution, cooked, broiled",,,none,,
169184,"Pork, fresh, loin, tenderloin, separable lean and fat, with added solution, raw",,,none,,
169185,"Pork, fresh, loin, tenderloin, separable lean and fat, with added solution, cooked, roasted",,,none,,
169186,"Pork, Leg Cap Steak, boneless, separable lean and fat, raw",http://purl.obolibrary.org/obo/FOODON_02000337,pork leg cap steak (raw),accepted,,
169187,"Pork, Shoulder breast, boneless, separable lean and fat, raw",http://purl.obolibrary.org/obo/FOODON_02000341,pork brisket point (raw),accepted,,
169188,"Pork, Shoulder breast, boneless, separable lean and fat, cooked, broiled",http://purl.obolibrary.org/obo/FOODON_02000340,pork brisket point,accepted,,
169189,"Pork, shoulder, petite tender, boneless, separable lean and fat, cooked, broiled",http://purl.obolibrary.org/obo/FOODON_02000338,pork petite tender,accepted,,
169190,"Pork, ground, 96% lean / 4% fat, raw",http://purl.obolibrary.org/obo/FOODON_02021719,"pork meat (ground, raw)",flagged,USDA term is outside the edible branches,review loop 2026-09-28
169191,"Pork, ground, 72% lean / 28% fat, cooked, crumbles",http://purl.obolibrary.org/obo/FOODON_02021718,pork meat (ground),accepted,,
169192,"Pork, ground, 84% lean / 16% fat, cooked, crumbles",http://purl.obolibrary.org/obo/FOODON_02021718,pork meat (ground),accepted,,
169193,"Pork, ground, 96% lean / 4% fat, cooked, crumbles",http://purl.obolibrary.org/obo/FOODON_02021718,pork meat (ground),accepted,,
169194,"Pork, fresh, loin, blade (chops or roasts), boneless, separable lean only, raw",http://purl.obolibrary.org/obo/FOODON_02000293,pork loin blade roast (raw),accepted,,
169195,"Pork, fresh, loin, blade (roasts), boneless, separable lean only, cooked, roasted",http://purl.obolibrary.org/obo/FOODON_02000292,pork loin blade roast,accepted,,
169196,"Pork, fresh, loin, blade (chops), boneless, separable lean only, boneless, cooked, broiled",http://purl.obolibrary.org/obo/FOODON_02000290,pork loin blade chop,accepted,,
169197,"Pork, fresh, loin, country-style ribs, separable lean only, boneless, cooked, broiled",http://purl.obolibrary.org/obo/FOODON_02000311,pork loin country-style ribs,accepted,,
169198,"Pork, fresh, loin, blade (roasts), boneless, separable lean and fat, cooked, roasted",http://purl.obolibrary.org/obo/FOODON_02000292,pork loin blade roast,accepted,,
169199,"Pork, fresh, loin, country-style ribs, separable lean and fat, boneless, cooked, broiled",http://purl.obolibrary.org/obo/FOODON_02000311,pork loin country-style ribs,accepted,,
169200,"Pork, fresh, loin, country-style ribs, separable lean and fat, bone-in, cooked, broiled",http://purl.obolibrary.org/obo/FOODON_02000311,pork loin country-style ribs,accepted,,
169201,"Pork, fresh, loin, country-style ribs, separable lean and fat, boneless, cooked, roasted",http://purl.obolibrary.org/obo/FOODON_02000311,pork loin country-style ribs,accepted,,
169202,"Amaranth leaves, cooked, boiled, drained, without salt",http://purl.obolibrary.org/obo/FOODON_03000026,amaranth leaf,accepted,,
169203,"Arrowhead, raw",,,flagged,USDA term is outside the edible branches,review loop 2026-09-28
169204,"Arrowhead, cooked, boiled, drained, without salt",,,flagged,USDA term is outside the edible branches,review loop 2026-09-28
169205,"Artichokes, (globe or french), raw",http://purl.obolibrary.org/obo/FOODON_03301369,artichoke head (raw),accepted,,
169206,"Asparagus, canned, regular pack, solids and liquids",http://purl.obolibrary.org/obo/FOODON_03301371,asparagus (canned),accepted,,
169207,"Asparagus, canned, drained solids",http://purl.obolibrary.org/obo/FOODON_03301371,asparagus (canned),accepted,,
169208,"Asparagus, frozen, unprepared",http://purl.obolibrary.org/obo/FOODON_03301366,asparagus (frozen),accepted,,
169209,"Asparagus, frozen, cooked, boiled, drained, without salt",http://purl.obolibrary.org/obo/FOODON_03301366,asparagus (frozen),accepted,,
169210,"Bamboo shoots, raw",http://purl.obolibrary.org/obo/FOODON_03307912,bamboo shoot (raw),accepted,,
169211,"Bamboo shoots, cooked, boiled, drained, without salt",http://purl.obolibrary.org/obo/FOODON_00005324,bamboo shoot,accepted,,
169212,"Bamboo shoots, canned, drained solids",http://purl.obolibrary.org/obo/FOODON_00005324,bamboo shoot,accepted,,
169213,"Beans, kidney, mature seeds, sprouted, raw",http://purl.obolibrary.org/obo/FOODON_03000187,"kidney bean (raw, sprouted)",accepted,,
169214,"Corn, sweet, yellow, canned, whole kernel, drained solids",http://purl.obolibrary.org/obo/FOODON_03301386,sweet corn (canned),accepted,,
169215,"Corn, sweet, yellow, canned, cream style, regular pack",http://purl.obolibrary.org/obo/FOODON_03301386,sweet corn (canned),accepted,,
169216,"Corn, sweet, yellow, canned, vacuum pack, regular pack",http://purl.obolibrary.org/obo/FOODON_03301386,sweet corn (canned),accepted,,
169217,"Corn, yellow, whole kernel, frozen, microwaved",http://purl.obolibrary.org/obo/FOODON_00003782,yellow sweet corn kernel,accepted,,
169218,"Corn with red and green peppers, canned, solids and liquids",,,none,,
169219,"Cornsalad, raw",,,none,,
169220,"Cowpeas (blackeyes), immature seeds, raw",http://purl.obolibrary.org/obo/FOODON_03000203,"blackeyed pea (raw, immature)",flagged,The FoodOn name lacks the USDA food's main word (blackeye).,review loop 2026-09-28
169221,"Cowpeas, young pods with seeds, cooked, boiled, drained, without salt",http://purl.obolibrary.org/obo/FOODON_03000101,cowpea pod,accepted,,
169222,"Yardlong bean, raw",http://purl.obolibrary.org/obo/FOODON_00004350,asparagus bean (raw),flagged,The FoodOn name lacks the USDA food's main word (yardlong).,review loop 2026-09-28
169223,"Yardlong bean, cooked, boiled, drained, without salt",http://purl.obolibrary.org/obo/FOODON_03000097,asparagus bean,flagged,The FoodOn name lacks the USDA food's main word (yardlong).,review loop 2026-09-28
169224,"Cowpeas, leafy tips, raw",http://purl.obolibrary.org/obo/FOODON_03000100,cowpea leaf (raw),flagged,The FoodOn name names a part the USDA name does not (leaf).,review loop 2026-09-28
169225,"Cucumber, peeled, raw",http://purl.obolibrary.org/obo/FOODON_03000106,cucumber (peeled),accepted,,
169226,"Dandelion greens, raw",http://purl.obolibrary.org/obo/FOODON_00005343,dandelion greens bunch,accepted,,
169227,"Dandelion greens, cooked, boiled, drained, without salt",http://purl.obolibrary.org/obo/FOODON_03000070,dandelion leaf,flagged,The FoodOn name lacks the USDA food's main word (green).,review loop 2026-09-28
169228,"Eggplant, raw",http://purl.obolibrary.org/obo/FOODON_03309709,eggplant (raw),accepted,,
169229,"Eggplant, cooked, boiled, drained, without salt",http://purl.obolibrary.org/obo/FOODON_00003618,eggplant,accepted,,
169230,"Garlic, raw",http://purl.obolibrary.org/obo/FOODON_03305208,garlic bulb (raw),accepted,,
169231,"Ginger root, raw",http://purl.obolibrary.org/obo/FOODON_03309840,ginger root (raw),accepted,,
169232,"Gourd, white-flowered (calabash), raw",http://purl.obolibrary.org/obo/FOODON_03305223,zucca melon (raw),flagged,USDA term shares no content word with the USDA name,review loop 2026-09-28
169233,"Gourd, white-flowered (calabash), cooked, boiled, drained, without salt",http://purl.obolibrary.org/obo/FOODON_00003780,zucca melon,flagged,USDA term shares no content word with the USDA name,review loop 2026-09-28
169234,"Hyacinth-beans, immature seeds, raw",http://purl.obolibrary.org/obo/FOODON_00005293,"hyacinth bean (raw, immature)",accepted,,
169235,"Hyacinth-beans, immature seeds, cooked, boiled, drained, without salt",http://purl.obolibrary.org/obo/FOODON_00005292,hyacinth bean (immature),flagged,The FoodOn name says the opposite of the USDA name (raw).,review loop 2026-09-28
169236,"Jerusalem-artichokes, raw",http://purl.obolibrary.org/obo/FOODON_03301370,jerusalem artichoke (raw),accepted,,
169237,"Jew's ear, (pepeao), raw",http://purl.obolibrary.org/obo/FOODON_03000216,jelly ear (raw),flagged,"The FoodOn name lacks the USDA food's main word (jew, s).",review loop 2026-09-28
169238,"Kale, cooked, boiled, drained, without salt",http://purl.obolibrary.org/obo/FOODON_00003501,kale leaf,flagged,The FoodOn name names a part the USDA name does not (leaf).,review loop 2026-09-28
169239,"Kale, frozen, unprepared",http://purl.obolibrary.org/obo/FOODON_03311034,kale (frozen),accepted,,
169240,"Kale, frozen, cooked, boiled, drained, without salt",http://purl.obolibrary.org/obo/FOODON_03311034,kale (frozen),accepted,,
169241,"Kanpyo, (dried gourd strips)",http://purl.obolibrary.org/obo/FOODON_00005583,Kanpyo,accepted,,
169242,"Mushrooms, shiitake, raw",http://purl.obolibrary.org/obo/FOODON_00004258,shiitake mushroom (raw),accepted,,
169243,"Mushrooms, portabella, grilled",http://purl.obolibrary.org/obo/FOODON_00003464,portobello mushroom,accepted,,
169244,"Lambsquarters, raw",http://purl.obolibrary.org/obo/FOODON_00005190,lambs quarters leaf (raw),flagged,USDA term shares no content word with the USDA name,review loop 2026-09-28
169245,"Lambsquarters, cooked, boiled, drained, without salt",http://purl.obolibrary.org/obo/FOODON_00005189,lambs quarters leaf,flagged,USDA term shares no content word with the USDA name,review loop 2026-09-28
169246,"Leeks, (bulb and lower leaf-portion), raw",http://purl.obolibrary.org/obo/FOODON_03311757,leek (raw),accepted,,
169247,"Lettuce, cos or romaine, raw",http://purl.obolibrary.org/obo/FOODON_03306127,romaine lettuce head (raw),accepted,,
169248,"Lettuce, iceberg (includes crisphead types), raw",http://purl.obolibrary.org/obo/FOODON_03000124,crisphead lettuce (raw),accepted,,
169249,"Lettuce, green leaf, raw",http://purl.obolibrary.org/obo/FOODON_03000020,lettuce leaf (raw),accepted,,
169250,"Lotus root, raw",,,flagged,USDA term is outside the edible branches,review loop 2026-09-28
169251,"Mushrooms, white, raw",http://purl.obolibrary.org/obo/FOODON_00004259,white mushroom (raw),accepted,,
169252,"Mushrooms, white, cooked, boiled, drained, without salt",http://purl.obolibrary.org/obo/FOODON_00003462,white mushroom,accepted,,
169253,"Mushrooms, white, stir-fried",http://purl.obolibrary.org/obo/FOODON_00003462,white mushroom,accepted,,
169254,"Mushrooms, canned, drained solids",http://purl.obolibrary.org/obo/FOODON_00005329,piece(s) of mushroom fruitbody,accepted,,
169255,"Mushrooms, portabella, raw",http://purl.obolibrary.org/obo/FOODON_00004257,portobello mushroom (raw),accepted,,
169256,"Mustard greens, raw",http://purl.obolibrary.org/obo/FOODON_03301579,mustard greens (raw),accepted,,
169257,"Mustard greens, cooked, boiled, drained, without salt",http://purl.obolibrary.org/obo/FOODON_00002684,mustard greens,accepted,,
169258,"Mustard greens, frozen, unprepared",http://purl.obolibrary.org/obo/FOODON_03310955,mustard greens (frozen),accepted,,
169259,"Mustard greens, frozen, cooked, boiled, drained, without salt",http://purl.obolibrary.org/obo/FOODON_03310955,mustard greens (frozen),accepted,,
169260,"Okra, raw",http://purl.obolibrary.org/obo/FOODON_03301828,okra (raw),accepted,,
169261,"Okra, cooked, boiled, drained, without salt",http://purl.obolibrary.org/obo/FOODON_00003681,okra pod,accepted,,
169262,"Okra, frozen, unprepared",http://purl.obolibrary.org/obo/FOODON_00003681,okra pod,accepted,,
169263,"Okra, frozen, cooked, boiled, drained, without salt",http://purl.obolibrary.org/obo/FOODON_00003681,okra pod,accepted,,
169264,"Potatoes, french fried, all types, salt added in processing, frozen, home-prepared, oven heated",http://purl.obolibrary.org/obo/FOODON_03301959,potato (french-fried),accepted,,
169265,"Potatoes, french fried, cottage-cut, salt not added in processing, frozen, as purchased",http://purl.obolibrary.org/obo/FOODON_03301959,potato (french-fried),accepted,,
169266,"Potatoes, french fried, cottage-cut, salt not added in processing, frozen, oven-heated",http://purl.obolibrary.org/obo/FOODON_03301959,potato (french-fried),accepted,,
169267,"Potatoes, frozen, french fried, par fried, extruded, unprepared",http://purl.obolibrary.org/obo/FOODON_03301959,potato (french-fried),accepted,,
169268,"Potatoes, frozen, french fried, par fried, extruded, prepared, heated in oven, without salt",http://purl.obolibrary.org/obo/FOODON_03301959,potato (french-fried),accepted,,
169269,"Potato salad, home-prepared",,,none,,
169270,"Pumpkin flowers, raw",http://purl.obolibrary.org/obo/FOODON_00002571,squash flower,flagged,USDA term is outside the edible branches,review loop 2026-09-28
169271,"Pumpkin flowers, cooked, boiled, drained, without salt",http://purl.obolibrary.org/obo/FOODON_00002571,squash flower,flagged,USDA term is outside the edible branches,review loop 2026-09-28
169272,"Pumpkin leaves, raw",http://purl.obolibrary.org/obo/FOODON_03000135,pumpkin leaf (raw),accepted,,
169273,"Pumpkin pie mix, canned",,,none,,
169274,"Purslane, raw",http://purl.obolibrary.org/obo/FOODON_03310120,purslane leaf (raw),accepted,,
169275,"Purslane, cooked, boiled, drained, without salt",http://purl.obolibrary.org/obo/FOODON_00003711,purslane leaf,flagged,The FoodOn name names a part the USDA name does not (leaf).,review loop 2026-09-28
169276,"Radishes, raw",http://purl.obolibrary.org/obo/FOODON_03304656,radish (raw),accepted,,
169277,"Salsify, (vegetable oyster), raw",,,flagged,USDA term is outside the edible branches,review loop 2026-09-28
169278,"Salsify, cooked, boiled, drained, without salt",,,flagged,USDA term is outside the edible branches,review loop 2026-09-28
169279,"Sauerkraut, canned, solids and liquids",http://purl.obolibrary.org/obo/FOODON_03304661,sauerkraut (canned),accepted,,
169280,"Seaweed, agar, raw",http://purl.obolibrary.org/obo/FOODON_00005239,agar (raw),accepted,,
169281,"Sesbania flower, cooked, steamed, without salt",,,flagged,USDA term is outside the edible branches,review loop 2026-09-28
169282,"Soybeans, green, raw",http://purl.obolibrary.org/obo/FOODON_00002809,edamame,flagged,USDA term shares no content word with the USDA name,review loop 2026-09-28
169283,"Soybeans, green, cooked, boiled, drained, without salt",http://purl.obolibrary.org/obo/FOODON_00002809,edamame,flagged,USDA term shares no content word with the USDA name,review loop 2026-09-28
169284,"Soybeans, mature seeds, sprouted, raw",http://purl.obolibrary.org/obo/FOODON_03000208,"soybean (raw, sprouted)",accepted,,
169285,"Spinach, canned, regular pack, solids and liquids",http://purl.obolibrary.org/obo/FOODON_03301375,spinach (canned),accepted,,
169286,"Spinach, canned, regular pack, drained solids",http://purl.obolibrary.org/obo/FOODON_03301375,spinach (canned),accepted,,
169287,"Spinach, frozen, chopped or leaf, unprepared (Includes foods for USDA's Food Distribution Program)",http://purl.obolibrary.org/obo/FOODON_03311372,"spinach (chopped, frozen)",accepted,,
169288,"Spinach, frozen, chopped or leaf, cooked, boiled, drained, without salt",http://purl.obolibrary.org/obo/FOODON_03311372,"spinach (chopped, frozen)",accepted,,
169289,"Squash, summer, scallop, raw",http://purl.obolibrary.org/obo/FOODON_00003017,pattypan squash (raw),accepted,,
169290,"Squash, summer, scallop, cooked, boiled, drained, without salt",http://purl.obolibrary.org/obo/FOODON_00003707,pattypan squash,accepted,,
169291,"Squash, summer, zucchini, includes skin, raw",http://purl.obolibrary.org/obo/FOODON_00004138,zucchini squash (raw),accepted,,
169292,"Squash, summer, zucchini, includes skin, cooked, boiled, drained, without salt",http://purl.obolibrary.org/obo/FOODON_03310943,zucchini squash,accepted,,
169293,"Squash, winter, acorn, cooked, baked, without salt",http://purl.obolibrary.org/obo/FOODON_00003599,acorn squash,accepted,,
169294,"Squash, winter, acorn, cooked, boiled, mashed, without salt",http://purl.obolibrary.org/obo/FOODON_00003599,acorn squash,accepted,,
169295,"Squash, winter, butternut, raw",http://purl.obolibrary.org/obo/FOODON_00002981,butternut squash (raw),accepted,,
169296,"Squash, winter, butternut, cooked, baked, without salt",http://purl.obolibrary.org/obo/FOODON_00005354,butternut squash,accepted,,
169297,"Squash, winter, hubbard, cooked, boiled, mashed, without salt",http://purl.obolibrary.org/obo/FOODON_03000075,hubbard squash,accepted,,
169298,"Squash, winter, spaghetti, raw",http://purl.obolibrary.org/obo/FOODON_03000078,spaghetti squash (raw),accepted,,
169299,"Squash, winter, spaghetti, cooked, boiled, drained, or baked, without salt",http://purl.obolibrary.org/obo/FOODON_03000077,spaghetti squash,accepted,,
169300,"Succotash, (corn and limas), raw",,,none,,
169301,"Water convolvulus,raw",http://purl.obolibrary.org/obo/FOODON_00005359,water morning glory leaf (raw),flagged,The FoodOn name names a part the USDA name does not (leaf).,review loop 2026-09-28
169302,"Water convolvulus, cooked, boiled, drained, without salt",http://purl.obolibrary.org/obo/FOODON_00005358,water morning glory leaf,accepted,,
169303,"Sweet potato leaves, raw",http://purl.obolibrary.org/obo/FOODON_03000133,sweet potato leaf (raw),accepted,,
169304,"Sweet potato leaves, cooked, steamed, without salt",http://purl.obolibrary.org/obo/FOODON_03000132,sweet potato leaf,accepted,,
169305,"Sweet potato, canned, mashed",http://purl.obolibrary.org/obo/FOODON_03301518,sweet potato (canned),accepted,,
169306,"Sweet potato, frozen, unprepared (Includes foods for USDA's Food Distribution Program)",http://purl.obolibrary.org/obo/FOODON_00003445,sweet potato,accepted,,
169307,"Sweet potato, frozen, cooked, baked, without salt",http://purl.obolibrary.org/obo/FOODON_00003445,sweet potato,accepted,,
169308,"Taro, raw",http://purl.obolibrary.org/obo/FOODON_03309801,taro root (raw),flagged,The FoodOn name names a part the USDA name does not (leaf).,review loop 2026-09-28
169309,"Taro shoots, cooked, without salt",http://purl.obolibrary.org/obo/FOODON_03000138,taro shoot,accepted,,
169310,"Taro, tahitian, raw",http://purl.obolibrary.org/obo/FOODON_03000147,tahitian taro leaf (raw),flagged,The FoodOn name names a part the USDA name does not (leaf).,review loop 2026-09-28
169311,"Artichokes, (globe or french), cooked, boiled, drained, with salt",http://purl.obolibrary.org/obo/FOODON_00003573,artichoke head,accepted,,
169312,"Artichokes, (globe or french), frozen, cooked, boiled, drained, with salt",http://purl.obolibrary.org/obo/FOODON_00003573,artichoke head,accepted,,
169313,"Asparagus, cooked, boiled, drained, with salt",http://purl.obolibrary.org/obo/FOODON_00003458,asparagus spear,accepted,,
169314,"Asparagus, canned, no salt added, solids and liquids",http://purl.obolibrary.org/obo/FOODON_03301371,asparagus (canned),accepted,,
169315,"Beans, kidney, mature seeds, sprouted, cooked, boiled, drained, with salt",http://purl.obolibrary.org/obo/FOODON_00005254,kidney bean (mature),accepted,,
169316,"Lima beans, immature seeds, cooked, boiled, drained, with salt",http://purl.obolibrary.org/obo/FOODON_00005296,lima bean (immature),accepted,,
169317,"Lima beans, immature seeds, canned, no salt added, solids and liquids",http://purl.obolibrary.org/obo/FOODON_03302054,lima bean (canned),accepted,,
169318,"Lima beans, immature seeds, frozen, baby, cooked, boiled, drained, with salt",http://purl.obolibrary.org/obo/FOODON_00005296,lima bean (immature),accepted,,
169319,"Beans, pinto, mature seeds, sprouted, cooked, boiled, drained, with salt",http://purl.obolibrary.org/obo/FOODON_03309759,pinto bean,accepted,,
169320,"Beans, snap, yellow, raw",http://purl.obolibrary.org/obo/FOODON_00003011,wax bean,accepted,,
169321,"Beans, snap, green, cooked, boiled, drained, with salt",http://purl.obolibrary.org/obo/FOODON_03305806,green bean pod,accepted,,
169322,"Beans, snap, yellow, cooked, boiled, drained, without salt",http://purl.obolibrary.org/obo/FOODON_00003011,wax bean,accepted,,
169323,"Beans, snap, yellow, cooked, boiled, drained, with salt",http://purl.obolibrary.org/obo/FOODON_00003011,wax bean,accepted,,
169324,"Beans, snap, yellow, frozen, all styles, unprepared",http://purl.obolibrary.org/obo/FOODON_03000166,wax bean (raw),accepted,,
169325,"Beans, snap, green, frozen, cooked, boiled, drained, with salt",http://purl.obolibrary.org/obo/FOODON_03310335,green bean (frozen),accepted,,
169326,"Beans, snap, yellow, frozen, cooked, boiled, drained, without salt",http://purl.obolibrary.org/obo/FOODON_00004377,yellow bean (cooked),accepted,,
169327,"Beans, snap, yellow, frozen, cooked, boiled, drained, with salt",http://purl.obolibrary.org/obo/FOODON_00004377,yellow bean (cooked),accepted,,
169328,"Broadbeans, immature seeds, cooked, boiled, drained, with salt",http://purl.obolibrary.org/obo/FOODON_00005294,broad bean (immature),accepted,,
169329,"Broccoli, leaves, raw",http://purl.obolibrary.org/obo/FOODON_03000046,broccoli leaf (raw),accepted,,
169330,"Broccoli, flower clusters, raw",http://purl.obolibrary.org/obo/FOODON_03301713,broccoli floret (raw),accepted,,
169331,"Broccoli, stalks, raw",http://purl.obolibrary.org/obo/FOODON_03000048,broccoli stalk (raw),accepted,,
169332,"Brussels sprouts, frozen, cooked, boiled, drained, with salt",http://purl.obolibrary.org/obo/FOODON_03301385,brussels sprout (frozen),accepted,,
169333,"Burdock root, cooked, boiled, drained, with salt",http://purl.obolibrary.org/obo/FOODON_00005350,burdock root,accepted,,
169334,"Butterbur, cooked, boiled, drained, with salt",http://purl.obolibrary.org/obo/FOODON_03317621,butterbur stem,flagged,The FoodOn name names a part the USDA name does not (stem).,review loop 2026-09-28
169335,"Cabbage, common (danish, domestic, and pointed types), freshly harvest, raw",http://purl.obolibrary.org/obo/FOODON_03301326,cabbage head (raw),accepted,,
169336,"Cabbage, common (danish, domestic, and pointed types), stored, raw",http://purl.obolibrary.org/obo/FOODON_03301326,cabbage head (raw),accepted,,
169337,"Cabbage, chinese (pe-tsai), cooked, boiled, drained, with salt",http://purl.obolibrary.org/obo/FOODON_00003662,chinese cabbage head,accepted,,
169338,"Cardoon, cooked, boiled, drained, with salt",http://purl.obolibrary.org/obo/FOODON_03000049,cardoon stalk,flagged,The FoodOn name names a part the USDA name does not (leaf).,review loop 2026-09-28
169339,"Carrots, cooked, boiled, drained, with salt",http://purl.obolibrary.org/obo/FOODON_00003408,carrot root,accepted,,
169340,"Carrots, canned, no salt added, solids and liquids",http://purl.obolibrary.org/obo/FOODON_03305519,"carrot pieces (peeled, canned)",accepted,,
169341,"Celeriac, cooked, boiled, drained, with salt",http://purl.obolibrary.org/obo/FOODON_00004120,celeriac root,flagged,The FoodOn name names a part the USDA name does not (stalk).,review loop 2026-09-28
169342,"Celery, cooked, boiled, drained, with salt",http://purl.obolibrary.org/obo/FOODON_00003411,celery stalk,flagged,The FoodOn name names a part the USDA name does not (leaf).,review loop 2026-09-28
169343,"Chard, swiss, cooked, boiled, drained, with salt",http://purl.obolibrary.org/obo/FOODON_00003631,swiss chard leaf,flagged,The FoodOn name names a part the USDA name does not (leaf).,review loop 2026-09-28
169344,"Chayote, fruit, cooked, boiled, drained, with salt",http://purl.obolibrary.org/obo/FOODON_00003653,chayote,accepted,,
169345,"Corn, sweet, yellow, canned, no salt added, solids and liquids (Includes foods for USDA's Food Distribution Program)",http://purl.obolibrary.org/obo/FOODON_03301386,sweet corn (canned),accepted,,
169346,"Corn, sweet, yellow, canned, cream style, no salt added",http://purl.obolibrary.org/obo/FOODON_03301386,sweet corn (canned),accepted,,
169347,"Corn, sweet, yellow, canned, vacuum pack, no salt added",http://purl.obolibrary.org/obo/FOODON_00003782,yellow sweet corn kernel,accepted,,
169348,"Corn, sweet, yellow, frozen, kernels, cut off cob, boiled, drained, with salt",http://purl.obolibrary.org/obo/FOODON_00003782,yellow sweet corn kernel,accepted,,
169349,"Corn, sweet, yellow, frozen, kernels on cob, cooked, boiled, drained, with salt",http://purl.obolibrary.org/obo/FOODON_00003782,yellow sweet corn kernel,accepted,,
169350,"Cress, garden, cooked, boiled, drained, with salt",http://purl.obolibrary.org/obo/FOODON_03000033,garden cress leaf,accepted,,
169351,"Dandelion greens, cooked, boiled, drained, with salt",http://purl.obolibrary.org/obo/FOODON_03000070,dandelion leaf,flagged,The FoodOn name lacks the USDA food's main word (green).,review loop 2026-09-28
169352,"Eggplant, cooked, boiled, drained, with salt",http://purl.obolibrary.org/obo/FOODON_00003618,eggplant,accepted,,
169353,"Gourd, white-flowered (calabash), cooked, boiled, drained, with salt",http://purl.obolibrary.org/obo/FOODON_00003780,zucca melon,flagged,USDA term shares no content word with the USDA name,review loop 2026-09-28
169354,"Jute, potherb, cooked, boiled, drained, with salt",http://purl.obolibrary.org/obo/FOODON_03000111,nalta jute leaf,flagged,The FoodOn name names a part the USDA name does not (leaf).,review loop 2026-09-28
169355,"Kale, cooked, boiled, drained, with salt",http://purl.obolibrary.org/obo/FOODON_00003501,kale leaf,flagged,The FoodOn name names a part the USDA name does not (leaf).,review loop 2026-09-28
169356,"Kale, frozen, cooked, boiled, drained, with salt",http://purl.obolibrary.org/obo/FOODON_03311034,kale (frozen),accepted,,
169357,"Kohlrabi, cooked, boiled, drained, with salt",http://purl.obolibrary.org/obo/FOODON_00003422,kohlrabi stem,flagged,The FoodOn name names a part the USDA name does not (stem).,review loop 2026-09-28
169358,"Yambean (jicama), cooked, boiled, drained, with salt",http://purl.obolibrary.org/obo/FOODON_00003739,jicama tuber,accepted,,
169359,"Yardlong bean, cooked, boiled, drained, with salt",http://purl.obolibrary.org/obo/FOODON_03000097,asparagus bean,flagged,The FoodOn name lacks the USDA food's main word (yardlong).,review loop 2026-09-28
169360,"Corn, sweet, white, canned, whole kernel, no salt added, solids and liquids",http://purl.obolibrary.org/obo/FOODON_00003783,white sweet corn kernel,accepted,,
169361,"Corn, sweet, white, canned, whole kernel, drained solids",http://purl.obolibrary.org/obo/FOODON_00003783,white sweet corn kernel,accepted,,
169362,"Corn, sweet, white, canned, cream style, regular pack",,,none,,
169363,"Corn, sweet, white, canned, cream style, no salt added",,,none,,
169364,"Corn, sweet, white, frozen, kernels cut off cob, boiled, drained, with salt",http://purl.obolibrary.org/obo/FOODON_00003783,white sweet corn kernel,accepted,,
169365,"Corn, sweet, white, frozen, kernels on cob, unprepared",http://purl.obolibrary.org/obo/FOODON_03303201,white sweet corn kernel (raw),accepted,,
169366,"Corn, sweet, white, frozen, kernels on cob, cooked, boiled, drained, without salt",http://purl.obolibrary.org/obo/FOODON_00003783,white sweet corn kernel,accepted,,
169367,"Corn, sweet, white, frozen, kernels on cob, cooked, boiled, drained, with salt",http://purl.obolibrary.org/obo/FOODON_00003783,white sweet corn kernel,accepted,,
169368,"Sesbania flower, cooked, steamed, with salt",,,flagged,USDA term is outside the edible branches,review loop 2026-09-28
169369,"Soybeans, mature seeds, sprouted, cooked, steamed, with salt",http://purl.obolibrary.org/obo/FOODON_00003837,soybean sprout,flagged,Found by hand: soybean sprouts are not soybeans.,review loop 2026-09-28
169370,"Soybeans, mature seeds, sprouted, cooked, stir-fried, with salt",http://purl.obolibrary.org/obo/FOODON_00003837,soybean sprout,flagged,Found by hand: soybean sprouts are not soybeans.,review loop 2026-09-28
169371,"Dock, cooked, boiled, drained, with salt",http://purl.obolibrary.org/obo/FOODON_03000184,dock leaf,flagged,The FoodOn name names a part the USDA name does not (leaf).,review loop 2026-09-28
169372,"Potatoes, mashed, dehydrated, prepared from flakes without milk, whole milk and margarine added",,,none,,
169373,"Peppers, sweet, red, freeze-dried",http://purl.obolibrary.org/obo/FOODON_00003485,sweet red bell pepper,accepted,,
169374,"Beans, snap, yellow, canned, regular pack, drained solids",http://purl.obolibrary.org/obo/FOODON_03000093,yellow bean,accepted,,
169375,"Beans, snap, yellow, canned, no salt added, drained solids",http://purl.obolibrary.org/obo/FOODON_03000093,yellow bean,accepted,,
169376,"Mushroom, white, exposed to ultraviolet light, raw",http://purl.obolibrary.org/obo/FOODON_00004259,white mushroom (raw),accepted,,
169377,"Mushrooms, portabella, exposed to ultraviolet light, grilled",http://purl.obolibrary.org/obo/FOODON_00003464,portobello mushroom,accepted,,
169378,"Pickles, cucumber, sweet (includes bread and butter pickles)",,,none,,
169379,"Pickles, cucumber, sour",,,none,,
169380,"Pickles, cucumber, sweet, low sodium (includes bread and butter pickles)",,,none,,
169381,"Catsup, low sodium",,,none,,
169382,"Mushrooms, enoki, raw",http://purl.obolibrary.org/obo/FOODON_00004253,brown mushroom (raw),accepted,,
169383,"Peppers, sweet, yellow, raw",http://purl.obolibrary.org/obo/FOODON_00003012,yellow bell pepper (raw),accepted,,
169384,"Tomatoes, sun-dried, packed in oil, drained",http://purl.obolibrary.org/obo/FOODON_03311691,"tomato (sun-dried, in oil)",accepted,,
169385,"Fennel, bulb, raw",http://purl.obolibrary.org/obo/FOODON_00005222,fennel bulb (raw),accepted,,
169386,"Pickle relish, hamburger",,,none,,
169387,"Arugula, raw",http://purl.obolibrary.org/obo/FOODON_00005223,arugula leaf (raw),flagged,The FoodOn name names a part the USDA name does not (leaf).,review loop 2026-09-28
169388,"Nopales, cooked, without salt",http://purl.obolibrary.org/obo/FOODON_00003078,prickly pear pad,flagged,USDA term shares no content word with the USDA name,review loop 2026-09-28
169389,"Cauliflower, green, raw",http://purl.obolibrary.org/obo/FOODON_03000058,green cauliflower floret (raw),accepted,,
169390,"Cauliflower, green, cooked, no salt added",http://purl.obolibrary.org/obo/FOODON_03000057,green cauliflower floret,accepted,,
169391,"Cauliflower, green, cooked, with salt",http://purl.obolibrary.org/obo/FOODON_03000057,green cauliflower floret,accepted,,
169392,"Broccoli, chinese, cooked",http://purl.obolibrary.org/obo/FOODON_00003130,gai lan,flagged,USDA term shares no content word with the USDA name,review loop 2026-09-28
169393,"Grape leaves, canned",http://purl.obolibrary.org/obo/FOODON_00003637,grape leaf,accepted,,
169394,"Pepper, banana, raw",http://purl.obolibrary.org/obo/FOODON_03000127,banana pepper (raw),accepted,,
169395,"Peppers, serrano, raw",http://purl.obolibrary.org/obo/FOODON_03000129,serrano pepper (raw),accepted,,
169396,"Peppers, ancho, dried",http://purl.obolibrary.org/obo/FOODON_00002994,ancho pepper,accepted,,
169397,"Pickles, chowchow, with cauliflower onion mustard, sweet",,,none,,
169398,"Epazote, raw",http://purl.obolibrary.org/obo/FOODON_00005364,Mexican tea leaf,flagged,USDA term shares no content word with the USDA name,review loop 2026-09-28
169399,"Fireweed, leaves, raw",http://purl.obolibrary.org/obo/FOODON_03000074,fireweed leaf (raw),accepted,,
169400,"Malabar spinach, cooked",http://purl.obolibrary.org/obo/FOODON_03000153,malabar spinach leaf,flagged,The FoodOn name names a part the USDA name does not (leaf).,review loop 2026-09-28
169401,"Yautia (tannier), raw",,,flagged,USDA term is outside the edible branches,review loop 2026-09-28
169402,"Mushrooms, white, microwaved",http://purl.obolibrary.org/obo/FOODON_00003462,white mushroom,accepted,,
169403,"Mushrooms, maitake, raw",http://purl.obolibrary.org/obo/FOODON_00004254,maitake mushroom (raw),accepted,,
169404,"Broccoli, chinese, raw",http://purl.obolibrary.org/obo/FOODON_00005340,gai lan (raw),flagged,USDA term shares no content word with the USDA name,review loop 2026-09-28
169405,"Fiddlehead ferns, raw",http://purl.obolibrary.org/obo/FOODON_03000170,fiddlehead leaf (raw),flagged,The FoodOn name names a part the USDA name does not (leaf).,review loop 2026-09-28
169406,"Seeds, sesame butter, tahini, from unroasted kernels (non-chemically removed seed coat)",http://purl.obolibrary.org/obo/FOODON_00003855,tahini,accepted,,
169407,"Seeds, watermelon seed kernels, dried",,,flagged,USDA term is outside the edible branches,review loop 2026-09-28
169408,"Nuts, chestnuts, japanese, dried",http://purl.obolibrary.org/obo/FOODON_03301873,chestnut (dried),accepted,,
169409,"Nuts, coconut milk, frozen (liquid expressed from grated meat and water)",http://purl.obolibrary.org/obo/FOODON_03303089,coconut milk (frozen),accepted,,
169410,"Seeds, sesame butter, tahini, from raw and stone ground kernels",http://purl.obolibrary.org/obo/FOODON_00004525,sesame butter,accepted,,
169411,"Nuts, formulated, wheat-based, all flavors except macadamia, without salt",,,none,,
169412,"Seeds, sesame seed kernels, dried (decorticated)",http://purl.obolibrary.org/obo/FOODON_00005256,sesame seed (dried),accepted,,
169413,"Nuts, chestnuts, japanese, raw",http://purl.obolibrary.org/obo/FOODON_00003085,japanese chestnut (raw),accepted,,
169414,"Seeds, flaxseed",http://purl.obolibrary.org/obo/FOODON_03309718,flaxseed (raw),accepted,,
169415,"Seeds, pumpkin and squash seed kernels, roasted, with salt added",http://purl.obolibrary.org/obo/FOODON_00004886,pumpkin seed,accepted,,
169416,"Seeds, sesame seed kernels, toasted, with salt added (decorticated)",http://purl.obolibrary.org/obo/FOODON_03310306,sesame seed,accepted,,
169417,"Seeds, sunflower seed kernels from shell, dry roasted, with salt added",http://purl.obolibrary.org/obo/FOODON_00003581,sunflower seed (whole kernel),accepted,,
169418,"Seeds, sunflower seed kernels, dry roasted, with salt added",http://purl.obolibrary.org/obo/FOODON_00003581,sunflower seed (whole kernel),flagged,The FoodOn name names a part the USDA name does not (shell).,review loop 2026-09-28
169419,"Nuts, almonds, oil roasted, with salt added",http://purl.obolibrary.org/obo/FOODON_00003523,almond,accepted,,
169420,"Nuts, almonds, oil roasted, with salt added, smoke flavor",http://purl.obolibrary.org/obo/FOODON_00003523,almond,accepted,,
169421,"Nuts, cashew nuts, dry roasted, with salt added",http://purl.obolibrary.org/obo/FOODON_00003615,cashew nut,accepted,,
169422,"Nuts, cashew nuts, oil roasted, with salt added",http://purl.obolibrary.org/obo/FOODON_00003615,cashew nut,flagged,The FoodOn name names a part the USDA name does not (shell).,review loop 2026-09-28
169423,"Nuts, mixed nuts, oil roasted, without peanuts, with salt added",,,none,,
169424,"Nuts, pecans, dry roasted, with salt added",http://purl.obolibrary.org/obo/FOODON_00003699,pecan,accepted,,
169425,"Nuts, pecans, oil roasted, with salt added",http://purl.obolibrary.org/obo/FOODON_03311213,pecan (oil roasted),accepted,,
169426,"Nuts, pistachio nuts, dry roasted, with salt added",http://purl.obolibrary.org/obo/FOODON_00003691,pistachio nut,accepted,,
169427,"Nuts, mixed nuts, oil roasted, with peanuts, lightly salted",,,none,,
169428,"Nuts, mixed nuts, oil roasted, without peanuts, lightly salted",,,none,,
169429,"Beef, grass-fed, strip steaks, lean only, raw",http://purl.obolibrary.org/obo/FOODON_02000130,"beef strip steak (bone-in, raw)",accepted,,
169430,"Beef, carcass, separable lean and fat, choice, raw",,,flagged,"The FoodOn name is a whole animal, a plant or a catalog code, not a food (cow carcass (raw)).",review loop 2026-09-28
169431,"Beef, carcass, separable lean and fat, select, raw",,,flagged,"The FoodOn name is a whole animal, a plant or a catalog code, not a food (cow carcass (raw)).",review loop 2026-09-28
169432,"Beef, brisket, flat half, separable lean and fat, trimmed to 1/8"" fat, select, cooked, braised",http://purl.obolibrary.org/obo/FOODON_02000191,beef brisket flat half,accepted,,
169433,"Beef, flank, steak, separable lean and fat, trimmed to 0"" fat, choice, raw",http://purl.obolibrary.org/obo/FOODON_02000178,beef flank steak (raw),accepted,,
169434,"Beef, flank, steak, separable lean and fat, trimmed to 0"" fat, choice, cooked, braised",http://purl.obolibrary.org/obo/FOODON_02000177,beef flank steak,accepted,,
169435,"Beef, flank, steak, separable lean and fat, trimmed to 0"" fat, choice, cooked, broiled",http://purl.obolibrary.org/obo/FOODON_02000177,beef flank steak,accepted,,
169436,"Beef, rib, eye, small end (ribs 10-12), separable lean and fat, trimmed to 0"" fat, choice, cooked, broiled",http://purl.obolibrary.org/obo/FOODON_02000229,beef small end rib roast,accepted,,
169437,"Beef, rib, eye, small end (ribs 10-12), separable lean only, trimmed to 0"" fat, choice, raw",http://purl.obolibrary.org/obo/FOODON_02000230,beef small end rib roast (raw),accepted,,
169438,"Beef, rib, eye, small end (ribs 10-12), separable lean only, trimmed to 0"" fat, choice, cooked, broiled",http://purl.obolibrary.org/obo/FOODON_02000229,beef small end rib roast,accepted,,
169439,"Beef, rib, shortribs, separable lean and fat, choice, raw",http://purl.obolibrary.org/obo/FOODON_02000223,beef short rib (raw),accepted,,
169440,"Beef, brisket, flat half, separable lean and fat, trimmed to 0"" fat, choice, cooked, braised",http://purl.obolibrary.org/obo/FOODON_02000191,beef brisket flat half,accepted,,
169441,"Beef, shank crosscuts, separable lean only, trimmed to 1/4"" fat, choice, raw",http://purl.obolibrary.org/obo/FOODON_02000200,beef shank cross-cut (raw),accepted,,
169442,"Beef, shank crosscuts, separable lean only, trimmed to 1/4"" fat, choice, cooked, simmered",http://purl.obolibrary.org/obo/FOODON_02000199,beef shank cross-cut,accepted,,
169443,"Beef, short loin, porterhouse steak, separable lean only, trimmed to 1/8"" fat, choice, raw",http://purl.obolibrary.org/obo/FOODON_02000401,beef porterhouse steak (raw),accepted,,
169444,"Beef, chuck, under blade pot roast, boneless, separable lean only, trimmed to 0"" fat, all grades, cooked, braised",http://purl.obolibrary.org/obo/FOODON_02000101,beef blade chuck roast,accepted,,
169445,"Beef, chuck, under blade pot roast or steak, boneless, separable lean only, trimmed to 0"" fat, all grades, raw",http://purl.obolibrary.org/obo/FOODON_02000100,beef blade chuck steak (raw),accepted,,
169446,"Beef, chuck, under blade pot roast or steak, boneless, separable lean only, trimmed to 0"" fat, choice, raw",http://purl.obolibrary.org/obo/FOODON_02000066,beef denver steak (raw),accepted,,
169447,"Beef, ground, patties, frozen, cooked, broiled",http://purl.obolibrary.org/obo/FOODON_03317337,ground beef patty,accepted,,
169448,"Beef, variety meats and by-products, heart, cooked, simmered",http://purl.obolibrary.org/obo/FOODON_00004410,beef heart,accepted,,
169449,"Beef, variety meats and by-products, kidneys, raw",http://purl.obolibrary.org/obo/FOODON_03310590,beef kidney (raw),accepted,,
169450,"Beef, variety meats and by-products, kidneys, cooked, simmered",http://purl.obolibrary.org/obo/FOODON_02020912,beef kidney,accepted,,
169451,"Beef, variety meats and by-products, liver, raw",http://purl.obolibrary.org/obo/FOODON_03302734,beef liver (raw),accepted,,
169452,"Beef, variety meats and by-products, pancreas, raw",http://purl.obolibrary.org/obo/FOODON_02020925,beef pancreas (raw),accepted,,
169453,"Beef, variety meats and by-products, pancreas, cooked, braised",http://purl.obolibrary.org/obo/FOODON_02020918,beef pancreas,accepted,,
169454,"Beef, variety meats and by-products, spleen, raw",http://purl.obolibrary.org/obo/FOODON_02020923,beef spleen (raw),accepted,,
169455,"Beef, loin, top loin steak, boneless, lip off, separable lean only, trimmed to 0"" fat, choice, cooked, grilled",http://purl.obolibrary.org/obo/FOODON_02000127,beef strip steak (boneless),accepted,,
169456,"Beef, loin, top loin steak, boneless, lip off, separable lean only, trimmed to 0"" fat, select, cooked, grilled",http://purl.obolibrary.org/obo/FOODON_02000127,beef strip steak (boneless),accepted,,
169457,"Beef, top sirloin, steak, separable lean and fat, trimmed to 0"" fat, all grades, cooked, broiled",http://purl.obolibrary.org/obo/FOODON_02000149,beef top sirloin steak,accepted,,
169458,"Beef, top sirloin, steak, separable lean and fat, trimmed to 0"" fat, choice, cooked, broiled",http://purl.obolibrary.org/obo/FOODON_02000149,beef top sirloin steak,accepted,,
169459,"Beef, short loin, porterhouse steak, separable lean and fat, trimmed to 0"" fat, all grades, cooked, broiled",http://purl.obolibrary.org/obo/FOODON_00003305,beef porterhouse steak,accepted,,
169460,"Beef, short loin, porterhouse steak, separable lean and fat, trimmed to 0"" fat, USDA choice, cooked, broiled",http://purl.obolibrary.org/obo/FOODON_00003305,beef porterhouse steak,accepted,,
169461,"Beef, short loin, porterhouse steak, separable lean and fat, trimmed to 0"" fat, USDA select, cooked, broiled",http://purl.obolibrary.org/obo/FOODON_00003305,beef porterhouse steak,accepted,,
169462,"Beef, short loin, porterhouse steak, separable lean only, trimmed to 1/8"" fat, all grades, raw",http://purl.obolibrary.org/obo/FOODON_02000401,beef porterhouse steak (raw),accepted,,
169463,"Beef, short loin, porterhouse steak, separable lean only, trimmed to 0"" fat, select, cooked, broiled",http://purl.obolibrary.org/obo/FOODON_00003305,beef porterhouse steak,accepted,,
169464,"Beef, short loin, t-bone steak, separable lean and fat, trimmed to 0"" fat, all grades, cooked, broiled",http://purl.obolibrary.org/obo/FOODON_00003304,beef T-bone steak,accepted,,
169465,"Beef, short loin, t-bone steak, separable lean and fat, trimmed to 0"" fat, USDA choice, cooked, broiled",http://purl.obolibrary.org/obo/FOODON_00003304,beef T-bone steak,accepted,,
169466,"Beef, short loin, t-bone steak, separable lean and fat, trimmed to 0"" fat, USDA select, cooked, broiled",http://purl.obolibrary.org/obo/FOODON_00003304,beef T-bone steak,accepted,,
169467,"Beef, short loin, t-bone steak, bone-in, separable lean only, trimmed to 1/8"" fat, select, cooked, grilled",http://purl.obolibrary.org/obo/FOODON_00003304,beef T-bone steak,accepted,,
169468,"Beef, short loin, t-bone steak, separable lean only, trimmed to 0"" fat, select, cooked, broiled",http://purl.obolibrary.org/obo/FOODON_00003304,beef T-bone steak,accepted,,
169469,"Beef, brisket, flat half, separable lean only, trimmed to 0"" fat, select, cooked, braised",http://purl.obolibrary.org/obo/FOODON_02000191,beef brisket flat half,accepted,,
169470,"Beef, round, tip round, roast, separable lean and fat, trimmed to 0"" fat, all grades, raw",http://purl.obolibrary.org/obo/FOODON_02000028,beef sirloin tip roast (raw),accepted,,
169471,"Beef, round, top round steak, boneless, separable lean only, trimmed to 0"" fat, choice, cooked, grilled",http://purl.obolibrary.org/obo/FOODON_02000016,beef top round steak (boneless),accepted,,
169472,"Beef, round, top round steak, boneless, separable lean only, trimmed to 0"" fat, select, cooked, grilled",http://purl.obolibrary.org/obo/FOODON_02000016,beef top round steak (boneless),accepted,,
169473,"Beef, ground, 70% lean meat / 30% fat, crumbles, cooked, pan-browned",http://purl.obolibrary.org/obo/FOODON_00001282,beef (ground),accepted,,
169474,"Beef, ground, 70% lean meat / 30% fat, loaf, cooked, baked",http://purl.obolibrary.org/obo/FOODON_00001282,beef (ground),accepted,,
169475,"Beef, shoulder top blade steak, boneless, separable lean only, trimmed to 0"" fat, choice, cooked, grilled",http://purl.obolibrary.org/obo/FOODON_02000085,beef top blade steak,accepted,,
169476,"Beef, shoulder top blade steak, boneless, separable lean only, trimmed to 0"" fat, select, cooked, grilled",http://purl.obolibrary.org/obo/FOODON_02000085,beef top blade steak,accepted,,
169477,"Beef, shoulder top blade steak, boneless, separable lean only, trimmed to 0"" fat, all grades, raw",http://purl.obolibrary.org/obo/FOODON_02000086,beef top blade steak (raw),accepted,,
169478,"Beef, shoulder top blade steak, boneless, separable lean only, trimmed to 0"" fat, choice, raw",http://purl.obolibrary.org/obo/FOODON_02000086,beef top blade steak (raw),accepted,,
169479,"Beef, shoulder top blade steak, boneless, separable lean and fat, trimmed to 0"" fat, all grades, cooked, grilled",http://purl.obolibrary.org/obo/FOODON_02000085,beef top blade steak,accepted,,
169480,"Beef, shoulder pot roast or steak, boneless, separable lean only, trimmed to 0"" fat, all grades, raw",http://purl.obolibrary.org/obo/FOODON_02000076,beef shoulder roast (raw),accepted,,
169481,"Beef, shoulder pot roast or steak, boneless, separable lean only, trimmed to 0"" fat, choice, raw",http://purl.obolibrary.org/obo/FOODON_02000076,beef shoulder roast (raw),accepted,,
169482,"Beef, shoulder pot roast or steak, boneless, separable lean only, trimmed to 0"" fat, select, raw",http://purl.obolibrary.org/obo/FOODON_02000076,beef shoulder roast (raw),accepted,,
169483,"Beef, composite of trimmed retail cuts, separable lean and fat, trimmed to 1/8"" fat, all grades, raw",http://purl.obolibrary.org/obo/FOODON_02000465,beef retail cut (raw),accepted,,
169484,"Beef, composite of trimmed retail cuts, separable lean and fat, trimmed to 1/8"" fat, all grades, cooked",http://purl.obolibrary.org/obo/FOODON_00004478,beef retail cut,accepted,,
169485,"Beef, composite of trimmed retail cuts, separable lean and fat, trimmed to 1/8"" fat, choice, raw",http://purl.obolibrary.org/obo/FOODON_02000465,beef retail cut (raw),accepted,,
169486,"Beef, composite of trimmed retail cuts, separable lean and fat, trimmed to 1/8"" fat, choice, cooked",http://purl.obolibrary.org/obo/FOODON_00004478,beef retail cut,accepted,,
169487,"Beef, composite of trimmed retail cuts, separable lean and fat, trimmed to 1/8"" fat, select, raw",http://purl.obolibrary.org/obo/FOODON_02000465,beef retail cut (raw),accepted,,
169488,"Beef, brisket, flat half, separable lean and fat, trimmed to 1/8"" fat, all grades, cooked, braised",http://purl.obolibrary.org/obo/FOODON_02000191,beef brisket flat half,accepted,,
169489,"Beef, brisket, point half, separable lean and fat, trimmed to 1/8"" fat, all grades, raw",http://purl.obolibrary.org/obo/FOODON_02000196,beef brisket point half (raw),accepted,,
169490,"Beef, brisket, point half, separable lean and fat, trimmed to 1/8"" fat, all grades, cooked, braised",http://purl.obolibrary.org/obo/FOODON_02000195,beef brisket point half,accepted,,
169491,"Beef, chuck, arm pot roast, separable lean and fat, trimmed to 1/8"" fat, all grades, raw",http://purl.obolibrary.org/obo/FOODON_02000112,beef chuck arm roast (raw),accepted,,
169492,"Beef, chuck, arm pot roast, separable lean and fat, trimmed to 1/8"" fat, select, cooked, braised",http://purl.obolibrary.org/obo/FOODON_02000111,beef chuck arm roast,accepted,,
169493,"Beef, chuck, blade roast, separable lean and fat, trimmed to 1/8"" fat, all grades, raw",http://purl.obolibrary.org/obo/FOODON_02000102,beef blade chuck roast (raw),accepted,,
169494,"Beef, chuck, blade roast, separable lean and fat, trimmed to 1/8"" fat, all grades, cooked, braised",http://purl.obolibrary.org/obo/FOODON_02000101,beef blade chuck roast,accepted,,
169495,"Beef, chuck, blade roast, separable lean and fat, trimmed to 1/8"" fat, choice, raw",http://purl.obolibrary.org/obo/FOODON_02000102,beef blade chuck roast (raw),accepted,,
169496,"Beef, chuck eye roast, boneless, America's Beef Roast, separable lean only, trimmed to 0"" fat, choice, cooked, roasted",http://purl.obolibrary.org/obo/FOODON_02000056,beef chuck eye roast,accepted,,
169497,"Beef, chuck eye roast, boneless, America's Beef Roast, separable lean only, trimmed to 0"" fat, select, cooked, roasted",http://purl.obolibrary.org/obo/FOODON_02000056,beef chuck eye roast,accepted,,
169498,"Beef, rib, whole (ribs 6-12), separable lean and fat, trimmed to 1/8"" fat, all grades, raw",http://purl.obolibrary.org/obo/FOODON_02000228,beef prime rib roast (raw),accepted,,
169499,"Beef, rib, whole (ribs 6-12), separable lean and fat, trimmed to 1/8"" fat, all grades, cooked, broiled",http://purl.obolibrary.org/obo/FOODON_00002954,beef prime rib roast,accepted,,
169500,"Beef, rib, whole (ribs 6-12), separable lean and fat, trimmed to 1/8"" fat, all grades, cooked, roasted",http://purl.obolibrary.org/obo/FOODON_00002954,beef prime rib roast,accepted,,
169501,"Beef, rib, whole (ribs 6-12), separable lean and fat, trimmed to 1/8"" fat, select, cooked, broiled",http://purl.obolibrary.org/obo/FOODON_00002954,beef prime rib roast,accepted,,
169502,"Beef, rib, whole (ribs 6-12), separable lean and fat, trimmed to 1/8"" fat, select, cooked, roasted",http://purl.obolibrary.org/obo/FOODON_00002954,beef prime rib roast,accepted,,
169503,"Beef, rib, whole (ribs 6-12), separable lean and fat, trimmed to 1/8"" fat, prime, raw",http://purl.obolibrary.org/obo/FOODON_02000228,beef prime rib roast (raw),accepted,,
169504,"Beef, rib, whole (ribs 6-12), separable lean and fat, trimmed to 1/8"" fat, prime, cooked, broiled",http://purl.obolibrary.org/obo/FOODON_00002954,beef prime rib roast,accepted,,
169505,"Beef, rib, large end (ribs 6-9), separable lean and fat, trimmed to 1/8"" fat, choice, raw",http://purl.obolibrary.org/obo/FOODON_02000232,beef large end rib roast (raw),accepted,,
169506,"Beef, rib, large end (ribs 6-9), separable lean and fat, trimmed to 1/8"" fat, choice, cooked, broiled",http://purl.obolibrary.org/obo/FOODON_02000231,beef large end rib roast,accepted,,
169507,"Beef, rib, large end (ribs 6-9), separable lean and fat, trimmed to 1/8"" fat, choice, cooked, roasted",http://purl.obolibrary.org/obo/FOODON_02000231,beef large end rib roast,accepted,,
169508,"Beef, rib, large end (ribs 6-9), separable lean and fat, trimmed to 1/8"" fat, select, raw",http://purl.obolibrary.org/obo/FOODON_02000232,beef large end rib roast (raw),accepted,,
169509,"Beef, rib, small end (ribs 10-12), separable lean and fat, trimmed to 1/8"" fat, all grades, raw",http://purl.obolibrary.org/obo/FOODON_02000230,beef small end rib roast (raw),accepted,,
169510,"Beef, rib, small end (ribs 10-12), separable lean and fat, trimmed to 1/8"" fat, all grades, cooked, broiled",http://purl.obolibrary.org/obo/FOODON_02000229,beef small end rib roast,accepted,,
169511,"Beef, rib, small end (ribs 10-12), separable lean and fat, trimmed to 1/8"" fat, all grades, cooked, roasted",http://purl.obolibrary.org/obo/FOODON_02000229,beef small end rib roast,accepted,,
169512,"Beef, rib, small end (ribs 10-12), separable lean and fat, trimmed to 1/8"" fat, choice, raw",http://purl.obolibrary.org/obo/FOODON_02000230,beef small end rib roast (raw),accepted,,
169513,"Beef, rib, small end (ribs 10-12), separable lean and fat, trimmed to 1/8"" fat, select, cooked, roasted",http://purl.obolibrary.org/obo/FOODON_02000229,beef small end rib roast,accepted,,
169514,"Beef, rib, small end (ribs 10-12), separable lean and fat, trimmed to 1/8"" fat, prime, raw",http://purl.obolibrary.org/obo/FOODON_02000230,beef small end rib roast (raw),accepted,,
169515,"Beef, rib, small end (ribs 10-12), separable lean and fat, trimmed to 1/8"" fat, prime, cooked, broiled",http://purl.obolibrary.org/obo/FOODON_02000229,beef small end rib roast,accepted,,
169516,"Beef, rib, small end (ribs 10-12), separable lean and fat, trimmed to 1/8"" fat, prime, cooked, roasted",http://purl.obolibrary.org/obo/FOODON_02000229,beef small end rib roast,accepted,,
169517,"Beef, round, full cut, separable lean and fat, trimmed to 1/8"" fat, select, raw",http://purl.obolibrary.org/obo/FOODON_02000001,beef round (raw),accepted,,
169518,"Beef, round, full cut, separable lean and fat, trimmed to 1/8"" fat, select, cooked, broiled",http://purl.obolibrary.org/obo/FOODON_02000000,beef round,accepted,,
169519,"Beef, round, bottom round, steak, separable lean and fat, trimmed to 1/8"" fat, all grades, raw",http://purl.obolibrary.org/obo/FOODON_02000005,beef bottom round steak (raw),accepted,,
169520,"Beef, round, bottom round, steak, separable lean and fat, trimmed to 1/8"" fat, all grades, cooked, braised",http://purl.obolibrary.org/obo/FOODON_02000004,beef bottom round steak,accepted,,
169521,"Beef, round, bottom round, steak, separable lean and fat, trimmed to 1/8"" fat, select, cooked, braised",http://purl.obolibrary.org/obo/FOODON_02000004,beef bottom round steak,accepted,,
169522,"Beef, round, bottom round, roast, separable lean and fat, trimmed to 1/8"" fat, select, cooked, roasted",http://purl.obolibrary.org/obo/FOODON_02000008,beef bottom round roast,accepted,,
169523,"Beef, round, eye of round, roast, separable lean and fat, trimmed to 1/8"" fat, all grades, raw",http://purl.obolibrary.org/obo/FOODON_02000042,beef eye of round roast (raw),accepted,,
169524,"Beef, round, eye of round, roast, separable lean and fat, trimmed to 1/8"" fat, all grades, cooked, roasted",http://purl.obolibrary.org/obo/FOODON_02000008,beef bottom round roast,accepted,,
169525,"Beef, round, tip round, separable lean and fat, trimmed to 1/8"" fat, all grades, raw",http://purl.obolibrary.org/obo/FOODON_02000026,beef sirloin tip (raw),accepted,,
169526,"Beef, round, tip round, roast, separable lean and fat, trimmed to 1/8"" fat, all grades, cooked, roasted",http://purl.obolibrary.org/obo/FOODON_02000027,beef sirloin tip roast,accepted,,
169527,"Beef, round, tip round, separable lean and fat, trimmed to 1/8"" fat, choice, raw",http://purl.obolibrary.org/obo/FOODON_02000026,beef sirloin tip (raw),accepted,,
169528,"Beef, round, tip round, roast, separable lean and fat, trimmed to 1/8"" fat, choice, cooked, roasted",http://purl.obolibrary.org/obo/FOODON_02000027,beef sirloin tip roast,accepted,,
169529,"Beef, round, top round, steak, separable lean and fat, trimmed to 1/8"" fat, all grades, raw",http://purl.obolibrary.org/obo/FOODON_02000015,beef top round steak (raw),accepted,,
169530,"Beef, round, top round, separable lean and fat, trimmed to 1/8"" fat, all grades, cooked, braised",http://purl.obolibrary.org/obo/FOODON_02000012,beef top round,accepted,,
169531,"Beef, round, top round steak, separable lean and fat, trimmed to 1/8"" fat, all grades, cooked, broiled",http://purl.obolibrary.org/obo/FOODON_02000014,beef top round steak,accepted,,
169532,"Beef, round, top round, steak, separable lean and fat, trimmed to 1/8"" fat, choice, raw",http://purl.obolibrary.org/obo/FOODON_02000015,beef top round steak (raw),accepted,,
169533,"Beef, round, top round, steak, separable lean and fat, trimmed to 1/8"" fat, select, cooked, broiled",http://purl.obolibrary.org/obo/FOODON_02000014,beef top round steak,accepted,,
169534,"Beef, round, top round, separable lean and fat, trimmed to 1/8"" fat, prime, raw",http://purl.obolibrary.org/obo/FOODON_02000013,beef top round (raw),accepted,,
169535,"Beef, round, top round, steak, separable lean and fat, trimmed to 1/8"" fat, prime, cooked, broiled",http://purl.obolibrary.org/obo/FOODON_02000014,beef top round steak,accepted,,
169536,"Beef, shoulder top blade steak, boneless, separable lean and fat, trimmed to 0"" fat, select, raw",http://purl.obolibrary.org/obo/FOODON_02000086,beef top blade steak (raw),accepted,,
169537,"Beef, short loin, t-bone steak, separable lean and fat, trimmed to 1/8"" fat, choice, cooked, grilled",http://purl.obolibrary.org/obo/FOODON_00003304,beef T-bone steak,accepted,,
169538,"Beef, short loin, top loin, steak, separable lean and fat, trimmed to 1/8"" fat, all grades, raw",http://purl.obolibrary.org/obo/FOODON_02000128,"beef strip steak (boneless, raw)",accepted,,
169539,"Beef, loin, top loin, separable lean and fat, trimmed to 1/8"" fat, all grades, cooked, grilled",http://purl.obolibrary.org/obo/FOODON_02000121,beef strip loin (bone-in),accepted,,
169540,"Beef, loin, top loin, separable lean and fat, trimmed to 1/8"" fat, choice, raw",http://purl.obolibrary.org/obo/FOODON_02000130,"beef strip steak (bone-in, raw)",accepted,,
169541,"Beef, short loin, top loin, separable lean and fat, trimmed to 1/8"" fat, prime, cooked, broiled",http://purl.obolibrary.org/obo/FOODON_02000121,beef strip loin (bone-in),accepted,,
169542,"Beef, tenderloin, steak, separable lean and fat, trimmed to 1/8"" fat, all grades, raw",http://purl.obolibrary.org/obo/FOODON_02000144,beef tenderloin steak (raw),accepted,,
169543,"Beef, tenderloin, steak, separable lean and fat, trimmed to 1/8"" fat, all grades, cooked, broiled",http://purl.obolibrary.org/obo/FOODON_02000137,beef tenderloin steak (bone-in),accepted,,
169544,"Beef, tenderloin, roast, separable lean and fat, trimmed to 1/8"" fat, all grades, cooked, roasted",http://purl.obolibrary.org/obo/FOODON_02000141,beef tenderloin roast,accepted,,
169545,"Beef, tenderloin, steak, separable lean and fat, trimmed to 1/8"" fat, choice, raw",http://purl.obolibrary.org/obo/FOODON_02000144,beef tenderloin steak (raw),accepted,,
169546,"Beef, tenderloin, roast, separable lean and fat, trimmed to 1/8"" fat, select, cooked, roasted",http://purl.obolibrary.org/obo/FOODON_02000141,beef tenderloin roast,accepted,,
169547,"Beef, tenderloin, separable lean and fat, trimmed to 1/8"" fat, prime, raw",http://purl.obolibrary.org/obo/FOODON_02000402,beef tenderloin (raw),accepted,,
169548,"Beef, tenderloin, steak, separable lean and fat, trimmed to 1/8"" fat, prime, cooked, broiled",http://purl.obolibrary.org/obo/FOODON_02000137,beef tenderloin steak (bone-in),accepted,,
169549,"Beef, tenderloin, roast, separable lean and fat, trimmed to 1/8"" fat, prime, cooked, roasted",http://purl.obolibrary.org/obo/FOODON_02000141,beef tenderloin roast,accepted,,
169550,"Beef, top sirloin, steak, separable lean and fat, trimmed to 1/8"" fat, choice, cooked, pan-fried",http://purl.obolibrary.org/obo/FOODON_02000149,beef top sirloin steak,accepted,,
169551,"Beef, top sirloin, steak, separable lean and fat, trimmed to 1/8"" fat, select, raw",http://purl.obolibrary.org/obo/FOODON_02000150,beef top sirloin steak (raw),accepted,,
169552,"Beef, top sirloin, steak, separable lean and fat, trimmed to 1/8"" fat, select, cooked, broiled",http://purl.obolibrary.org/obo/FOODON_02000149,beef top sirloin steak,accepted,,
169553,"Beef, chuck, clod roast, separable lean only, trimmed to 0"" fat, choice, cooked, roasted",http://purl.obolibrary.org/obo/FOODON_02000075,beef shoulder roast,accepted,,
169554,"Beef, flank, steak, separable lean and fat, trimmed to 0"" fat, select, cooked, broiled",http://purl.obolibrary.org/obo/FOODON_02000177,beef flank steak,accepted,,
169555,"Beef, brisket, flat half, separable lean and fat, trimmed to 0"" fat, select, cooked, braised",http://purl.obolibrary.org/obo/FOODON_02000191,beef brisket flat half,accepted,,
169556,"Beef, rib eye, small end (ribs 10-12), separable lean and fat, trimmed to 0"" fat, select, cooked, broiled",http://purl.obolibrary.org/obo/FOODON_02000229,beef small end rib roast,accepted,,
169557,"Beef, rib eye, small end (ribs 10-12), separable lean and fat, trimmed to 0"" fat, all grades, cooked, broiled",http://purl.obolibrary.org/obo/FOODON_02000229,beef small end rib roast,accepted,,
169558,"Beef, bottom sirloin, tri-tip roast, separable lean and fat, trimmed to 0"" fat, all grades, cooked, roasted",http://purl.obolibrary.org/obo/FOODON_02000163,beef tri-tip roast,accepted,,
169559,"Beef, bottom sirloin, tri-tip roast, separable lean and fat, trimmed to 0"" fat, select, raw",http://purl.obolibrary.org/obo/FOODON_02000164,beef tri-tip roast (raw),accepted,,
169560,"Beef, round, top round steak, boneless, separable lean and fat, trimmed to 0"" fat, all grades, cooked, grilled",http://purl.obolibrary.org/obo/FOODON_02000016,beef top round steak (boneless),accepted,,
169561,"Beef, chuck, mock tender steak, separable lean only, trimmed to 0"" fat, choice, cooked, broiled",http://purl.obolibrary.org/obo/FOODON_02000048,beef chuck tender steak,accepted,,
169562,"Beef, chuck, mock tender steak, separable lean only, trimmed to 0"" fat, select, cooked, broiled",http://purl.obolibrary.org/obo/FOODON_02000048,beef chuck tender steak,accepted,,
169563,"Beef, flank, steak, separable lean and fat, trimmed to 0"" fat, all grades, raw",http://purl.obolibrary.org/obo/FOODON_02000178,beef flank steak (raw),accepted,,
169564,"Beef, flank, steak, separable lean and fat, trimmed to 0"" fat, select, raw",http://purl.obolibrary.org/obo/FOODON_02000178,beef flank steak (raw),accepted,,
169565,"Beef, chuck eye roast, boneless, America's Beef Roast, separable lean only, trimmed to 0"" fat, all grades, raw",http://purl.obolibrary.org/obo/FOODON_02000057,beef chuck eye roast (raw),accepted,,
169566,"Beef, chuck eye roast, boneless, America's Beef Roast, separable lean only, trimmed to 0"" fat, choice, raw",http://purl.obolibrary.org/obo/FOODON_02000057,beef chuck eye roast (raw),accepted,,
169567,"Beef, chuck, short ribs, boneless, separable lean only, trimmed to 0"" fat, choice, cooked, braised",http://purl.obolibrary.org/obo/FOODON_02000089,beef chuck short rib,accepted,,
169568,"Beef, chuck, short ribs, boneless, separable lean only, trimmed to 0"" fat, select, cooked, braised",http://purl.obolibrary.org/obo/FOODON_02000089,beef chuck short rib,accepted,,
169569,"Beef, chuck, short ribs, boneless, separable lean only, trimmed to 0"" fat, all grades, cooked, braised",http://purl.obolibrary.org/obo/FOODON_02000089,beef chuck short rib,accepted,,
169570,"Beef, brisket, flat half, boneless, separable lean and fat, trimmed to 0"" fat, select, raw",http://purl.obolibrary.org/obo/FOODON_02000194,"beef brisket flat half (boneless, raw)",accepted,,
169571,"Beef, loin, bottom sirloin butt, tri-tip roast, separable lean only, trimmed to 0"" fat, all grades, cooked, roasted",http://purl.obolibrary.org/obo/FOODON_02000163,beef tri-tip roast,accepted,,
169572,"Alcoholic beverage, beer, light, BUD LIGHT",,,none,,
169573,"Alcoholic beverage, daiquiri, canned",,,none,,
169574,"Alcoholic beverage, daiquiri, prepared-from-recipe",,,none,,
169575,"Alcoholic beverage, beer, light, low carb",,,none,,
169576,"Candies, milk chocolate coated raisins",,,none,,
169577,"Syrups, table blends, pancake, reduced-calorie",,,none,,
169578,"Syrups, table blends, pancake",,,none,,
169579,"Candies, HERSHEY'S POT OF GOLD Almond Bar",,,none,,
169580,"Candies, truffles, prepared-from-recipe",,,none,,
169581,"Baking chocolate, MARS SNACKFOOD US, M&M's Semisweet Chocolate Mini Baking Bits",,,none,,
169582,"Candies, MARS SNACKFOOD US, M&M's Peanut Chocolate Candies",,,none,,
169583,"Candies, MARS SNACKFOOD US, M&M's Milk Chocolate Candies",,,none,,
169584,"Baking chocolate, MARS SNACKFOOD US, M&M's Milk Chocolate Mini Baking Bits",,,none,,
169585,"Candies, peanut bar",,,none,,
169586,"Candies, peanut brittle, prepared-from-recipe",,,none,,
169587,"Candies, NESTLE, RAISINETS Chocolate Covered Raisins",,,none,,
169588,"Candies, sesame crunch",,,none,,
169589,"Candies, MARS SNACKFOOD US, SNICKERS Bar",,,none,,
169590,"Candies, MARS SNACKFOOD US, STARBURST Fruit Chews, Original fruits",,,none,,
169591,"Candies, MARS SNACKFOOD US, M&M's MINIs Milk Chocolate Candies",,,none,,
169592,"Candies, SPECIAL DARK Chocolate Bar",,,none,,
169593,"Cocoa, dry powder, unsweetened",http://purl.obolibrary.org/obo/FOODON_03301072,cocoa,accepted,,
169594,"Cocoa, dry powder, unsweetened, processed with alkali",http://purl.obolibrary.org/obo/FOODON_03301072,cocoa,accepted,,
169595,"Desserts, egg custard, baked, prepared-from-recipe",,,none,,
169596,"Gelatin desserts, dry mix, prepared with water",,,none,,
169597,"Gelatin desserts, dry mix, reduced calorie, with aspartame",,,none,,
169598,"Gelatin desserts, dry mix, reduced calorie, with aspartame, prepared with water",,,none,,
169599,"Gelatins, dry powder, unsweetened",,,none,,
169600,"Puddings, chocolate, dry mix, instant, prepared with whole milk",,,none,,
169601,"Desserts, apple crisp, prepared-from-recipe",,,none,,
169602,"Flan, caramel custard, dry mix",,,none,,
169603,"Puddings, chocolate, dry mix, regular",,,none,,
169604,"Puddings, chocolate, dry mix, regular, prepared with whole milk",,,none,,
169605,"Puddings, rice, dry mix, prepared with whole milk",,,none,,
169606,"Puddings, tapioca, dry mix",,,none,,
169607,"Puddings, tapioca, dry mix, prepared with whole milk",,,none,,
169608,"Puddings, vanilla, ready-to-eat",,,none,,
169609,"Puddings, vanilla, dry mix, regular",,,none,,
169610,"Puddings, vanilla, dry mix, regular, prepared with whole milk",,,none,,
169611,"Puddings, rice, dry mix, prepared with 2% milk",,,none,,
169612,"Puddings, tapioca, dry mix, prepared with 2% milk",,,none,,
169613,"Frozen novelties, ice type, fruit, no sugar added",,,none,,
169614,"Puddings, tapioca, ready-to-eat",,,none,,
169615,"Puddings, coconut cream, dry mix, regular, prepared with 2% milk",,,none,,
169616,"Desserts, rennin, chocolate, dry mix",,,none,,
169617,"Rennin, chocolate, dry mix, prepared with whole milk",,,none,,
169618,"Frostings, coconut-nut, ready-to-eat",,,none,,
169619,"Frostings, cream cheese-flavor, ready-to-eat",,,none,,
169620,"Frostings, vanilla, creamy, ready-to-eat",,,none,,
169621,"Flan, caramel custard, dry mix, prepared with 2% milk",,,none,,
169622,"Candies, HERSHEY'S MILK CHOCOLATE WITH ALMOND BITES",,,none,,
169623,"Candies, REESE'S BITES",,,none,,
169624,"Candies, REESE'S NUTRAGEOUS Candy Bar",,,none,,
169625,"Frostings, chocolate, creamy, dry mix",,,none,,
169626,"Frostings, white, fluffy, dry mix, prepared with water",,,none,,
169627,"Candies, HERSHEY'S, ALMOND JOY BITES",,,none,,
169628,"Candies, HERSHEY, REESESTICKS crispy wafers, peanut butter, milk chocolate",,,none,,
169629,"Candies, HERSHEY, KIT KAT BIG KAT Bar",,,none,,
169630,"Candies, REESE'S, FAST BREAK, milk chocolate peanut butter and soft nougats",,,none,,
169631,"Ice creams, vanilla, light, no sugar added",,,none,,
169632,"Frozen novelties, fruit and juice bars",,,none,,
169633,"Ice creams, chocolate, light, no sugar added",,,none,,
169634,"Candies, dark chocolate coated coffee beans",,,none,,
169635,"Snacks, SUNKIST, SUNKIST Fruit Roll, strawberry, with vitamins A, C, and E",,,none,,
169636,"Snacks, fruit leather, pieces, with vitamin C",,,none,,
169637,"Candies, milk chocolate coated coffee beans",,,none,,
169638,"Frozen novelties, ice type, lime",,,none,,
169639,"Candies, MARS SNACKFOOD US, SNICKERS MUNCH bar",,,none,,
169640,Honey,http://purl.obolibrary.org/obo/UBERON_0036016,honey,flagged,USDA term is outside the edible branches,review loop 2026-09-28
169641,Jams and preserves,,,none,,
169642,Jellies,,,none,,
169643,"Candies, MARS SNACKFOOD US, POP'ABLES SNICKERS Brand Bite Size Candies",,,none,,
169644,"Candies, MARS SNACKFOOD US, POP'ABLES MILKY WAY Brand Bite Size Candies",,,none,,
169645,"Candies, MARS SNACKFOOD US, POP'ABLES 3 MUSKETEERS Brand Bite Size Candies",,,none,,
169646,"Candies, MARS SNACKFOOD US, STARBURST Fruit Chews, Fruit and Creme",,,none,,
169647,"Candies, MARS SNACKFOOD US, STARBURST Sour Fruit Chews",,,none,,
169648,"Puddings, banana, dry mix, instant",,,none,,
169649,"Puddings, banana, dry mix, instant, prepared with whole milk",,,none,,
169650,"Puddings, banana, dry mix, regular",,,none,,
169651,"Candies, MARS SNACKFOOD US, COCOAVIA Chocolate Bar",,,none,,
169652,"Candies, MARS SNACKFOOD US, COCOAVIA Blueberry and Almond Chocolate Bar",,,none,,
169653,"Candies, MARS SNACKFOOD US, COCOAVIA Crispy Chocolate Bar",,,none,,
169654,"Puddings, lemon, dry mix, instant",,,none,,
169655,"Sugars, granulated",http://purl.obolibrary.org/obo/FOODON_03301073,sugar (granulated),accepted,,
169656,"Sugars, powdered",http://purl.obolibrary.org/obo/FOODON_00005514,sugar (powdered),accepted,,
169657,"Sweeteners, tabletop, aspartame, EQUAL, packets",http://purl.obolibrary.org/obo/FOODON_00003948,aspartame-based sweetener,flagged,USDA term is outside the edible branches,review loop 2026-09-28
169658,"Sugars, maple",,,flagged,Found by hand: maple sugar is not maple syrup.,review loop 2026-09-28
169659,"Syrups, corn, high-fructose",http://purl.obolibrary.org/obo/FOODON_03315149,corn syrup (high fructose),accepted,,
169660,"Syrups, malt",http://purl.obolibrary.org/obo/FOODON_00005587,malt syrup,accepted,,
169661,"Syrups, maple",http://purl.obolibrary.org/obo/FOODON_03301848,maple syrup,accepted,,
169662,"Syrups, sorghum",http://purl.obolibrary.org/obo/FOODON_03301849,sorghum syrup,accepted,,
169663,"Candies, MARS SNACKFOOD US, SNICKERS CRUNCHER",,,none,,
169664,"Toppings, marshmallow cream",,,none,,
169665,"Toppings, pineapple",,,none,,
169666,"Toppings, nuts in syrup",,,none,,
169667,"Candies, MARS SNACKFOOD US, SKITTLES Tropical Bite Size Candies",,,none,,
169668,"Frostings, glaze, prepared-from-recipe",,,none,,
169669,"Candies, fudge, chocolate marshmallow, prepared-from-recipe",,,none,,
169670,"Candies, taffy, prepared-from-recipe",,,none,,
169671,"Candies, toffee, prepared-from-recipe",,,none,,
169672,"Snacks, cornnuts, barbecue-flavor",,,none,,
169673,"Snacks, crisped rice bar, almond",,,none,,
169674,"Snacks, granola bars, soft, uncoated, chocolate chip",,,none,,
169675,"Snacks, granola bars, soft, uncoated, chocolate chip, graham and marshmallow",,,none,,
169676,"Snacks, granola bars, soft, uncoated, nut and raisin",,,none,,
169677,"Snacks, potato chips, plain, salted",,,none,,
169678,"Snacks, potato chips, made from dried potatoes, cheese-flavor",,,none,,
169679,"Snacks, rice cakes, brown rice, corn",,,none,,
169680,"Snacks, rice cakes, brown rice, multigrain",,,none,,
169681,"Snacks, granola bars, hard, peanut butter",,,none,,
169682,"Snacks, potato chips, cheese-flavor",,,none,,
169683,"Snacks, potato chips, reduced fat",,,none,,
169684,"Snacks, potato chips, fat-free, made with olestra",,,none,,
169685,"Popcorn, sugar syrup/caramel, fat-free",,,none,,
169686,"Snacks, potato chips, fat free, salted",,,none,,
169687,"Snacks, KELLOGG, KELLOGG'S RICE KRISPIES TREATS Squares",,,none,,
169688,"Snacks, KELLOGG, KELLOGG'S Low Fat Granola Bar, Crunchy Almond/Brown Sugar",,,none,,
169689,"Snacks, M&M MARS, KUDOS Whole Grain Bar, chocolate chip",,,none,,
169690,"Candies, semisweet chocolate, made with butter",,,none,,
169691,"Gelatin desserts, dry mix, with added ascorbic acid, sodium-citrate and salt",,,none,,
169692,"Gelatin desserts, dry mix, reduced calorie, with aspartame, added phosphorus, potassium, sodium, vitamin C",,,none,,
169693,"Gelatin desserts, dry mix, reduced calorie, with aspartame, no added sodium",,,none,,
169694,"Corn flour, masa, enriched, white",http://purl.obolibrary.org/obo/FOODON_00002529,masa,flagged,The FoodOn name lacks the USDA food's main word (flour).,review loop 2026-09-28
169695,"Corn flour, yellow, degermed, unenriched",http://purl.obolibrary.org/obo/FOODON_03306290,yellow corn flour,accepted,,
169696,"Corn flour, masa, unenriched, white",http://purl.obolibrary.org/obo/FOODON_00002529,masa,flagged,The FoodOn name lacks the USDA food's main word (flour).,review loop 2026-09-28
169697,"Cornmeal, whole-grain, yellow",http://purl.obolibrary.org/obo/FOODON_00005557,whole grain yellow cornmeal,accepted,,
169698,Cornstarch,http://purl.obolibrary.org/obo/FOODON_00005791,corn starch,flagged,USDA term shares no content word with the USDA name,review loop 2026-09-28
169699,"Couscous, dry",http://purl.obolibrary.org/obo/FOODON_03303207,couscous (dried),accepted,,
169700,"Couscous, cooked",http://purl.obolibrary.org/obo/FOODON_00005532,couscous,flagged,USDA term shares no content word with the USDA name,review loop 2026-09-28
169701,"Hominy, canned, white",http://purl.obolibrary.org/obo/FOODON_03302562,"hominy (white, canned)",accepted,,
169702,"Millet, raw",http://purl.obolibrary.org/obo/FOODON_03309702,millet seed (dried),flagged,The FoodOn name says the opposite of the USDA name (dried).,review loop 2026-09-28
169703,"Rice, brown, long-grain, raw (Includes foods for USDA's Food Distribution Program)",http://purl.obolibrary.org/obo/FOODON_03000268,long grain brown rice kernel (uncooked),flagged,The FoodOn name names a part the USDA name does not (kernel).,review loop 2026-09-28
169704,"Rice, brown, long-grain, cooked (Includes foods for USDA's Food Distribution Program)",http://purl.obolibrary.org/obo/FOODON_00004373,long-grain brown rice kernel (cooked),flagged,The FoodOn name names a part the USDA name does not (kernel).,review loop 2026-09-28
169705,Oats (Includes foods for USDA's Food Distribution Program),http://purl.obolibrary.org/obo/FOODON_00004219,oat kernel (dried),flagged,The FoodOn name names a part the USDA name does not (kernel).,review loop 2026-09-28
169706,"Rice, brown, medium-grain, raw (Includes foods for USDA's Food Distribution Program)",http://purl.obolibrary.org/obo/FOODON_03000266,medium-grain brown rice kernel (uncooked),flagged,The FoodOn name names a part the USDA name does not (kernel).,review loop 2026-09-28
169707,"Rice, white, long-grain, parboiled, enriched, dry",http://purl.obolibrary.org/obo/FOODON_00005209,long-grain white rice,accepted,,
169708,"Rice, white, long-grain, parboiled, enriched, cooked",http://purl.obolibrary.org/obo/FOODON_00004372,long-grain white rice (cooked),accepted,,
169709,"Rice, white, long-grain, precooked or instant, enriched, dry",http://purl.obolibrary.org/obo/FOODON_00005209,long-grain white rice,accepted,,
169710,"Rice, white, long-grain, precooked or instant, enriched, prepared",http://purl.obolibrary.org/obo/FOODON_00005209,long-grain white rice,accepted,,
169711,"Rice, white, glutinous, unenriched, cooked",http://purl.obolibrary.org/obo/FOODON_00004353,white glutinous rice,accepted,,
169712,"Rice, white, steamed, Chinese restaurant",http://purl.obolibrary.org/obo/FOODON_00003787,white rice,accepted,,
169713,"Rice bran, crude",http://purl.obolibrary.org/obo/FOODON_03000259,rice bran (raw),accepted,,
169714,"Rice flour, white, unenriched",http://purl.obolibrary.org/obo/FOODON_03307541,white rice flour,accepted,,
169715,"Semolina, enriched",http://purl.obolibrary.org/obo/FOODON_03303411,coarse semolina (durum wheat),flagged,The FoodOn name names a part the USDA name does not (flour).,review loop 2026-09-28
169716,Sorghum grain,http://purl.obolibrary.org/obo/FOODON_03309906,sorghum kernel (dried),flagged,The FoodOn name names a part the USDA name does not (kernel).,review loop 2026-09-28
169717,"Tapioca, pearl, dry",http://purl.obolibrary.org/obo/FOODON_00003146,tapioca pearls,accepted,,
169718,Triticale,http://purl.obolibrary.org/obo/FOODON_03301753,triticale kernel (dried),flagged,The FoodOn name names a part the USDA name does not (kernel).,review loop 2026-09-28
169719,"Wheat, hard white",http://purl.obolibrary.org/obo/FOODON_03000262,hard white wheat kernel,flagged,The FoodOn name names a part the USDA name does not (kernel).,review loop 2026-09-28
169720,"Wheat, soft white",http://purl.obolibrary.org/obo/FOODON_00003424,soft white wheat kernel,flagged,The FoodOn name names a part the USDA name does not (kernel).,review loop 2026-09-28
169721,"Wheat, durum",http://purl.obolibrary.org/obo/FOODON_03310298,durum wheat kernel (dried),flagged,The FoodOn name names a part the USDA name does not (kernel).,review loop 2026-09-28
169722,"Wheat bran, crude",http://purl.obolibrary.org/obo/FOODON_03000257,wheat bran (raw),accepted,,
169723,"Wheat flour, white, cake, enriched",http://purl.obolibrary.org/obo/FOODON_03311511,cake flour,accepted,,
169724,"Wheat flour, white, tortilla mix, enriched",,,added,FoodOn names it through a safe un-inverted form,review loop 2026-09-28
169725,"Wheat, sprouted",http://purl.obolibrary.org/obo/FOODON_03311137,wheat sprout (raw),flagged,The FoodOn name names a part the USDA name does not (sprout).,review loop 2026-09-28
169726,"Wild rice, raw",http://purl.obolibrary.org/obo/FOODON_03000253,wild rice kernel (raw),flagged,The FoodOn name names a part the USDA name does not (kernel).,review loop 2026-09-28
169727,"Pasta, fresh-refrigerated, plain, as purchased",http://purl.obolibrary.org/obo/FOODON_03306347,pasta,accepted,,
169728,"Pasta, fresh-refrigerated, plain, cooked",http://purl.obolibrary.org/obo/FOODON_03306347,pasta,accepted,,
169729,"Pasta, fresh-refrigerated, spinach, as purchased",,,none,,
169730,"Pasta, fresh-refrigerated, spinach, cooked",,,none,,
169731,"Noodles, egg, dry, enriched",,,none,,
169732,"Noodles, egg, enriched, cooked",,,none,,
169733,"Noodles, egg, spinach, enriched, dry",,,none,,
169734,"Noodles, egg, spinach, enriched, cooked",,,none,,
169735,"Noodles, flat, crunchy, Chinese restaurant",,,none,,
169736,"Pasta, dry, enriched",http://purl.obolibrary.org/obo/FOODON_03306347,pasta,accepted,,
169737,"Pasta, cooked, enriched, without added salt",http://purl.obolibrary.org/obo/FOODON_03306347,pasta,accepted,,
169738,"Pasta, whole-wheat, dry (Includes foods for USDA's Food Distribution Program)",http://purl.obolibrary.org/obo/FOODON_00005528,whole wheat pasta,accepted,,
169739,Barley flour or meal,http://purl.obolibrary.org/obo/FOODON_03309657,barley flour,flagged,The FoodOn name lacks the USDA food's main word (meal).,review loop 2026-09-28
169740,Barley malt flour,http://purl.obolibrary.org/obo/FOODON_03301968,barley malt flour,accepted,,
169741,"Oat flour, partially debranned",http://purl.obolibrary.org/obo/FOODON_03301312,oat flour,accepted,,
169742,"Rice noodles, dry",http://purl.obolibrary.org/obo/FOODON_00005555,rice noodle,accepted,,
169743,"Wheat, KAMUT khorasan, uncooked",http://purl.obolibrary.org/obo/FOODON_03000261,khorasan wheat kernel (raw),flagged,The FoodOn name names a part the USDA name does not (kernel).,review loop 2026-09-28
169744,"Wheat, KAMUT khorasan, cooked",http://purl.obolibrary.org/obo/FOODON_00004366,khorasan wheat kernel (cooked),flagged,The FoodOn name names a part the USDA name does not (kernel).,review loop 2026-09-28
169745,"Spelt, uncooked",http://purl.obolibrary.org/obo/FOODON_03000254,spelt kernel (raw),flagged,The FoodOn name names a part the USDA name does not (kernel).,review loop 2026-09-28
169746,"Spelt, cooked",http://purl.obolibrary.org/obo/FOODON_00004347,spelt kernel (cooked),flagged,The FoodOn name names a part the USDA name does not (kernel).,review loop 2026-09-28
169747,"Teff, uncooked",http://purl.obolibrary.org/obo/FOODON_03000256,teff kernel (raw),flagged,USDA term is outside the edible branches,review loop 2026-09-28
169748,"Corn flour, whole-grain, white",http://purl.obolibrary.org/obo/FOODON_00005529,whole grain white corn flour,accepted,,
169749,"Corn flour, yellow, masa, enriched",http://purl.obolibrary.org/obo/FOODON_00002529,masa,flagged,The FoodOn name lacks the USDA food's main word (flour).,review loop 2026-09-28
169750,"Cornmeal, whole-grain, white",http://purl.obolibrary.org/obo/FOODON_00005530,whole grain white cornmeal,accepted,,
169751,"Pasta, cooked, enriched, with added salt",http://purl.obolibrary.org/obo/FOODON_03306347,pasta,accepted,,
169752,"Hominy, canned, yellow",http://purl.obolibrary.org/obo/FOODON_03302560,"hominy (golden, canned)",accepted,,
169753,"Rice, white, long-grain, regular, cooked, enriched, with salt",http://purl.obolibrary.org/obo/FOODON_00004372,long-grain white rice (cooked),accepted,,
169754,"Wheat flour, white, all-purpose, enriched, calcium-fortified",http://purl.obolibrary.org/obo/FOODON_03304534,white wheat flour (all purpose),accepted,,
169755,"Noodles, egg, dry, unenriched",,,none,,
169756,"Rice, white, long-grain, regular, raw, unenriched",http://purl.obolibrary.org/obo/FOODON_03000273,long-grain white rice (uncooked),accepted,,
169757,"Rice, white, long-grain, regular, unenriched, cooked without salt",http://purl.obolibrary.org/obo/FOODON_00004372,long-grain white rice (cooked),accepted,,
169758,"Rice, white, long-grain, parboiled, unenriched, dry",http://purl.obolibrary.org/obo/FOODON_03000273,long-grain white rice (uncooked),accepted,,
169759,"Rice, white, long-grain, parboiled, unenriched, cooked",http://purl.obolibrary.org/obo/FOODON_00004372,long-grain white rice (cooked),accepted,,
169760,"Rice, white, medium-grain, raw, unenriched",http://purl.obolibrary.org/obo/FOODON_03000265,medium-grain white rice (uncooked),accepted,,
169761,"Wheat flour, white, all-purpose, unenriched",http://purl.obolibrary.org/obo/FOODON_03304534,white wheat flour (all purpose),accepted,,
169762,"Noodles, egg, cooked, unenriched, with added salt",,,none,,
169763,"Potatoes, yellow fleshed, roasted, salt added in processing, frozen, unprepared",http://purl.obolibrary.org/obo/FOODON_00003558,yellow potato,accepted,,
169764,"Potatoes, yellow fleshed, french fried, frozen, unprepared",http://purl.obolibrary.org/obo/FOODON_00003558,yellow potato,accepted,,
169765,"Ginger root, pickled, canned, with artificial sweetener",,,none,,
169766,"Peppers, hot pickled, canned",http://purl.obolibrary.org/obo/FOODON_03301147,pepper (pickled),accepted,,
169767,"Vegetable juice, BOLTHOUSE FARMS, DAILY GREENS",,,none,,
169768,"Potatoes, mashed, ready-to-eat",http://purl.obolibrary.org/obo/FOODON_03302333,"potato (peeled, boiled, mashed)",accepted,,
169769,"Macaroni and cheese, box mix with cheese sauce, unprepared",,,none,,
169770,"Macaroni and cheese, box mix with cheese sauce, prepared",,,none,,
169771,"Taquitos, frozen, chicken and cheese, oven-heated",,,none,,
169772,"Taquitos, frozen, beef and cheese, oven-heated",,,none,,
169773,"Potsticker or wonton, pork and vegetable, frozen, unprepared",,,none,,
169774,"Macaroni or noodles with cheese, made from reduced fat packaged mix, unprepared",,,none,,
169775,"Turnover, cheese-filled, tomato-based sauce, frozen, unprepared",,,none,,
169776,"Macaroni or noodles with cheese, microwaveable, unprepared",,,none,,
169777,"Spanish rice mix, dry mix, prepared (with canola/vegetable oil blend or diced tomatoes and margarine)",,,none,,
169778,"Rice mix, cheese flavor, dry mix, unprepared",,,none,,
169779,"Dumpling, potato- or cheese-filled, frozen",,,none,,
169780,"Turnover, chicken- or turkey-, and vegetable-filled, reduced fat, frozen",,,none,,
169781,"Sausage, egg and cheese breakfast biscuit",,,none,,
169782,"HUNGRY MAN, Salisbury Steak With Gravy, frozen, unprepared",,,none,,
169783,"BANQUET, Salisbury Steak With Gravy, family size, frozen, unprepared",,,none,,
169784,"JIMMY DEAN, Sausage, Egg, and Cheese Breakfast Biscuit, frozen, unprepared",,,none,,
169785,"Infant formula, GERBER, GOOD START, PROTECT PLUS, powder",,,none,,
169786,"Infant Formula, GERBER GOOD START 2, GENTLE PLUS, powder",,,none,,
169787,"Infant formula, GERBER, GOOD START 2, PROTECT PLUS, powder",,,none,,
169788,"Infant formula, MEAD JOHNSON, ENFAMIL, ENFAGROW, Soy, Toddler transitions, with ARA and DHA,  powder",,,none,,
169789,"Infant formula, MEAD JOHNSON, ENFAMIL, Premature, 24 calories ready-to-feed Low iron",,,none,,
169790,"Infant Formula, MEAD JOHNSON, ENFAMIL, Premium, Infant, ready-to-feed",,,none,,
169791,"Infant Formula, MEAD JOHNSON, ENFAMIL, Premium, Infant, powder",,,none,,
169792,"Babyfood, GERBER, Banana with orange medley",,,none,,
169793,"Bear, black, meat (Alaska Native)",http://purl.obolibrary.org/obo/FOODON_02022538,piece of black bear meat,accepted,,
169794,"Bear, polar, meat, raw (Alaska Native)",http://purl.obolibrary.org/obo/FOODON_02022549,piece of polar bear meat (raw),accepted,,
169795,"Whale, beluga, meat, dried (Alaska Native)",,,added,FoodOn names it through a safe un-inverted form,review loop 2026-09-28
169796,"Whale, beluga, eyes (Alaska Native)",,,added,FoodOn names it through a safe un-inverted form,review loop 2026-09-28
169797,"Whale, beluga, meat, raw (Alaska Native)",,,added,FoodOn names it through a safe un-inverted form,review loop 2026-09-28
169798,"Fish, blackfish, whole (Alaska Native)",,,none,,
169799,"Blueberries, wild, frozen (Alaska Native)",http://purl.obolibrary.org/obo/FOODON_00004208,Alaska blueberry,accepted,,
169800,"Caribou, bone marrow, raw (Alaska Native)",,,none,,
169801,"Caribou, eye, raw (Alaska Native)",http://purl.obolibrary.org/obo/FOODON_02022353,reindeer eye (raw),accepted,,
169802,"Cloudberries, raw (Alaska Native)",http://purl.obolibrary.org/obo/FOODON_00005182,cloudberry (raw),accepted,,
169803,"Cockles, raw (Alaska Native)",http://purl.obolibrary.org/obo/FOODON_03301658,cockle (raw),flagged,The FoodOn name names a part the USDA name does not (shell).,review loop 2026-09-28
169804,"Cranberries, wild, bush, raw (Alaska Native)",http://purl.obolibrary.org/obo/FOODON_03301723,cranberry (raw),accepted,,
169805,"Cranberry, low bush or lingenberry, raw (Alaska Native)",http://purl.obolibrary.org/obo/FOODON_03306104,lingonberry (raw),flagged,USDA term shares no content word with the USDA name,review loop 2026-09-28
169806,"Fish, herring eggs, Pacific, plain (Alaska Native)",,,none,,
169807,"Fish, herring, Pacific, flesh, air-dried, packed in oil (Alaska Native)",,,none,,
169808,"Huckleberries, raw (Alaska Native)",http://purl.obolibrary.org/obo/FOODON_03302046,huckleberry (raw),accepted,,
169809,"Fish, lingcod, meat, raw (Alaska Native)",http://purl.obolibrary.org/obo/FOODON_03309162,lingcod (raw),flagged,USDA term is outside the edible branches,review loop 2026-09-28
169810,"Fish, lingcod, liver (Alaska Native)",,,none,,
169811,"Tennis Bread, plain (Apache)",http://purl.obolibrary.org/obo/FOODON_00005448,tennis bread,accepted,,
169812,"Fish, halibut, cooked, with skin (Alaska Native)",,,none,,
169813,"Salmon, red (sockeye), filets with skin, smoked (Alaska Native)",,,none,,
169814,"Agave, raw (Southwest)",http://purl.obolibrary.org/obo/FOODON_00005199,agave (raw),accepted,,
169815,"Lambsquarters, steamed (Northern Plains Indians)",http://purl.obolibrary.org/obo/FOODON_00005189,lambs quarters leaf,flagged,USDA term shares no content word with the USDA name,review loop 2026-09-28
169816,"Prickly pears, raw (Northern Plains Indians)",,,flagged,Found by hand: the prickly pear fruit is not the pad.,review loop 2026-09-28
169817,"Prickly pears, broiled (Northern Plains Indians)",http://purl.obolibrary.org/obo/FOODON_00003078,prickly pear pad,accepted,,
169818,"Prairie Turnips, raw (Northern Plains Indians)",,,flagged,USDA term is outside the edible branches,review loop 2026-09-28
169819,"Stinging Nettles, blanched (Northern Plains Indians)",http://purl.obolibrary.org/obo/FOODON_00005196,stinging nettle leaf,flagged,The FoodOn name names a part the USDA name does not (leaf).,review loop 2026-09-28
169820,"Plums, wild (Northern Plains Indians)",http://purl.obolibrary.org/obo/FOODON_00003483,plum,accepted,,
169821,"Pinon Nuts, roasted (Navajo)",http://purl.obolibrary.org/obo/FOODON_03306517,pine nut kernel,flagged,The FoodOn name lacks the USDA food's main word (pinon).,review loop 2026-09-28
169822,"Caribou, hind quarter, meat, cooked (Alaska Native)",,,none,,
169823,"Agutuk, fish with shortening (Alaskan ice cream) (Alaska Native)",,,none,,
169824,"Sea lion, Steller, meat with fat (Alaska Native)",http://purl.obolibrary.org/obo/FOODON_02022114,piece of steller sea lion meat,added,FoodOn names it through a safe un-inverted form,review loop 2026-09-28
169825,"Sea lion, Steller, fat (Alaska Native)",http://purl.obolibrary.org/obo/FOODON_02022119,steller sea lion fat,added,FoodOn names it through a safe un-inverted form,review loop 2026-09-28
169826,"Wocas, dried seeds, Oregon, yellow pond lily (Klamath)",,,none,,
169827,"Hazelnuts, beaked (Northern Plains Indians)",http://purl.obolibrary.org/obo/FOODON_00005201,beaked hazelnut,accepted,,
169828,"Tea, herbal, brewed, Hohoysi (Hopi)",http://purl.obolibrary.org/obo/FOODON_00002858,Hohoysi tea,accepted,,
169829,"Tortilla, blue corn, Sakwavikaviki (Hopi)",,,none,,
169830,"Bread, blue corn, somiviki (Hopi)",,,none,,
169831,"APPLEBEE'S, 9 oz house sirloin steak",http://purl.obolibrary.org/obo/FOODON_02000149,beef top sirloin steak,flagged,"The FoodOn name lacks the USDA food's main word (9, oz, house).",review loop 2026-09-28
169832,"T.G.I. FRIDAY'S, FRIDAY'S Shrimp, breaded",,,none,,
169833,"T.G.I. FRIDAY'S, french fries",,,none,,
169834,"T.G.I. FRIDAY'S, fried mozzarella",,,none,,
169835,"T.G.I. FRIDAY'S, macaroni & cheese, from kid's menu",,,none,,
169836,"Restaurant, family style, french fries",,,none,,
169837,"Restaurant, family style, chicken fingers, from kid's menu",,,none,,
169838,"Restaurant, family style, shrimp, breaded and fried",,,none,,
169839,"Restaurant, family style, macaroni & cheese, from kids' menu",,,none,,
169840,"APPLEBEE'S, crunchy onion rings",,,none,,
169841,"APPLEBEE'S, chicken tenders platter",,,none,,
169842,"CRACKER BARREL, chicken tenderloin platter, fried",,,none,,
169843,"CRACKER BARREL, coleslaw",,,none,,
169844,"DENNY'S, onion rings",,,none,,
169845,"DENNY'S, spaghetti and meatballs",,,none,,
169846,"Restaurant, family style, fish fillet, battered or breaded, fried",,,none,,
169847,"Restaurant, family style, chicken tenders",,,none,,
169848,"Restaurant, family style, hash browns",http://purl.obolibrary.org/obo/FOODON_03310607,potato hash brown,flagged,The FoodOn name lacks the USDA food's main word (restaurant).,review loop 2026-09-28
169849,"CRACKER BARREL, macaroni n' cheese",,,none,,
169850,"Restaurant, Italian, lasagna with meat",,,none,,
169851,"OLIVE GARDEN, lasagna classico",,,none,,
169852,"OLIVE GARDEN, spaghetti with pomodoro sauce",,,none,,
169853,"CARRABBA'S ITALIAN GRILL, spaghetti with pomodoro sauce",,,none,,
169854,"ON THE BORDER, cheese enchilada",,,none,,
169855,"Restaurant, Mexican, cheese enchilada",,,none,,
169856,"Restaurant, Mexican, cheese tamales",,,none,,
169857,"CARRABBA'S ITALIAN GRILL, chicken parmesan without cavatappi pasta",,,none,,
169858,"OLIVE GARDEN, chicken parmigiana without pasta",,,none,,
169859,"Cereals ready-to-eat, POST, HONEY BUNCHES OF OATS, with almonds",,,none,,
169860,"Margarine-like, vegetable oil spread, stick or tub, sweetened",,,none,,
169861,"Snacks, popcorn, home-prepared, oil-popped, unsalted",,,none,,
169862,"Cereals ready-to-eat, POST, GREAT GRAINS Crunchy Pecan Cereal",,,none,,
169863,"Snacks, granola bar, with coconut, chocolate coated",,,none,,
169864,"Babyfood, vegetable and brown rice, strained",,,none,,
169865,"Babyfood, peas and brown rice",,,none,,
169866,"Frankfurter, meat and poultry, low fat",,,none,,
169867,"Oil, corn and canola",,,none,,
169868,"Milk, fluid, nonfat, calcium fortified (fat free or skim)",http://purl.obolibrary.org/obo/FOODON_00005484,skim milk (calcium-fortified),accepted,,
169869,"Peanut butter, reduced sodium",http://purl.obolibrary.org/obo/FOODON_03306867,peanut butter,accepted,,
169870,"Cereals ready-to-eat, POST GREAT GRAINS Banana Nut Crunch",,,none,,
169871,"Babyfood, carrots, toddler",http://purl.obolibrary.org/obo/FOODON_00005490,carrot puree,accepted,,
169872,"Babyfood, dessert, banana pudding, strained",,,none,,
169873,"Babyfood, fruit, tutti frutti, strained",,,none,,
169874,"Babyfood, fruit, tutti frutti, junior",,,none,,
169875,"Salad dressing, sweet and sour",,,none,,
169876,"Salad dressing, blue or roquefort cheese, low calorie",,,none,,
169877,"Salad dressing, caesar, low calorie",,,none,,
169878,"Syrups, sugar free",,,none,,
169879,"Jellies, no sugar (with sodium saccharin), any flavors",,,none,,
169880,"Candies, hard, dietetic or low calorie (sorbitol)",,,none,,
169881,"Candies, chocolate covered, low sugar or low calorie",,,none,,
169882,"Chewing gum, sugarless",http://purl.obolibrary.org/obo/FOODON_03303401,chewing gum (sugarless),added,FoodOn names it through a safe un-inverted form,review loop 2026-09-28
169883,"Fluid replacement, electrolyte solution (include PEDIALYTE)",,,none,,
169884,"Vermicelli, made from soy",,,none,,
169885,"Beans, liquid from stewed kidney beans",,,none,,
169886,"Chicken, meatless",,,none,,
169887,"Frankfurter, meatless",,,none,,
169888,Vegetarian meatloaf or patties,,,none,,
169889,"Radishes, hawaiian style, pickled",,,none,,
169890,"Cabbage, japanese style, fresh, pickled",http://purl.obolibrary.org/obo/FOODON_00005337,napa cabbage head,accepted,,
169891,"Cabbage, mustard, salted",,,none,,
169892,"Eggplant, pickled",http://purl.obolibrary.org/obo/FOODON_00003618,eggplant,accepted,,
169893,"Bacon bits, meatless",,,none,,
169894,"Butter replacement, without fat, powder",,,none,,
169895,"Salad dressing, buttermilk, lite",,,none,,
169896,"Sweeteners, tabletop, fructose, dry, powder",,,none,,
169897,"Beverage, instant breakfast powder, chocolate, sugar-free, not reconstituted",,,none,,
169898,"Yogurt, fruit variety, nonfat",,,none,,
169899,"Whipped cream substitute, dietetic, made from powdered mix",,,none,,
169900,"Frozen novelties, ice cream type, sundae, prepackaged",,,none,,
169901,"Cheese, american cheddar, imitation",,,none,,
169902,"Quail, cooked, total edible",http://purl.obolibrary.org/obo/FOODON_02020738,piece of quail,accepted,,
169903,"Pheasant, cooked, total edible",http://purl.obolibrary.org/obo/FOODON_02020666,piece of pheasant,accepted,,
169904,"Eggs, scrambled, frozen mixture",http://purl.obolibrary.org/obo/FOODON_03304791,scrambled chicken egg,accepted,,
169905,"Dove, cooked (includes squab)",http://purl.obolibrary.org/obo/FOODON_02020090,piece of pigeon,flagged,USDA term shares no content word with the USDA name,review loop 2026-09-28
169906,"Pork, cured, ham, boneless, low sodium, extra lean and regular, roasted",http://purl.obolibrary.org/obo/FOODON_03301114,ham (cured),accepted,,
169907,"Longans, dried",http://purl.obolibrary.org/obo/FOODON_00005242,longan (dried),accepted,,
169908,"Loquats, raw",http://purl.obolibrary.org/obo/FOODON_00003181,loquat (raw),accepted,,
169909,"Mammy-apple, (mamey), raw",http://purl.obolibrary.org/obo/FOODON_00004200,mamey apple (raw),flagged,The FoodOn name lacks the USDA food's main word (mammy).,review loop 2026-09-28
169910,"Mangos, raw",http://purl.obolibrary.org/obo/FOODON_03301813,mango (raw),accepted,,
169911,"Melons, honeydew, raw",http://purl.obolibrary.org/obo/FOODON_03307244,honeydew melon (raw),accepted,,
169912,"Melon balls, frozen",http://purl.obolibrary.org/obo/FOODON_00005245,melon ball (frozen),accepted,,
169913,"Mulberries, raw",http://purl.obolibrary.org/obo/FOODON_00003135,mulberry (raw),accepted,,
169914,"Nectarines, raw",http://purl.obolibrary.org/obo/FOODON_03301107,nectarine (raw),accepted,,
169915,"Oheloberries, raw",http://purl.obolibrary.org/obo/FOODON_00004229,oheloberry (raw),accepted,,
169916,"Oranges, raw, California, valencias",http://purl.obolibrary.org/obo/FOODON_03309926,california valencia orange (raw),accepted,,
169917,"Oranges, raw, navels (Includes foods for USDA's Food Distribution Program)",http://purl.obolibrary.org/obo/FOODON_00002511,navel orange (raw),accepted,,
169918,"Oranges, raw, Florida",http://purl.obolibrary.org/obo/FOODON_03309832,orange (raw),accepted,,
169919,"Oranges, raw, with peel",http://purl.obolibrary.org/obo/FOODON_03309832,orange (raw),accepted,,
169920,"Orange juice, chilled, includes from concentrate, with added calcium",http://purl.obolibrary.org/obo/FOODON_03305983,reconstituted orange juice (chilled),accepted,,
169921,"Orange juice, frozen concentrate, unsweetened, diluted with 3 volume water, with added calcium",http://purl.obolibrary.org/obo/FOODON_03305982,reconstituted orange juice (from frozen concentrate),accepted,,
169922,"Orange juice, frozen concentrate, unsweetened, undiluted, with added calcium",http://purl.obolibrary.org/obo/FOODON_03301829,"orange juice concentrate (frozen, unsweetened)",flagged,The FoodOn name says the opposite of the USDA name (reconstituted).,review loop 2026-09-28
169923,"Orange juice, frozen concentrate, unsweetened, undiluted",http://purl.obolibrary.org/obo/FOODON_03301829,"orange juice concentrate (frozen, unsweetened)",flagged,The FoodOn name lacks the USDA food's main word (juice). The FoodOn name names a part the USDA name does not (peel).,review loop 2026-09-28
169924,"Tangerines, (mandarin oranges), canned, light syrup pack",,,none,,
169925,"Tangerine juice, raw",http://purl.obolibrary.org/obo/FOODON_00005462,tangerine juice (unpasteurized),accepted,,
169926,"Papayas, raw",http://purl.obolibrary.org/obo/FOODON_03301830,papaya (raw),accepted,,
169927,"Papaya, canned, heavy syrup, drained",,,none,,
169928,"Peaches, yellow, raw",http://purl.obolibrary.org/obo/FOODON_03301719,peach (raw),accepted,,
169929,"Peaches, canned, water pack, solids and liquids",http://purl.obolibrary.org/obo/FOODON_03301271,peach (canned),accepted,,
169930,"Peaches, canned, juice pack, solids and liquids",http://purl.obolibrary.org/obo/FOODON_03301271,peach (canned),accepted,,
169931,"Peaches, canned, extra light syrup, solids and liquids (Includes foods for USDA's Food Distribution Program)",http://purl.obolibrary.org/obo/FOODON_03301271,peach (canned),accepted,,
169932,"Peaches, dehydrated (low-moisture), sulfured, uncooked",http://purl.obolibrary.org/obo/FOODON_03307628,peach (dried),accepted,,
169933,"Peaches, dehydrated (low-moisture), sulfured, stewed",http://purl.obolibrary.org/obo/FOODON_03307628,peach (dried),accepted,,
169934,"Peaches, dried, sulfured, uncooked",http://purl.obolibrary.org/obo/FOODON_03307628,peach (dried),accepted,,
169935,"Peaches, dried, sulfured, stewed, without added sugar",http://purl.obolibrary.org/obo/FOODON_03307628,peach (dried),accepted,,
169936,"Pears, canned, juice pack, solids and liquids",http://purl.obolibrary.org/obo/FOODON_03301611,pear (canned),accepted,,
169937,"Pears, canned, extra light syrup pack, solids and liquids (Includes foods for USDA's Food Distribution Program)",http://purl.obolibrary.org/obo/FOODON_03301611,pear (canned),accepted,,
169938,"Pears, canned, light syrup pack, solids and liquids",,,none,,
169939,"Pears, canned, heavy syrup pack, solids and liquids",,,none,,
169940,"Pear nectar, canned, without added ascorbic acid",http://purl.obolibrary.org/obo/FOODON_03301289,pear nectar,flagged,The FoodOn name lacks the USDA food's main word (pear).,review loop 2026-09-28
169941,"Persimmons, japanese, raw",http://purl.obolibrary.org/obo/FOODON_00004240,japanese persimmon (raw),accepted,,
169942,"Persimmons, japanese, dried",http://purl.obolibrary.org/obo/FOODON_00005316,persimmon (dried),accepted,,
169943,"Persimmons, native, raw",http://purl.obolibrary.org/obo/FOODON_03311790,persimmon (raw),accepted,,
169944,"Pineapple, canned, heavy syrup pack, solids and liquids",,,none,,
169945,"Pineapple, canned, extra heavy syrup pack, solids and liquids",,,none,,
169946,"Pineapple, frozen, chunks, sweetened",,,none,,
169947,"Pineapple juice, canned or bottled, unsweetened, without added ascorbic acid",http://purl.obolibrary.org/obo/FOODON_03305750,pineapple juice (canned),accepted,,
169948,"Pineapple juice, frozen concentrate, unsweetened, undiluted",http://purl.obolibrary.org/obo/FOODON_03305240,pineapple juice (unsweetened),accepted,,
169949,"Plums, raw",http://purl.obolibrary.org/obo/FOODON_03301580,plum (raw),accepted,,
169950,"Plums, canned, purple, water pack, solids and liquids",http://purl.obolibrary.org/obo/FOODON_03301279,plum (canned),accepted,,
169951,"Plums, canned, purple, juice pack, solids and liquids",http://purl.obolibrary.org/obo/FOODON_03301279,plum (canned),accepted,,
169952,"Plums, canned, purple, light syrup pack, solids and liquids",,,none,,
169953,"Lima beans, immature seeds, frozen, fordhook, unprepared",http://purl.obolibrary.org/obo/FOODON_00005296,lima bean (immature),accepted,,
169954,"Lima beans, immature seeds, frozen, fordhook, cooked, boiled, drained, without salt",http://purl.obolibrary.org/obo/FOODON_00005296,lima bean (immature),accepted,,
169955,"Lima beans, immature seeds, frozen, baby, unprepared",http://purl.obolibrary.org/obo/FOODON_00005299,baby lima bean (immature),accepted,,
169956,"Lima beans, immature seeds, frozen, baby, cooked, boiled, drained, without salt",http://purl.obolibrary.org/obo/FOODON_00005296,lima bean (immature),accepted,,
169957,"Mung beans, mature seeds, sprouted, raw",http://purl.obolibrary.org/obo/FOODON_03000186,"mung bean (raw, sprouted)",accepted,,
169958,"Beans, pinto, immature seeds, frozen, unprepared",http://purl.obolibrary.org/obo/FOODON_00005300,pinto bean (immature),accepted,,
169959,"Beans, pinto, immature seeds, frozen, cooked, boiled, drained, without salt",http://purl.obolibrary.org/obo/FOODON_00004375,pinto bean (cooked),accepted,,
169960,"Beans, shellie, canned, solids and liquids",http://purl.obolibrary.org/obo/FOODON_00002547,shell bean,flagged,The FoodOn name names a part the USDA name does not (shell).,review loop 2026-09-28
169961,"Beans, snap, green, raw",http://purl.obolibrary.org/obo/FOODON_00004236,green bean pod (raw),accepted,,
169962,"Beans, snap, green, frozen, all styles, unprepared (Includes foods for USDA's Food Distribution Program)",http://purl.obolibrary.org/obo/FOODON_03305806,green bean pod,accepted,,
169963,"Beans, snap, green, frozen, cooked, boiled, drained without salt",http://purl.obolibrary.org/obo/FOODON_03310335,green bean (frozen),accepted,,
169964,"Beans, snap, green, frozen, all styles, microwaved",http://purl.obolibrary.org/obo/FOODON_03310335,green bean (frozen),accepted,,
169965,"Beans, snap, green, microwaved",http://purl.obolibrary.org/obo/FOODON_03305806,green bean pod,accepted,,
169966,"Beets, canned, drained solids",http://purl.obolibrary.org/obo/FOODON_03301380,beet (canned),accepted,,
169967,"Broccoli, cooked, boiled, drained, without salt",http://purl.obolibrary.org/obo/FOODON_00003405,broccoli floret,accepted,,
169968,"Broccoli, frozen, chopped, unprepared",http://purl.obolibrary.org/obo/FOODON_00003405,broccoli floret,accepted,,
169969,"Broccoli, frozen, chopped, cooked, boiled, drained, without salt",http://purl.obolibrary.org/obo/FOODON_00003405,broccoli floret,accepted,,
169970,"Broccoli, frozen, spears, unprepared (Includes foods for USDA's Food Distribution Program)",http://purl.obolibrary.org/obo/FOODON_03301384,piece(s) of broccoli (frozen),accepted,,
169971,"Brussels sprouts, cooked, boiled, drained, without salt",http://purl.obolibrary.org/obo/FOODON_03311885,brussels sprout,accepted,,
169972,"Brussels sprouts, frozen, unprepared",http://purl.obolibrary.org/obo/FOODON_03301385,brussels sprout (frozen),accepted,,
169973,"Brussels sprouts, frozen, cooked, boiled, drained, without salt",http://purl.obolibrary.org/obo/FOODON_03301385,brussels sprout (frozen),accepted,,
169974,"Burdock root, raw",http://purl.obolibrary.org/obo/FOODON_00005351,burdock root (raw),accepted,,
169975,"Cabbage, raw",http://purl.obolibrary.org/obo/FOODON_03301326,cabbage head (raw),accepted,,
169976,"Cabbage, cooked, boiled, drained, without salt",http://purl.obolibrary.org/obo/FOODON_00003406,cabbage head,accepted,,
169977,"Cabbage, red, raw",http://purl.obolibrary.org/obo/FOODON_03304685,red cabbage head (raw),accepted,,
169978,"Cabbage, red, cooked, boiled, drained, without salt",http://purl.obolibrary.org/obo/FOODON_00002922,red cabbage head,accepted,,
169979,"Cabbage, chinese (pe-tsai), raw",http://purl.obolibrary.org/obo/FOODON_00005338,napa cabbage head (raw),accepted,,
169980,"Cabbage, chinese (pe-tsai), cooked, boiled, drained, without salt",http://purl.obolibrary.org/obo/FOODON_00005337,napa cabbage head,accepted,,
169981,"Cardoon, raw",http://purl.obolibrary.org/obo/FOODON_03000050,cardoon stalk (raw),flagged,The FoodOn name names a part the USDA name does not (stalk).,review loop 2026-09-28
169982,"Cardoon, cooked, boiled, drained, without salt",http://purl.obolibrary.org/obo/FOODON_03000049,cardoon stalk,flagged,The FoodOn name names a part the USDA name does not (stalk).,review loop 2026-09-28
169983,"Carrots, frozen, unprepared (Includes foods for USDA's Food Distribution Program)",http://purl.obolibrary.org/obo/FOODON_03304759,carrot (frozen),accepted,,
169984,"Carrots, frozen, cooked, boiled, drained, without salt",http://purl.obolibrary.org/obo/FOODON_00003408,carrot root,accepted,,
169985,"Cassava, raw",http://purl.obolibrary.org/obo/FOODON_03302304,cassava (raw),accepted,,
169986,"Cauliflower, raw",http://purl.obolibrary.org/obo/FOODON_03302732,cauliflower floret (raw),accepted,,
169987,"Celeriac, cooked, boiled, drained, without salt",http://purl.obolibrary.org/obo/FOODON_00004120,celeriac root,flagged,The FoodOn name names a part the USDA name does not (root).,review loop 2026-09-28
169988,"Celery, raw",http://purl.obolibrary.org/obo/FOODON_03301727,celery stalk (raw),accepted,,
169989,"Celery, cooked, boiled, drained, without salt",http://purl.obolibrary.org/obo/FOODON_00003411,celery stalk,flagged,The FoodOn name names a part the USDA name does not (leaf).,review loop 2026-09-28
169990,"Celtuce, raw",http://purl.obolibrary.org/obo/FOODON_03000069,celtuce stem (raw),flagged,The FoodOn name names a part the USDA name does not (stem).,review loop 2026-09-28
169991,"Chard, swiss, raw",http://purl.obolibrary.org/obo/FOODON_03306698,swiss chard leaf (raw),accepted,,
169992,"Chicory greens, raw",http://purl.obolibrary.org/obo/FOODON_03000038,chicory leaf (raw),flagged,The FoodOn name lacks the USDA food's main word (green).,review loop 2026-09-28
169993,"Chicory roots, raw",http://purl.obolibrary.org/obo/FOODON_03000037,chicory root (raw),accepted,,
169994,"Chives, raw",http://purl.obolibrary.org/obo/FOODON_03311167,chive leaf (raw),accepted,,
169995,"Chrysanthemum, garland, raw",http://purl.obolibrary.org/obo/FOODON_00005326,chrysanthemum leaf (raw),flagged,The FoodOn name names a part the USDA name does not (leaf).,review loop 2026-09-28
169996,"Collards, frozen, chopped, cooked, boiled, drained, without salt",http://purl.obolibrary.org/obo/FOODON_03310954,collard greens (frozen),accepted,,
169997,"Coriander (cilantro) leaves, raw",http://purl.obolibrary.org/obo/FOODON_03000030,coriander leaf (raw),flagged,The FoodOn name lacks the USDA food's main word (cilantro).,review loop 2026-09-28
169998,"Corn, sweet, yellow, raw",http://purl.obolibrary.org/obo/FOODON_03303202,yellow sweet corn kernel (raw),flagged,The FoodOn name names a part the USDA name does not (kernel).,review loop 2026-09-28
169999,"Corn, sweet, yellow, cooked, boiled, drained, without salt",http://purl.obolibrary.org/obo/FOODON_00003782,yellow sweet corn kernel,accepted,,
170000,"Onions, raw",http://purl.obolibrary.org/obo/FOODON_03301704,onion (raw),accepted,,
170001,"Onions, cooked, boiled, drained, without salt",http://purl.obolibrary.org/obo/FOODON_03316347,onion,accepted,,
170002,"Onions, dehydrated flakes",http://purl.obolibrary.org/obo/FOODON_03310597,onion flake (dried),accepted,,
170003,"Onions, canned, solids and liquids",http://purl.obolibrary.org/obo/FOODON_03315770,onion (canned),accepted,,
170004,"Onions, yellow, sauteed",http://purl.obolibrary.org/obo/FOODON_00003517,yellow onion,accepted,,
170005,"Onions, spring or scallions (includes tops and bulb), raw",http://purl.obolibrary.org/obo/FOODON_03311340,scallion (raw),accepted,,
170006,"Onions, young green, tops only",http://purl.obolibrary.org/obo/FOODON_03311340,scallion (raw),flagged,USDA term shares no content word with the USDA name,review loop 2026-09-28
170007,"Onions, welsh, raw",http://purl.obolibrary.org/obo/FOODON_03000021,welsh onion (raw),accepted,,
170008,"Onions, sweet, raw",http://purl.obolibrary.org/obo/FOODON_00003350,sweet onion (raw),accepted,,
170009,"Parsnips, cooked, boiled, drained, without salt",http://purl.obolibrary.org/obo/FOODON_00003693,parsnip,accepted,,
170010,"Peas, edible-podded, raw",http://purl.obolibrary.org/obo/FOODON_03000118,edible pea pod (raw),flagged,The FoodOn name names a part the USDA name does not (pod).,review loop 2026-09-28
170011,"Peas, edible-podded, boiled, drained, without salt",http://purl.obolibrary.org/obo/FOODON_03000117,edible pea pod,flagged,The FoodOn name names a part the USDA name does not (pod).,review loop 2026-09-28
170012,"Peas, edible-podded, frozen, unprepared",http://purl.obolibrary.org/obo/FOODON_03000117,edible pea pod,flagged,The FoodOn name names a part the USDA name does not (pod).,review loop 2026-09-28
170013,"Peas, green (includes baby and lesuer types), canned, drained solids, unprepared",http://purl.obolibrary.org/obo/FOODON_03316665,green pea (canned),accepted,,
170014,"Peas, green, canned, seasoned, solids and liquids",,,none,,
170015,"Peas, green, canned, drained solids, rinsed in tap water",http://purl.obolibrary.org/obo/FOODON_03316665,green pea (canned),accepted,,
170016,"Peas, green, frozen, unprepared (Includes foods for USDA's Food Distribution Program)",http://purl.obolibrary.org/obo/FOODON_03317199,green pea,accepted,,
170017,"Peas, green, frozen, cooked, boiled, drained, without salt",http://purl.obolibrary.org/obo/FOODON_03311255,green pea (cooked),accepted,,
170018,"Peas and carrots, frozen, cooked, boiled, drained, without salt",,,none,,
170019,"Peas and onions, canned, solids and liquids",,,none,,
170020,"Peas and onions, frozen, unprepared",,,none,,
170021,"Peas and onions, frozen, cooked, boiled, drained, without salt",,,none,,
170022,"Peppers, sweet, green, frozen, chopped, unprepared",http://purl.obolibrary.org/obo/FOODON_00003547,sweet green bell pepper,accepted,,
170023,"Peppers, sweet, green, frozen, chopped, boiled, drained, without salt",http://purl.obolibrary.org/obo/FOODON_00003547,sweet green bell pepper,accepted,,
170024,"Peppers, sweet, green, sauteed",http://purl.obolibrary.org/obo/FOODON_00003547,sweet green bell pepper,accepted,,
170025,"Pigeonpeas, immature seeds, raw",http://purl.obolibrary.org/obo/FOODON_00004352,"pigeon pea (immature, raw)",accepted,,
170026,"Potatoes, flesh and skin, raw",http://purl.obolibrary.org/obo/FOODON_03301449,potato (raw),accepted,,
170027,"Potatoes, russet, flesh and skin, raw (Includes foods for USDA's Food Distribution Program)",http://purl.obolibrary.org/obo/FOODON_03307036,idaho russet potato (raw),accepted,,
170028,"Potatoes, white, flesh and skin, raw",http://purl.obolibrary.org/obo/FOODON_03309551,white potato (raw),accepted,,
170029,"Potatoes, red, flesh and skin, raw",http://purl.obolibrary.org/obo/FOODON_03000040,red potato (raw),accepted,,
170030,"Potatoes, Russet, flesh and skin, baked",http://purl.obolibrary.org/obo/FOODON_00004971,Russet potato,flagged,USDA term is outside the edible branches,review loop 2026-09-28
170031,"Potatoes, roasted, salt added in processing, frozen, unprepared",http://purl.obolibrary.org/obo/FOODON_03315354,potato,accepted,,
170032,"Potatoes, raw, skin",http://purl.obolibrary.org/obo/FOODON_03301449,potato (raw),accepted,,
170033,"Potatoes, baked, flesh, without salt",http://purl.obolibrary.org/obo/FOODON_03302196,potato (baked),accepted,,
170034,"Potatoes, baked, skin, without salt",http://purl.obolibrary.org/obo/FOODON_03302196,potato (baked),accepted,,
170035,"Potatoes, microwaved, cooked in skin, skin, without salt",http://purl.obolibrary.org/obo/FOODON_03306100,potato (cooked),accepted,,
170036,"Potatoes, hash brown, home-prepared",http://purl.obolibrary.org/obo/FOODON_03310607,potato hash brown,accepted,,
170037,"Potatoes, mashed, home-prepared, whole milk and margarine added",,,none,,
170038,"Potatoes, scalloped, home-prepared with butter",http://purl.obolibrary.org/obo/FOODON_03311532,potatoes gratiné (dish),added,FoodOn names it through a safe un-inverted form,review loop 2026-09-28
170039,"Potatoes, mashed, dehydrated, granules without milk, dry form",http://purl.obolibrary.org/obo/FOODON_03317126,potato flakes (granulated and powdered),flagged,The FoodOn name adds a process the USDA name does not state (powdered).,review loop 2026-09-28
170040,"Potatoes, mashed, dehydrated, prepared from granules without milk, whole milk and butter added",,,none,,
170041,"Potatoes, mashed, dehydrated, granules with milk, dry form",,,none,,
170042,"Potatoes, mashed, dehydrated, prepared from granules with milk, water and margarine added",,,none,,
170043,"Potatoes, hash brown, frozen, plain, unprepared",http://purl.obolibrary.org/obo/FOODON_03310607,potato hash brown,accepted,,
170044,"Potatoes, hash brown, frozen, plain, prepared, pan fried in canola oil",http://purl.obolibrary.org/obo/FOODON_03310607,potato hash brown,accepted,,
170045,"Potatoes, hash brown, frozen, with butter sauce, unprepared",,,none,,
170046,"Potatoes, hash brown, frozen, with butter sauce, prepared",,,none,,
170047,"Potato puffs, frozen, unprepared",http://purl.obolibrary.org/obo/FOODON_00003048,potato puff (dish),accepted,,
170048,"Potato puffs, frozen, oven-heated",http://purl.obolibrary.org/obo/FOODON_00003048,potato puff (dish),accepted,,
170049,"Potatoes, frozen, whole, cooked, boiled, drained, without salt",http://purl.obolibrary.org/obo/FOODON_03315354,potato,accepted,,
170050,"Tomatoes, red, ripe, cooked",http://purl.obolibrary.org/obo/FOODON_03301453,tomato,accepted,,
170051,"Tomatoes, red, ripe, canned, packed in tomato juice",http://purl.obolibrary.org/obo/FOODON_03301452,tomato (canned),accepted,,
170052,"Tomatoes, red, ripe, canned, stewed",http://purl.obolibrary.org/obo/FOODON_03301452,tomato (canned),accepted,,
170053,"Tomatoes, red, ripe, canned, with green chilies",,,none,,
170054,"Tomato products, canned, sauce",http://purl.obolibrary.org/obo/FOODON_03309474,tomato product (canned),accepted,,
170055,"Tomato products, canned, sauce, with mushrooms",,,none,,
170056,"Tomato products, canned, sauce, with onions",,,none,,
170057,"Tomato products, canned, sauce, with herbs and cheese",,,none,,
170058,"Turnips, cooked, boiled, drained, without salt",http://purl.obolibrary.org/obo/FOODON_00003447,turnip,accepted,,
170059,"Turnips, frozen, unprepared",http://purl.obolibrary.org/obo/FOODON_00003447,turnip,accepted,,
170060,"Turnips, frozen, cooked, boiled, drained, without salt",http://purl.obolibrary.org/obo/FOODON_03310956,turnip greens (frozen),accepted,,
170061,"Turnip greens, raw",http://purl.obolibrary.org/obo/FOODON_03301552,turnip greens (raw),accepted,,
170062,"Turnip greens and turnips, frozen, cooked, boiled, drained, without salt",,,none,,
170063,"Vegetable juice cocktail, canned",,,none,,
170064,"Vegetables, mixed, canned, solids and liquids",http://purl.obolibrary.org/obo/FOODON_03303882,mixed vegetables (canned),added,FoodOn names it through a safe un-inverted form,review loop 2026-09-28
170065,"Vegetables, mixed, canned, drained solids",http://purl.obolibrary.org/obo/FOODON_03303882,mixed vegetables (canned),added,FoodOn names it through a safe un-inverted form,review loop 2026-09-28
170066,"Waterchestnuts, chinese, (matai), raw",http://purl.obolibrary.org/obo/FOODON_03302970,water chestnut (raw),flagged,USDA term shares no content word with the USDA name,review loop 2026-09-28
170067,"Waterchestnuts, chinese, canned, solids and liquids",http://purl.obolibrary.org/obo/FOODON_03304635,water chestnut (canned),flagged,USDA term is outside the edible branches,review loop 2026-09-28
170068,"Watercress, raw",http://purl.obolibrary.org/obo/FOODON_03000149,watercress leaf (raw),flagged,The FoodOn name names a part the USDA name does not (leaf).,review loop 2026-09-28
170069,"Waxgourd, (chinese preserving melon), raw",http://purl.obolibrary.org/obo/FOODON_00005225,winter melon (raw),flagged,The FoodOn name lacks the USDA food's main word (waxgourd).,review loop 2026-09-28
170070,"Winged bean tuber, raw",http://purl.obolibrary.org/obo/FOODON_00004391,winged bean tuber,accepted,,
170071,"Yam, raw",http://purl.obolibrary.org/obo/FOODON_03307043,yam (raw),accepted,,
170072,"Yam, cooked, boiled, drained, or baked, without salt",http://purl.obolibrary.org/obo/FOODON_00003448,yam,accepted,,
170073,"Yambean (jicama), raw",http://purl.obolibrary.org/obo/FOODON_03309754,jicama tuber (raw),accepted,,
170074,"Yambean (jicama), cooked, boiled, drained, without salt",http://purl.obolibrary.org/obo/FOODON_00003739,jicama tuber,accepted,,
170075,"Chives, freeze-dried",http://purl.obolibrary.org/obo/FOODON_03304734,chive (freeze-dried),flagged,The FoodOn name names a part the USDA name does not (leaf).,review loop 2026-09-28
170076,"Dock, raw",http://purl.obolibrary.org/obo/FOODON_03000185,dock leaf (raw),flagged,The FoodOn name names a part the USDA name does not (leaf).,review loop 2026-09-28
170077,"Dock, cooked, boiled, drained, without salt",http://purl.obolibrary.org/obo/FOODON_03000184,dock leaf,flagged,The FoodOn name names a part the USDA name does not (leaf).,review loop 2026-09-28
170078,"Eppaw, raw",http://purl.obolibrary.org/obo/FOODON_00003122,oregon yampah root,flagged,The FoodOn name names a part the USDA name does not (leaf).,review loop 2026-09-28
170079,"Beans, mung, mature seeds, sprouted, canned, drained solids",http://purl.obolibrary.org/obo/FOODON_03302853,mung bean sprout (canned),flagged,The FoodOn name names a part the USDA name does not (sprout).,review loop 2026-09-28
170080,"Peppers, jalapeno, canned, solids and liquids",http://purl.obolibrary.org/obo/FOODON_03303439,jalapeno pepper (canned),accepted,,
170081,"Radishes, white icicle, raw",http://purl.obolibrary.org/obo/FOODON_03000172,white icicle radish (raw),accepted,,
170082,"Shallots, freeze-dried",http://purl.obolibrary.org/obo/FOODON_00003748,shallot,accepted,,
170083,"Sweet potato, canned, syrup pack, solids and liquids",,,none,,
170084,"Sweet potato, canned, syrup pack, drained solids",,,none,,
170085,"Tomato products, canned, sauce, spanish style",,,none,,
170086,"Beans, pinto, mature seeds, sprouted, raw",http://purl.obolibrary.org/obo/FOODON_03000190,"pinto bean (raw, sprouted)",accepted,,
170087,"Beans, pinto, mature seeds, sprouted, cooked, boiled, drained, without salt",http://purl.obolibrary.org/obo/FOODON_00005265,pinto bean (mature),accepted,,
170088,"Sweet potato, cooked, candied, home-prepared",,,none,,
170089,"Tomatoes, red, ripe, cooked, stewed",http://purl.obolibrary.org/obo/FOODON_03301453,tomato,accepted,,
170090,"Seaweed, agar, dried",http://purl.obolibrary.org/obo/FOODON_00005238,agar (dried),accepted,,
170091,"Seaweed, spirulina, raw",http://purl.obolibrary.org/obo/FOODON_03311049,spirulina seaweed (raw),accepted,,
170092,Potato pancakes,,,none,,
170093,"Potatoes, baked, flesh and skin, without salt",http://purl.obolibrary.org/obo/FOODON_03302196,potato (baked),accepted,,
170094,"Potatoes, microwaved, cooked in skin, flesh and skin, without salt",http://purl.obolibrary.org/obo/FOODON_03315354,potato,accepted,,
170095,"Radish seeds, sprouted, raw",http://purl.obolibrary.org/obo/FOODON_03000209,"radish seed (raw, sprouted)",accepted,,
170096,"Tomatoes, yellow, raw",http://purl.obolibrary.org/obo/FOODON_03000143,yellow tomato (raw),accepted,,
170097,"Mushrooms, shiitake, cooked, with salt",http://purl.obolibrary.org/obo/FOODON_03411635,shiitake mushroom,accepted,,
170098,"Okra, cooked, boiled, drained, with salt",http://purl.obolibrary.org/obo/FOODON_00003681,okra pod,flagged,The FoodOn name names a part the USDA name does not (pod).,review loop 2026-09-28
170099,"Okra, frozen, cooked, boiled, drained, with salt",http://purl.obolibrary.org/obo/FOODON_00003681,okra pod,flagged,The FoodOn name names a part the USDA name does not (pod).,review loop 2026-09-28
170100,"Onions, cooked, boiled, drained, with salt",http://purl.obolibrary.org/obo/FOODON_03316347,onion,accepted,,
170101,"Onions, frozen, chopped, cooked, boiled, drained, with salt",http://purl.obolibrary.org/obo/FOODON_03316347,onion,accepted,,
170102,"Peas, green, cooked, boiled, drained, with salt",http://purl.obolibrary.org/obo/FOODON_03311255,green pea (cooked),accepted,,
170103,"Peas, green, canned, no salt added, solids and liquids",http://purl.obolibrary.org/obo/FOODON_03316665,green pea (canned),accepted,,
170104,"Peas, green, canned, no salt added, drained solids",http://purl.obolibrary.org/obo/FOODON_03316665,green pea (canned),accepted,,
170105,"Peas, green, frozen, cooked, boiled, drained, with salt",http://purl.obolibrary.org/obo/FOODON_03311255,green pea (cooked),accepted,,
170106,"Peppers, hot chili, red, raw",http://purl.obolibrary.org/obo/FOODON_03302033,chili pepper (raw),accepted,,
170107,"Peppers, hot chili, red, canned, excluding seeds, solids and liquids",http://purl.obolibrary.org/obo/FOODON_00003744,chili pepper,accepted,,
170108,"Peppers, sweet, red, raw",http://purl.obolibrary.org/obo/FOODON_03306732,sweet red bell pepper (raw),accepted,,
170109,"Peppers, sweet, green, cooked, boiled, drained, with salt",http://purl.obolibrary.org/obo/FOODON_00003547,sweet green bell pepper,accepted,,
170110,"Peppers, sweet, red, cooked, boiled, drained, without salt",http://purl.obolibrary.org/obo/FOODON_00003485,sweet red bell pepper,accepted,,
170111,"Potatoes, baked, flesh and skin, with salt",http://purl.obolibrary.org/obo/FOODON_03302196,potato (baked),accepted,,
170112,"Potatoes, baked, flesh, with salt",http://purl.obolibrary.org/obo/FOODON_03302196,potato (baked),accepted,,
170113,"Potatoes, baked, skin only, with salt",http://purl.obolibrary.org/obo/FOODON_03302196,potato (baked),accepted,,
170114,"Potatoes, boiled, cooked in skin, flesh, with salt",http://purl.obolibrary.org/obo/FOODON_00004345,"potato (with skin, boiled)",accepted,,
170115,"Potatoes, microwaved, cooked, in skin, skin with salt",http://purl.obolibrary.org/obo/FOODON_03315354,potato,accepted,,
170116,"Potatoes, frozen, whole, cooked, boiled, drained, with salt",http://purl.obolibrary.org/obo/FOODON_03310437,potato (frozen),accepted,,
170117,"Potatoes, frozen, french fried, par fried, cottage-cut, prepared, heated in oven, with salt",http://purl.obolibrary.org/obo/FOODON_03301959,potato (french-fried),accepted,,
170118,"Potatoes, french fried, all types, salt not added in processing, frozen, oven-heated",http://purl.obolibrary.org/obo/FOODON_03306879,"potato (french-fried, frozen)",accepted,,
170119,"Pumpkin, flowers, cooked, boiled, drained, with salt",http://purl.obolibrary.org/obo/FOODON_00002571,squash flower,flagged,USDA term is outside the edible branches,review loop 2026-09-28
170120,"Pumpkin leaves, cooked, boiled, drained, with salt",http://purl.obolibrary.org/obo/FOODON_00003645,pumpkin leaf,accepted,,
170121,"Purslane, cooked, boiled, drained, with salt",http://purl.obolibrary.org/obo/FOODON_00003711,purslane leaf,flagged,The FoodOn name names a part the USDA name does not (leaf).,review loop 2026-09-28
170122,"Radishes, oriental, cooked, boiled, drained, with salt",http://purl.obolibrary.org/obo/FOODON_00003666,daikon,flagged,USDA term shares no content word with the USDA name,review loop 2026-09-28
170123,"Spinach, canned, no salt added, solids and liquids",http://purl.obolibrary.org/obo/FOODON_03301375,spinach (canned),accepted,,
170124,"Spinach, frozen, chopped or leaf, cooked, boiled, drained, with salt",http://purl.obolibrary.org/obo/FOODON_03311372,"spinach (chopped, frozen)",accepted,,
170125,"Squash, summer, all varieties, cooked, boiled, drained, with salt",http://purl.obolibrary.org/obo/FOODON_00003708,summer squash,accepted,,
170126,"Squash, summer, crookneck and straightneck, cooked, boiled, drained, with salt",http://purl.obolibrary.org/obo/FOODON_03000079,straightneck squash,flagged,The FoodOn name says the opposite of the USDA name (raw).,review loop 2026-09-28
170127,"Squash, winter, all varieties, cooked, baked, with salt",http://purl.obolibrary.org/obo/FOODON_00003946,winter squash,accepted,,
170128,"Squash, winter, acorn, cooked, baked, with salt",http://purl.obolibrary.org/obo/FOODON_00003599,acorn squash,accepted,,
170129,"Squash, winter, acorn, cooked, boiled, mashed, with salt",http://purl.obolibrary.org/obo/FOODON_00003599,acorn squash,accepted,,
170130,"Squash, winter, butternut, cooked, baked, with salt",http://purl.obolibrary.org/obo/FOODON_00005354,butternut squash,accepted,,
170131,"Succotash, (corn and limas), frozen, cooked, boiled, drained, with salt",,,none,,
170132,"Water convolvulus, cooked, boiled, drained, with salt",http://purl.obolibrary.org/obo/FOODON_00005358,water morning glory leaf,accepted,,
170133,"Sweet potato leaves, cooked, steamed, with salt",http://purl.obolibrary.org/obo/FOODON_03000132,sweet potato leaf,accepted,,
170134,"Sweet potato, cooked, baked in skin, flesh, with salt",http://purl.obolibrary.org/obo/FOODON_00004429,sweet potato (cooked),accepted,,
170135,"Taro, shoots, cooked, with salt",http://purl.obolibrary.org/obo/FOODON_03000138,taro shoot,accepted,,
170136,"Taro, tahitian, cooked, with salt",http://purl.obolibrary.org/obo/FOODON_03000146,tahitian taro leaf,flagged,The FoodOn name names a part the USDA name does not (leaf).,review loop 2026-09-28
170137,"Tomatoes, red, ripe, cooked, with salt",http://purl.obolibrary.org/obo/FOODON_03301453,tomato,accepted,,
170138,"Tomatoes, red, ripe, canned, packed in tomato juice, no salt added",http://purl.obolibrary.org/obo/FOODON_03301458,tomato (canned with tomato juice),accepted,,
170139,"Turnip greens, cooked, boiled, drained, with salt",http://purl.obolibrary.org/obo/FOODON_00003533,turnip leaf,flagged,The FoodOn name lacks the USDA food's main word (green). The FoodOn name names a part the USDA name does not (leaf).,review loop 2026-09-28
170140,"Turnip greens, frozen, cooked, boiled, drained, with salt",http://purl.obolibrary.org/obo/FOODON_03310956,turnip greens (frozen),accepted,,
170141,"Turnip greens and turnips, frozen, cooked, boiled, drained, with salt",,,none,,
170142,"Vegetables, mixed, frozen, cooked, boiled, drained, with salt",http://purl.obolibrary.org/obo/FOODON_00002683,mixed vegetables,added,FoodOn names it through a safe un-inverted form,review loop 2026-09-28
170143,"Mushrooms, portabella, exposed to ultraviolet light, raw",http://purl.obolibrary.org/obo/FOODON_00004257,portobello mushroom (raw),accepted,,
170144,"Seeds, breadfruit seeds, raw",http://purl.obolibrary.org/obo/FOODON_00005228,breadfruit seed (raw),accepted,,
170145,"Seeds, breadfruit seeds, boiled",http://purl.obolibrary.org/obo/FOODON_00005227,breadfruit seed,accepted,,
170146,"Seeds, cottonseed flour, low fat (glandless)",http://purl.obolibrary.org/obo/FOODON_03301576,cottonseed flour,accepted,,
170147,"Seeds, cottonseed meal, partially defatted (glandless)",http://purl.obolibrary.org/obo/FOODON_03301766,cottonseed meal,flagged,The FoodOn name names a part the USDA name does not (flour).,review loop 2026-09-28
170148,"Seeds, hemp seed, hulled",http://purl.obolibrary.org/obo/FOODON_00004400,"hemp seed (dehulled, raw)",flagged,The FoodOn name names a part the USDA name does not (hull).,review loop 2026-09-28
170149,"Seeds, lotus seeds, dried",http://purl.obolibrary.org/obo/FOODON_03310028,lotus seed (dried),accepted,,
170150,"Seeds, sesame seeds, whole, dried",http://purl.obolibrary.org/obo/FOODON_00005256,sesame seed (dried),accepted,,
170151,"Seeds, sesame seeds, whole, roasted and toasted",http://purl.obolibrary.org/obo/FOODON_03310306,sesame seed,accepted,,
170152,"Seeds, sesame seed kernels, toasted, without salt added (decorticated)",http://purl.obolibrary.org/obo/FOODON_03310306,sesame seed,accepted,,
170153,"Seeds, sesame flour, partially defatted",http://purl.obolibrary.org/obo/FOODON_00005500,sesame flour,accepted,,
170154,"Seeds, sunflower seed kernels, toasted, without salt",http://purl.obolibrary.org/obo/FOODON_00003581,sunflower seed (whole kernel),accepted,,
170155,"Seeds, sunflower seed butter, without salt",,,none,,
170156,"Seeds, sunflower seed flour, partially defatted",http://purl.obolibrary.org/obo/FOODON_03307871,sunflower seed flour,accepted,,
170157,"Nuts, acorns, raw",http://purl.obolibrary.org/obo/FOODON_03301149,acorn (raw),accepted,,
170158,"Nuts, almonds, dry roasted, without salt added",http://purl.obolibrary.org/obo/FOODON_00003523,almond,accepted,,
170159,"Nuts, almonds, oil roasted, without salt added",http://purl.obolibrary.org/obo/FOODON_00003523,almond,accepted,,
170160,"Nuts, almond paste",http://purl.obolibrary.org/obo/FOODON_03305617,almond paste,accepted,,
170161,"Nuts, beechnuts, dried",http://purl.obolibrary.org/obo/FOODON_00005216,beechnut (dried),accepted,,
170162,"Nuts, cashew nuts, raw",http://purl.obolibrary.org/obo/FOODON_03301357,cashew nut (raw),accepted,,
170163,"Nuts, cashew butter, plain, without salt added",http://purl.obolibrary.org/obo/FOODON_03303382,cashew butter,accepted,,
170164,"Nuts, chestnuts, chinese, raw",http://purl.obolibrary.org/obo/FOODON_00004261,chinese chestnut (raw),accepted,,
170165,"Nuts, chestnuts, chinese, dried",http://purl.obolibrary.org/obo/FOODON_00005231,chinese chestnut (dried),accepted,,
170166,"Nuts, chestnuts, chinese, boiled and steamed",http://purl.obolibrary.org/obo/FOODON_00004260,chinese chestnut,accepted,,
170167,"Nuts, chestnuts, european, dried, peeled",http://purl.obolibrary.org/obo/FOODON_03301873,chestnut (dried),flagged,USDA term is outside the edible branches,review loop 2026-09-28
170168,"Nuts, chestnuts, european, boiled and steamed",http://purl.obolibrary.org/obo/FOODON_00003563,chestnut,flagged,USDA term is outside the edible branches,review loop 2026-09-28
170169,"Nuts, coconut meat, raw",http://purl.obolibrary.org/obo/FOODON_00004256,piece of coconut meat (raw),accepted,,
170170,"Nuts, coconut meat, dried (desiccated), not sweetened",http://purl.obolibrary.org/obo/FOODON_00005219,piece of coconut meat (dried),accepted,,
170171,"Nuts, coconut cream, canned, sweetened",http://purl.obolibrary.org/obo/FOODON_03304731,coconut cream (canned),accepted,,
170172,"Nuts, coconut milk, raw (liquid expressed from grated meat and water)",http://purl.obolibrary.org/obo/FOODON_00005471,coconut cream (unpasteurized),accepted,,
170173,"Nuts, coconut milk, canned (liquid expressed from grated meat and water)",http://purl.obolibrary.org/obo/FOODON_03303084,coconut milk,accepted,,
170174,"Nuts, coconut water (liquid from coconuts)",http://purl.obolibrary.org/obo/FOODON_00005449,coconut water,accepted,,
170175,"Nuts, ginkgo nuts, dried",http://purl.obolibrary.org/obo/FOODON_00005321,ginkgo nut (dried),accepted,,
170176,"Nuts, ginkgo nuts, canned",http://purl.obolibrary.org/obo/FOODON_00003397,ginkgo nut,accepted,,
170177,"Nuts, hickorynuts, dried",http://purl.obolibrary.org/obo/FOODON_00005233,hickory nut (dried),accepted,,
170178,"Nuts, macadamia nuts, raw",http://purl.obolibrary.org/obo/FOODON_03306521,macadamia nut (raw),accepted,,
170179,"Nuts, macadamia nuts, dry roasted, without salt added",http://purl.obolibrary.org/obo/FOODON_00003003,macadamia nut,accepted,,
170180,"Nuts, formulated, wheat-based, unflavored, with salt added",,,none,,
170181,"Nuts, mixed nuts, dry roasted, with peanuts, salt added, CHOSEN ROASTER",,,none,,
170182,"Nuts, pecans",http://purl.obolibrary.org/obo/FOODON_03315232,pecan nut (raw),accepted,,
170183,"Nuts, pecans, dry roasted, without salt added",http://purl.obolibrary.org/obo/FOODON_00003699,pecan,flagged,The FoodOn name names a part the USDA name does not (oil).,review loop 2026-09-28
170184,"Nuts, pistachio nuts, raw",http://purl.obolibrary.org/obo/FOODON_03301825,pistachio nut (raw),accepted,,
170185,"Nuts, pistachio nuts, dry roasted, without salt added",http://purl.obolibrary.org/obo/FOODON_00003691,pistachio nut,accepted,,
170186,"Nuts, walnuts, black, dried",http://purl.obolibrary.org/obo/FOODON_00005234,black walnut (dried),accepted,,
170187,"Nuts, walnuts, english",http://purl.obolibrary.org/obo/FOODON_03306518,"english walnut (shell on, dried)",accepted,,
170188,"Seeds, pumpkin and squash seeds, whole, roasted, without salt",,,none,,
170189,"Seeds, sesame butter, tahini, from roasted and toasted kernels (most common type)",http://purl.obolibrary.org/obo/FOODON_00004525,sesame butter,accepted,,
170190,"Nuts, chestnuts, european, roasted",http://purl.obolibrary.org/obo/FOODON_00003563,chestnut,flagged,USDA term is outside the edible branches,review loop 2026-09-28
170191,"Seeds, sesame butter, paste",http://purl.obolibrary.org/obo/FOODON_00004525,sesame butter,accepted,,
170192,"Seeds, sesame flour, high-fat",http://purl.obolibrary.org/obo/FOODON_00005500,sesame flour,accepted,,
170193,"Beef, variety meats and by-products, suet, raw",http://purl.obolibrary.org/obo/FOODON_03305826,beef suet (raw),accepted,,
170194,"Beef, variety meats and by-products, thymus, raw",http://purl.obolibrary.org/obo/FOODON_02020924,beef thymus (raw),accepted,,
170195,"Beef, variety meats and by-products, thymus, cooked, braised",http://purl.obolibrary.org/obo/FOODON_02020917,beef thymus,accepted,,
170196,"Beef, variety meats and by-products, tongue, raw",http://purl.obolibrary.org/obo/FOODON_03310938,beef tongue (raw),accepted,,
170197,"Beef, cured, breakfast strips, raw or unheated",http://purl.obolibrary.org/obo/FOODON_02000413,piece(s) of beef (raw),accepted,,
170198,"Beef, cured, breakfast strips, cooked",http://purl.obolibrary.org/obo/FOODON_02000412,piece(s) of beef,accepted,,
170199,"Beef, cured, corned beef, brisket, raw",http://purl.obolibrary.org/obo/FOODON_03304541,corned beef (raw),accepted,,
170200,"Beef, cured, corned beef, brisket, cooked",http://purl.obolibrary.org/obo/FOODON_02000189,beef brisket,accepted,,
170201,"Beef, chuck, under blade center steak, boneless, Denver Cut, separable lean only, trimmed to 0"" fat, choice, cooked, grilled",http://purl.obolibrary.org/obo/FOODON_02000065,beef denver steak,accepted,,
170202,"Beef, cured, luncheon meat, jellied",,,none,,
170203,"Beef, chuck, under blade center steak, boneless, Denver Cut, separable lean only, trimmed to 0"" fat, select, cooked, grilled",http://purl.obolibrary.org/obo/FOODON_02000065,beef denver steak,accepted,,
170204,"Beef, cured, pastrami",http://purl.obolibrary.org/obo/FOODON_00003884,pastrami,flagged,Found by hand: pastrami is not a raw chuck steak.,review loop 2026-09-28
170205,"Beef, chuck, under blade center steak, boneless, Denver Cut, separable lean only, trimmed to 0"" fat, all grades, raw",http://purl.obolibrary.org/obo/FOODON_02000066,beef denver steak (raw),accepted,,
170206,"Beef, composite of trimmed retail cuts, separable lean and fat, trimmed to 0"" fat, choice, cooked",http://purl.obolibrary.org/obo/FOODON_00004478,beef retail cut,accepted,,
170207,"Beef, composite of trimmed retail cuts, separable lean and fat, trimmed to 0"" fat, select, cooked",http://purl.obolibrary.org/obo/FOODON_00004478,beef retail cut,accepted,,
170208,"Beef, composite of trimmed retail cuts, separable lean only, trimmed to 0"" fat, all grades, cooked",http://purl.obolibrary.org/obo/FOODON_00004478,beef retail cut,accepted,,
170209,"Beef, composite of trimmed retail cuts, separable lean only, trimmed to 0"" fat, choice, cooked",http://purl.obolibrary.org/obo/FOODON_00004478,beef retail cut,accepted,,
170210,"Beef, brisket, flat half, separable lean only, trimmed to 0"" fat, all grades, cooked, braised",http://purl.obolibrary.org/obo/FOODON_02000191,beef brisket flat half,accepted,,
170211,"Beef, brisket, point half, separable lean and fat, trimmed to 0"" fat, all grades, cooked, braised",http://purl.obolibrary.org/obo/FOODON_02000195,beef brisket point half,accepted,,
170212,"Beef, brisket, point half, separable lean only, trimmed to 0"" fat, all grades, cooked, braised",http://purl.obolibrary.org/obo/FOODON_02000195,beef brisket point half,accepted,,
170213,"Beef, chuck, arm pot roast, separable lean and fat, trimmed to 0"" fat, all grades, cooked, braised",http://purl.obolibrary.org/obo/FOODON_02000111,beef chuck arm roast,accepted,,
170214,"Beef, chuck, under blade pot roast, boneless, separable lean and fat, trimmed to 0"" fat, select, cooked, braised",http://purl.obolibrary.org/obo/FOODON_02000101,beef blade chuck roast,accepted,,
170215,"Beef, chuck, blade roast, separable lean only, trimmed to 0"" fat, all grades, cooked, braised",http://purl.obolibrary.org/obo/FOODON_02000101,beef blade chuck roast,accepted,,
170216,"Beef, chuck, under blade pot roast, boneless, separable lean only, trimmed to 0"" fat, choice, cooked, braised",http://purl.obolibrary.org/obo/FOODON_02000101,beef blade chuck roast,accepted,,
170217,"Beef, chuck, under blade pot roast, boneless, separable lean only, trimmed to 0"" fat, select, cooked, braised",http://purl.obolibrary.org/obo/FOODON_02000101,beef blade chuck roast,accepted,,
170218,"Beef, rib, large end (ribs 6-9), separable lean only, trimmed to 0"" fat, select, cooked, roasted",http://purl.obolibrary.org/obo/FOODON_02000231,beef large end rib roast,accepted,,
170219,"Beef, rib, small end (ribs 10-12), separable lean and fat, trimmed to 0"" fat, all grades, cooked, broiled",http://purl.obolibrary.org/obo/FOODON_02000229,beef small end rib roast,accepted,,
170220,"Beef, rib, small end (ribs 10-12), separable lean and fat, trimmed to 0"" fat, choice, cooked, broiled",http://purl.obolibrary.org/obo/FOODON_02000229,beef small end rib roast,accepted,,
170221,"Beef, rib, small end (ribs 10-12), separable lean and fat, trimmed to 0"" fat, select, cooked, broiled",http://purl.obolibrary.org/obo/FOODON_02000229,beef small end rib roast,accepted,,
170222,"Beef, round, bottom round, roast, separable lean and fat, trimmed to 0"" fat, all grades, cooked, roasted",http://purl.obolibrary.org/obo/FOODON_02000008,beef bottom round roast,accepted,,
170223,"Beef, round, bottom round, steak, separable lean and fat, trimmed to 0"" fat, choice, cooked, braised",http://purl.obolibrary.org/obo/FOODON_02000004,beef bottom round steak,accepted,,
170224,"Beef, round, bottom round, roast, separable lean and fat, trimmed to 0"" fat, choice, cooked, roasted",http://purl.obolibrary.org/obo/FOODON_02000008,beef bottom round roast,accepted,,
170225,"Beef, round, bottom round, steak, separable lean and fat, trimmed to 0"" fat, select, cooked, braised",http://purl.obolibrary.org/obo/FOODON_02000004,beef bottom round steak,accepted,,
170226,"Beef, round, bottom round, steak, separable lean only, trimmed to 0"" fat, select, cooked, braised",http://purl.obolibrary.org/obo/FOODON_02000004,beef bottom round steak,accepted,,
170227,"Beef, round, bottom round roast, separable lean only, trimmed to 0"" fat, select, cooked, roasted",http://purl.obolibrary.org/obo/FOODON_02000008,beef bottom round roast,accepted,,
170228,"Beef, round, eye of round roast, boneless, separable lean and fat, trimmed to 0"" fat, all grades, cooked, roasted",http://purl.obolibrary.org/obo/FOODON_02000041,beef eye of round roast,accepted,,
170229,"Beef, round, eye of round roast, boneless, separable lean and fat, trimmed to 0"" fat, choice, cooked, roasted",http://purl.obolibrary.org/obo/FOODON_02000041,beef eye of round roast,accepted,,
170230,"Beef, round, tip round, roast, separable lean and fat, trimmed to 0"" fat, all grades, cooked, roasted",http://purl.obolibrary.org/obo/FOODON_02000027,beef sirloin tip roast,accepted,,
170231,"Beef, round, tip round, roast, separable lean and fat, trimmed to 0"" fat, choice, cooked, roasted",http://purl.obolibrary.org/obo/FOODON_02000027,beef sirloin tip roast,accepted,,
170232,"Beef, round, tip round, roast, separable lean and fat, trimmed to 0"" fat, select, cooked, roasted",http://purl.obolibrary.org/obo/FOODON_02000027,beef sirloin tip roast,accepted,,
170233,"Beef, round, tip round, roast, separable lean only, trimmed to 0"" fat, all grades, cooked, roasted",http://purl.obolibrary.org/obo/FOODON_02000027,beef sirloin tip roast,accepted,,
170234,"Beef, round, top round, separable lean and fat, trimmed to 0"" fat, select, cooked, braised",http://purl.obolibrary.org/obo/FOODON_02000012,beef top round,accepted,,
170235,"Beef, round, top round, separable lean only, trimmed to 0"" fat, choice, cooked, braised",http://purl.obolibrary.org/obo/FOODON_02000012,beef top round,accepted,,
170236,"Beef, round, top round, separable lean only, trimmed to 0"" fat, select, cooked, braised",http://purl.obolibrary.org/obo/FOODON_02000012,beef top round,accepted,,
170237,"Beef, loin, tenderloin steak, boneless, separable lean and fat, trimmed to 0"" fat, all grades, cooked, grilled",http://purl.obolibrary.org/obo/FOODON_02000143,beef tenderloin steak,accepted,,
170238,"Beef, loin, tenderloin steak, boneless, separable lean and fat, trimmed to 0"" fat, choice, cooked, grilled",http://purl.obolibrary.org/obo/FOODON_02000143,beef tenderloin steak,accepted,,
170239,"Beef, loin, top loin steak, boneless, lip off, separable lean and fat, trimmed to 0"" fat, all grades, cooked, grilled",http://purl.obolibrary.org/obo/FOODON_02000127,beef strip steak (boneless),accepted,,
170240,"Beef, loin, top loin steak, boneless, lip off, separable lean and fat, trimmed to 0"" fat, choice, cooked, grilled",http://purl.obolibrary.org/obo/FOODON_02000127,beef strip steak (boneless),accepted,,
170241,"Puddings, banana, dry mix, regular, with added oil",,,none,,
170242,"Puddings, lemon, dry mix, regular, with added oil, potassium, sodium",,,none,,
170243,"Puddings, tapioca, dry mix, with no added salt",,,none,,
170244,"Snacks, corn-based, extruded, puffs or twists, cheese-flavor, unenriched",,,none,,
170245,"Snacks, corn-based, extruded, chips, barbecue-flavor, made with enriched masa flour",,,none,,
170246,"Snacks, popcorn, air-popped (Unsalted)",,,none,,
170247,"Snacks, popcorn, oil-popped, white popcorn, salt added",,,none,,
170248,"Snacks, potato chips, plain, made with partially hydrogenated soybean oil, salted",,,none,,
170249,"Snacks, pretzels, hard, plain, made with enriched flour, unsalted",,,none,,
170250,"Snacks, rice cakes, brown rice, plain, unsalted",,,none,,
170251,"Snacks, rice cakes, brown rice, buckwheat, unsalted",,,none,,
170252,"Snacks, rice cakes, brown rice, multigrain, unsalted",,,none,,
170253,"Potato chips, without salt, reduced fat",,,none,,
170254,"Snacks, tortilla chips, low fat, unsalted",,,none,,
170255,"Frozen novelties, juice type, POPSICLE SCRIBBLERS",,,none,,
170256,"Snacks, tortilla chips, nacho-flavor, made with enriched masa flour",,,none,,
170257,"Sweeteners, tabletop, sucralose, SPLENDA packets",,,none,,
170258,"Frozen novelties, No Sugar Added, FUDGSICLE pops",,,none,,
170259,"Frozen novelties, ice type, sugar free, orange, cherry, and grape POPSICLE pops",,,none,,
170260,"Frozen novelties, KLONDIKE, SLIM-A-BEAR Fudge Bar, 98% fat free, no sugar added",,,none,,
170261,"Ice creams, BREYERS, All Natural Light Vanilla",,,none,,
170262,"Ice creams, BREYERS, No Sugar Added, Butter Pecan",,,none,,
170263,"Ice creams, BREYERS, No Sugar Added, French Vanilla",,,none,,
170264,"Ice creams, BREYERS, No Sugar Added, Vanilla",,,none,,
170265,"Ice creams, BREYERS, No Sugar Added, Vanilla Fudge Twirl",,,none,,
170266,"Frozen novelties, No Sugar Added CREAMSICLE Pops",,,none,,
170267,"Frozen novelties, Sugar Free, CREAMSICLE Pops",,,none,,
170268,"Ice creams, BREYERS, All Natural Light French Chocolate",,,none,,
170269,"Ice creams, BREYERS, 98% Fat Free Chocolate",,,none,,
170270,"Ice creams, regular, low carbohydrate, chocolate",,,none,,
170271,"Chocolate, dark, 45- 59% cacao solids",http://purl.obolibrary.org/obo/FOODON_03303588,dark chocolate,added,FoodOn names it through a safe un-inverted form,review loop 2026-09-28
170272,"Chocolate, dark, 60-69% cacao solids",http://purl.obolibrary.org/obo/FOODON_03303588,dark chocolate,added,FoodOn names it through a safe un-inverted form,review loop 2026-09-28
170273,"Chocolate, dark, 70-85% cacao solids",http://purl.obolibrary.org/obo/FOODON_03303588,dark chocolate,added,FoodOn names it through a safe un-inverted form,review loop 2026-09-28
170274,"Candies, chocolate, dark, NFS (45-59% cacao solids 90%; 60-69% cacao solids 5%; 70-85% cacao solids 5%)",,,none,,
170275,"Candies, crispy bar with peanut butter filling",,,none,,
170276,"Syrup, maple, Canadian",http://purl.obolibrary.org/obo/FOODON_03301848,maple syrup,added,FoodOn names it through a safe un-inverted form,review loop 2026-09-28
170277,"Sweetener, syrup, agave",,,none,,
170278,"Candies, NESTLE, BUTTERFINGER Crisp",,,none,,
170279,"Candies, fruit snacks, with high vitamin C",,,none,,
170280,"Jams, preserves, marmalades, sweetened with fruit juice",,,none,,
170281,"Candies, Tamarind",,,none,,
170282,"Candies, coconut bar, not chocolate covered",,,none,,
170283,"Barley, hulled",http://purl.obolibrary.org/obo/FOODON_00004263,barley (hulled),accepted,,
170284,"Barley, pearled, raw",http://purl.obolibrary.org/obo/FOODON_03306062,"barley (pearled, uncooked)",accepted,,
170285,"Barley, pearled, cooked",http://purl.obolibrary.org/obo/FOODON_03316406,barley (pearled),accepted,,
170286,Buckwheat,http://purl.obolibrary.org/obo/FOODON_00004234,buckwheat seed (dried),flagged,The FoodOn name names a part the USDA name does not (seed).,review loop 2026-09-28
170287,"Bulgur, cooked",http://purl.obolibrary.org/obo/FOODON_00003143,bulgur,accepted,,
170288,"Corn grain, yellow",http://purl.obolibrary.org/obo/FOODON_00003781,yellow dent corn kernel,flagged,The FoodOn name names a part the USDA name does not (kernel).,review loop 2026-09-28
170289,"Corn bran, crude",http://purl.obolibrary.org/obo/FOODON_03310559,corn bran (raw),accepted,,
170290,"Corn flour, whole-grain, yellow",http://purl.obolibrary.org/obo/FOODON_03306290,yellow corn flour,accepted,,
170291,"Fast foods, nachos, with cheese",,,none,,
170292,"Fast foods, nachos, with cheese, beans, ground beef, and tomatoes",,,none,,
170293,"Fast foods, cheeseburger, double, regular patty and bun, with condiments",,,none,,
170294,"Fast foods, cheeseburger; single, large patty; plain",,,none,,
170295,"Fast foods, chicken fillet sandwich, plain with pickles",,,none,,
170296,"Fast foods, fish sandwich, with tartar sauce",,,none,,
170297,"Fast foods, fish sandwich, with tartar sauce and cheese",,,none,,
170298,"Fast foods, submarine sandwich, roast beef on white bread with lettuce and tomato",,,none,,
170299,"Fast foods, submarine sandwich, tuna on white bread with lettuce and tomato",,,none,,
170300,"Fast foods, coleslaw",,,none,,
170301,"Fast foods, hush puppies",,,none,,
170302,"Fast food, biscuit",,,none,,
170303,"CHICK-FIL-A, Chick-n-Strips",,,none,,
170304,"CHICK-FIL-A, hash browns",,,none,,
170305,"School Lunch, pizza, BIG DADDY'S LS 16"" 51% Whole Grain Rolled Edge Cheese Pizza, frozen",,,none,,
170306,"Fast foods, submarine sandwich, sweet onion chicken teriyaki on white bread with lettuce, tomato and sweet onion sauce",,,none,,
170307,"SUBWAY, SUBWAY CLUB sub on white bread with lettuce and tomato",,,none,,
170308,"Fast foods, submarine sandwich, turkey, roast beef and ham on white bread with lettuce and tomato",,,none,,
170309,"Fast foods, submarine sandwich, oven roasted chicken on white bread with lettuce and tomato",,,none,,
170310,"SUBWAY, steak & cheese sub on white bread with American cheese, lettuce and tomato",,,none,,
170311,"Fast foods, submarine sandwich, steak and cheese on white bread with cheese, lettuce and tomato",,,none,,
170312,"SUBWAY, B.L.T. sub on white bread with bacon, lettuce and tomato",,,none,,
170313,"Fast foods, submarine sandwich, bacon, lettuce, and tomato on white bread",,,none,,
170314,"SUBWAY, oven roasted chicken sub on white bread with lettuce and tomato",,,none,,
170315,"SUBWAY, cold cut sub on white bread with lettuce and tomato",,,none,,
170316,"SUBWAY, tuna sub on white bread with lettuce and tomato",,,none,,
170317,"Pizza, cheese topping, regular crust, frozen, cooked",,,none,,
170318,"Fast Foods, crispy chicken filet sandwich, with lettuce and mayonnaise",,,none,,
170319,"McDONALD'S, FILET-O-FISH",,,none,,
170320,"McDONALD'S, Cheeseburger",,,none,,
170321,"McDONALD'S, QUARTER POUNDER",,,none,,
170322,"WENDY'S, CLASSIC SINGLE Hamburger, with cheese",,,none,,
170323,"WENDY'S, Jr. Hamburger, without cheese",,,none,,
170324,"WENDY'S, Jr. Hamburger, with cheese",,,none,,
170325,"WENDY'S, CLASSIC DOUBLE, with cheese",,,none,,
170326,"WENDY'S, Frosty Dairy Dessert",,,none,,
170327,"BURGER KING, french fries",,,none,,
170328,"BURGER KING, Hamburger",,,none,,
170329,"BURGER KING, Cheeseburger",,,none,,
170330,"BURGER KING, Premium Fish Sandwich",,,none,,
170331,"BURGER KING, Original Chicken Sandwich",,,none,,
170332,"TACO BELL, Original Taco with beef, cheese and lettuce",,,none,,
170333,"TACO BELL, Soft Taco with beef, cheese and lettuce",,,none,,
170334,"TACO BELL, BURRITO SUPREME with chicken",,,none,,
170335,"TACO BELL, BURRITO SUPREME with steak",,,none,,
170336,"TACO BELL, Nachos",,,none,,
170337,"TACO BELL, Nachos Supreme",,,none,,
170338,"POPEYES, Spicy Chicken Strips, analyzed 2006",,,none,,
170339,"KFC, biscuit",,,none,,
170340,"KFC, Coleslaw",,,none,,
170341,"KFC, Crispy Chicken Strips",,,none,,
170342,"KFC, Fried Chicken, ORIGINAL RECIPE, Wing, meat only, skin and breading removed",,,none,,
170343,"KFC, Fried Chicken, EXTRA CRISPY, Skin and Breading",,,none,,
170344,"KFC, Fried Chicken, EXTRA CRISPY, Breast, meat only, skin and breading removed",,,none,,
170345,"KFC, Fried Chicken, EXTRA CRISPY, Drumstick, meat only, skin and breading removed",,,none,,
170346,"KFC, Fried Chicken, ORIGINAL RECIPE, Thigh, meat and skin with breading",,,none,,
170347,"KFC, Fried Chicken, ORIGINAL RECIPE, Wing, meat and skin with breading",,,none,,
170348,"KFC, Fried Chicken, EXTRA CRISPY, Breast, meat and skin with breading",,,none,,
170349,"KFC, Fried Chicken, EXTRA CRISPY, Drumstick, meat and skin with breading",,,none,,
170350,"POPEYES, Fried Chicken, Mild, Skin and Breading",,,none,,
170351,"POPEYES, Fried Chicken, Mild, Thigh, meat only, skin and breading removed",,,none,,
170352,"POPEYES, Fried Chicken, Mild, Wing, meat only, skin and breading removed",,,none,,
170353,"POPEYES, Fried Chicken, Mild, Breast, meat and skin with breading",,,none,,
170354,"POPEYES, Fried Chicken, Mild, Drumstick, meat and skin with breading",,,none,,
170355,"Yogurt parfait, lowfat, with fruit and granola",,,none,,
170356,"Fast Foods, Fried Chicken, Breast, meat only, skin and breading removed",,,none,,
170357,"Fast Foods, Fried Chicken, Drumstick, meat only, skin and breading removed",,,none,,
170358,"Fast Foods, Fried Chicken, Thigh, meat only, skin and breading removed",,,none,,
170359,"Fast Foods, Fried Chicken, Thigh, meat and skin and breading",,,none,,
170360,"Fast Foods, Fried Chicken, Wing, meat and skin and breading",,,none,,
170361,"DIGIORNO Pizza, cheese topping, cheese stuffed crust, frozen, baked",,,none,,
170362,"DIGIORNO Pizza, cheese topping, rising crust, frozen, baked",,,none,,
170363,"DIGIORNO Pizza, supreme topping, rising crust, frozen, baked",,,none,,
170364,"DIGIORNO Pizza, supreme topping, thin crispy crust, frozen, baked",,,none,,
170365,"Fast Food, Pizza Chain, 14"" pizza, sausage topping, thick crust",,,none,,
170366,"Fast Food, Pizza Chain, 14"" pizza, sausage topping, thin crust",,,none,,
170367,"Fast Food, Pizza Chain, 14"" pizza, sausage topping, regular crust",,,none,,
170368,"Fast Foods, grilled chicken filet sandwich, with lettuce, tomato and spread",,,none,,
170369,"PIZZA HUT 14"" Pepperoni Pizza, THIN 'N CRISPY Crust",,,none,,
170370,"DOMINO'S 14"" Pepperoni Pizza, Crunchy Thin Crust",,,none,,
170371,"DOMINO'S 14"" Sausage Pizza, Crunchy Thin Crust",,,none,,
170372,"PIZZA HUT 14"" Sausage Pizza, Pan Crust",,,none,,
170373,"Pizza, cheese topping, thin crust, frozen, cooked",,,none,,
170374,"BURGER KING, Double Cheeseburger",,,none,,
170375,"Beet greens, raw",http://purl.obolibrary.org/obo/FOODON_03000007,beet greens bunch,accepted,,
170376,"Beet greens, cooked, boiled, drained, without salt",http://purl.obolibrary.org/obo/FOODON_00003633,beet leaf,flagged,The FoodOn name lacks the USDA food's main word (green). The FoodOn name names a part the USDA name does not (leaf).,review loop 2026-09-28
170377,"Broadbeans, immature seeds, raw",http://purl.obolibrary.org/obo/FOODON_00005295,"broad bean (raw, immature)",accepted,,
170378,"Broadbeans, immature seeds, cooked, boiled, drained, without salt",http://purl.obolibrary.org/obo/FOODON_00005294,broad bean (immature),accepted,,
170379,"Broccoli, raw",http://purl.obolibrary.org/obo/FOODON_03301713,broccoli floret (raw),accepted,,
170380,"Broccoli, frozen, spears, cooked, boiled, drained, without salt",http://purl.obolibrary.org/obo/FOODON_03301384,piece(s) of broccoli (frozen),accepted,,
170381,"Broccoli raab, raw",http://purl.obolibrary.org/obo/FOODON_03000054,rapini leaf (raw),flagged,USDA term shares no content word with the USDA name,review loop 2026-09-28
170382,"Broccoli raab, cooked",http://purl.obolibrary.org/obo/FOODON_03000053,rapini leaf,flagged,USDA term shares no content word with the USDA name,review loop 2026-09-28
170383,"Brussels sprouts, raw",http://purl.obolibrary.org/obo/FOODON_03301714,brussels sprout (raw),accepted,,
170384,"Burdock root, cooked, boiled, drained, without salt",http://purl.obolibrary.org/obo/FOODON_00005350,burdock root,accepted,,
170385,"Butterbur, (fuki), raw",http://purl.obolibrary.org/obo/FOODON_03317621,butterbur stem,flagged,The FoodOn name names a part the USDA name does not (stem).,review loop 2026-09-28
170386,"Butterbur, cooked, boiled, drained, without salt",http://purl.obolibrary.org/obo/FOODON_03317621,butterbur stem,flagged,The FoodOn name names a part the USDA name does not (stem).,review loop 2026-09-28
170387,"Butterbur, canned",http://purl.obolibrary.org/obo/FOODON_03317621,butterbur stem,flagged,The FoodOn name names a part the USDA name does not (stem).,review loop 2026-09-28
170388,"Cabbage, savoy, raw",http://purl.obolibrary.org/obo/FOODON_00003031,savoy cabbage head (raw),accepted,,
170389,"Cabbage, savoy, cooked, boiled, drained, without salt",http://purl.obolibrary.org/obo/FOODON_00003684,savoy cabbage head,accepted,,
170390,"Cabbage, chinese (pak-choi), raw",http://purl.obolibrary.org/obo/FOODON_00003896,bok choy rosette,flagged,USDA term shares no content word with the USDA name,review loop 2026-09-28
170391,"Cabbage, chinese (pak-choi), cooked, boiled, drained, without salt",http://purl.obolibrary.org/obo/FOODON_00003895,bok choy leaf,flagged,USDA term shares no content word with the USDA name,review loop 2026-09-28
170392,"Cabbage, kimchi",,,none,,
170393,"Carrots, raw",http://purl.obolibrary.org/obo/FOODON_03301570,carrot root (raw),accepted,,
170394,"Carrots, cooked, boiled, drained, without salt",http://purl.obolibrary.org/obo/FOODON_00003408,carrot root,accepted,,
170395,"Carrots, canned, regular pack, solids and liquids",http://purl.obolibrary.org/obo/FOODON_03305519,"carrot pieces (peeled, canned)",accepted,,
170396,"Carrots, canned, regular pack, drained solids",http://purl.obolibrary.org/obo/FOODON_03305519,"carrot pieces (peeled, canned)",accepted,,
170397,"Cauliflower, cooked, boiled, drained, without salt",http://purl.obolibrary.org/obo/FOODON_00003410,cauliflower floret,accepted,,
170398,"Cauliflower, frozen, unprepared",http://purl.obolibrary.org/obo/FOODON_03305392,cauliflower (frozen),accepted,,
170399,"Cauliflower, frozen, cooked, boiled, drained, without salt",http://purl.obolibrary.org/obo/FOODON_03305392,cauliflower (frozen),accepted,,
170400,"Celeriac, raw",http://purl.obolibrary.org/obo/FOODON_00004131,celeriac root (raw),flagged,The FoodOn name names a part the USDA name does not (root).,review loop 2026-09-28
170401,"Chard, swiss, cooked, boiled, drained, without salt",http://purl.obolibrary.org/obo/FOODON_00003631,swiss chard leaf,flagged,The FoodOn name names a part the USDA name does not (leaf).,review loop 2026-09-28
170402,"Chayote, fruit, raw",http://purl.obolibrary.org/obo/FOODON_03311502,chayote (raw),accepted,,
170403,"Chayote, fruit, cooked, boiled, drained, without salt",http://purl.obolibrary.org/obo/FOODON_00003653,chayote,accepted,,
170404,"Chicory, witloof, raw",http://purl.obolibrary.org/obo/FOODON_03302727,chicory head (raw),accepted,,
170405,"Chrysanthemum, garland, cooked, boiled, drained, without salt",http://purl.obolibrary.org/obo/FOODON_00005325,chrysanthemum leaf,flagged,The FoodOn name names a part the USDA name does not (leaf).,review loop 2026-09-28
170406,"Collards, raw",http://purl.obolibrary.org/obo/FOODON_00003503,collard greens bunch,accepted,,
170407,"Collards, cooked, boiled, drained, without salt",http://purl.obolibrary.org/obo/FOODON_00003500,collard leaf,flagged,The FoodOn name names a part the USDA name does not (leaf).,review loop 2026-09-28
170408,"Collards, frozen, chopped, unprepared",http://purl.obolibrary.org/obo/FOODON_03310954,collard greens (frozen),accepted,,
170409,"Corn, sweet, yellow, canned, brine pack, regular pack, solids and liquids",http://purl.obolibrary.org/obo/FOODON_03301386,sweet corn (canned),accepted,,
170410,"Onions, frozen, chopped, unprepared",http://purl.obolibrary.org/obo/FOODON_00005335,piece(s) of onion,accepted,,
170411,"Onions, frozen, chopped, cooked, boiled, drained, without salt",http://purl.obolibrary.org/obo/FOODON_00005335,piece(s) of onion,accepted,,
170412,"Onions, frozen, whole, unprepared",http://purl.obolibrary.org/obo/FOODON_03316347,onion,accepted,,
170413,"Onions, frozen, whole, cooked, boiled, drained, without salt",http://purl.obolibrary.org/obo/FOODON_03316347,onion,accepted,,
170414,"Onion rings, breaded, par fried, frozen, unprepared",,,none,,
170415,"Onion rings, breaded, par fried, frozen, prepared, heated in oven",,,none,,
170416,"Parsley, fresh",http://purl.obolibrary.org/obo/FOODON_00002942,parsley leaf,flagged,The FoodOn name names a part the USDA name does not (leaf).,review loop 2026-09-28
170417,"Parsnips, raw",http://purl.obolibrary.org/obo/FOODON_03307242,parsnip (raw),accepted,,
170418,"Peas, edible-podded, frozen, cooked, boiled, drained, without salt",http://purl.obolibrary.org/obo/FOODON_03000117,edible pea pod,flagged,"Found by hand: snow peas are the whole pod, not shelled peas.",review loop 2026-09-28
170419,"Peas, green, raw",http://purl.obolibrary.org/obo/FOODON_03000022,green pea (raw),accepted,,
170420,"Peas, green, cooked, boiled, drained, without salt",http://purl.obolibrary.org/obo/FOODON_03311255,green pea (cooked),accepted,,
170421,"Peas, green, canned, regular pack, solids and liquids",http://purl.obolibrary.org/obo/FOODON_03316665,green pea (canned),accepted,,
170422,"Peas, mature seeds, sprouted, raw",http://purl.obolibrary.org/obo/FOODON_00005336,pea (raw),accepted,,
170423,"Peas, mature seeds, sprouted, cooked, boiled, drained, without salt",http://purl.obolibrary.org/obo/FOODON_00005255,pea (mature),accepted,,
170424,"Peas and carrots, canned, regular pack, solids and liquids",,,none,,
170425,"Peas and carrots, frozen, unprepared",,,none,,
170426,"Peppers, hot chili, green, canned, pods, excluding seeds, solids and liquids",http://purl.obolibrary.org/obo/FOODON_00003744,chili pepper,accepted,,
170427,"Peppers, sweet, green, raw",http://purl.obolibrary.org/obo/FOODON_03306726,sweet green bell pepper (raw),accepted,,
170428,"Peppers, sweet, green, cooked, boiled, drained, without salt",http://purl.obolibrary.org/obo/FOODON_00003547,sweet green bell pepper,accepted,,
170429,"Peppers, sweet, green, canned, solids and liquids",http://purl.obolibrary.org/obo/FOODON_00003547,sweet green bell pepper,accepted,,
170430,"Pigeonpeas, immature seeds, cooked, boiled, drained, without salt",http://purl.obolibrary.org/obo/FOODON_00005298,pigeon pea (immature),accepted,,
170431,Poi,http://purl.obolibrary.org/obo/FOODON_03307023,poi,accepted,,
170432,"Pokeberry shoots, (poke), raw",http://purl.obolibrary.org/obo/FOODON_00004562,pokeberry shoot (raw),accepted,,
170433,"Pokeberry shoots, (poke), cooked, boiled, drained, without salt",http://purl.obolibrary.org/obo/FOODON_00004561,pokeberry shoot,accepted,,
170434,"Potatoes, white, flesh and skin, baked",http://purl.obolibrary.org/obo/FOODON_00003559,white potato,accepted,,
170435,"Potatoes, red, flesh and skin, baked",http://purl.obolibrary.org/obo/FOODON_00003769,red potato,accepted,,
170436,"Potatoes, french fried, crinkle or regular cut, salt added in processing, frozen, as purchased",http://purl.obolibrary.org/obo/FOODON_03301959,potato (french-fried),accepted,,
170437,"Potatoes, french fried, crinkle or regular cut, salt added in processing, frozen, oven-heated",http://purl.obolibrary.org/obo/FOODON_03301959,potato (french-fried),accepted,,
170438,"Potatoes, boiled, cooked in skin, flesh, without salt",http://purl.obolibrary.org/obo/FOODON_03306100,potato (cooked),accepted,,
170439,"Potatoes, boiled, cooked in skin, skin, without salt",http://purl.obolibrary.org/obo/FOODON_03306100,potato (cooked),accepted,,
170440,"Potatoes, boiled, cooked without skin, flesh, without salt",http://purl.obolibrary.org/obo/FOODON_03306100,potato (cooked),accepted,,
170441,"Potatoes, microwaved, cooked in skin, flesh, without salt",http://purl.obolibrary.org/obo/FOODON_03306100,potato (cooked),accepted,,
170442,"Potatoes, au gratin, home-prepared from recipe using butter",http://purl.obolibrary.org/obo/FOODON_03311532,potatoes gratiné (dish),added,FoodOn names it through a safe un-inverted form,review loop 2026-09-28
170443,"Potatoes, canned, solids and liquids",http://purl.obolibrary.org/obo/FOODON_03301885,potato (canned),accepted,,
170444,"Potatoes, canned, drained solids",http://purl.obolibrary.org/obo/FOODON_03301885,potato (canned),accepted,,
170445,"Potatoes, mashed, dehydrated, flakes without milk, dry form",http://purl.obolibrary.org/obo/FOODON_03306850,potato flakes (dehydrated),accepted,,
170446,"Potatoes, mashed, dehydrated, prepared from flakes without milk, whole milk and butter added",,,none,,
170447,"Potatoes, au gratin, dry mix, unprepared",http://purl.obolibrary.org/obo/FOODON_03311532,potatoes gratiné (dish),added,FoodOn names it through a safe un-inverted form,review loop 2026-09-28
170448,"Potatoes, au gratin, dry mix, prepared with water, whole milk and butter",http://purl.obolibrary.org/obo/FOODON_03311532,potatoes gratiné (dish),added,FoodOn names it through a safe un-inverted form,review loop 2026-09-28
170449,"Potatoes, scalloped, dry mix, unprepared",http://purl.obolibrary.org/obo/FOODON_03311532,potatoes gratiné (dish),added,FoodOn names it through a safe un-inverted form,review loop 2026-09-28
170450,"Potatoes, scalloped, dry mix, prepared with water, whole milk and butter",http://purl.obolibrary.org/obo/FOODON_03311532,potatoes gratiné (dish),added,FoodOn names it through a safe un-inverted form,review loop 2026-09-28
170451,"Potatoes, french fried, shoestring, salt added in processing, frozen, as purchased",http://purl.obolibrary.org/obo/FOODON_03301959,potato (french-fried),accepted,,
170452,"Potatoes, french fried, shoestring, salt added in processing, frozen, oven-heated",http://purl.obolibrary.org/obo/FOODON_03301959,potato (french-fried),accepted,,
170453,"Potatoes, o'brien, frozen, unprepared",,,none,,
170454,"Potatoes, o'brien, frozen, prepared",,,none,,
170455,"Taro, tahitian, cooked, without salt",http://purl.obolibrary.org/obo/FOODON_03000146,tahitian taro leaf,flagged,The FoodOn name names a part the USDA name does not (leaf).,review loop 2026-09-28
170456,"Tomatoes, green, raw",http://purl.obolibrary.org/obo/FOODON_03309573,green tomato (raw),accepted,,
170457,"Tomatoes, red, ripe, raw, year round average",http://purl.obolibrary.org/obo/FOODON_03309927,tomato (raw),accepted,,
170458,"Tomato juice, canned, with salt added",http://purl.obolibrary.org/obo/FOODON_03301678,tomato juice (canned),accepted,,
170459,"Tomato products, canned, paste, without salt added (Includes foods for USDA's Food Distribution Program)",http://purl.obolibrary.org/obo/FOODON_03301452,tomato (canned),accepted,,
170460,"Tomato products, canned, puree, without salt added",http://purl.obolibrary.org/obo/FOODON_03301452,tomato (canned),accepted,,
170461,Tomato powder,http://purl.obolibrary.org/obo/FOODON_03301459,tomato powder,accepted,,
170462,"Tomato products, canned, sauce, with onions, green peppers, and celery",,,none,,
170463,"Tomato products, canned, sauce, with tomato tidbits",,,none,,
170464,"Tree fern, cooked, without salt",,,flagged,The FoodOn name names a part the USDA name does not (leaf).,review loop 2026-09-28
170465,"Turnips, raw",http://purl.obolibrary.org/obo/FOODON_03307633,turnip (raw),accepted,,
170466,"Turnip greens, cooked, boiled, drained, without salt",http://purl.obolibrary.org/obo/FOODON_00003533,turnip leaf,flagged,The FoodOn name lacks the USDA food's main word (green). The FoodOn name names a part the USDA name does not (leaf).,review loop 2026-09-28
170467,"Turnip greens, canned, solids and liquids",http://purl.obolibrary.org/obo/FOODON_03310947,turnip greens (canned),accepted,,
170468,"Turnip greens, frozen, unprepared",http://purl.obolibrary.org/obo/FOODON_03310956,turnip greens (frozen),accepted,,
170469,"Turnip greens, frozen, cooked, boiled, drained, without salt",http://purl.obolibrary.org/obo/FOODON_03310956,turnip greens (frozen),accepted,,
170470,"Turnip greens and turnips, frozen, unprepared",,,none,,
170471,"Vegetables, mixed, frozen, unprepared",http://purl.obolibrary.org/obo/FOODON_03310847,mixed vegetables (frozen),added,FoodOn names it through a safe un-inverted form,review loop 2026-09-28
170472,"Vegetables, mixed, frozen, cooked, boiled, drained, without salt",http://purl.obolibrary.org/obo/FOODON_00002683,mixed vegetables,added,FoodOn names it through a safe un-inverted form,review loop 2026-09-28
170473,"Vegetable juice cocktail, low sodium, canned",,,none,,
170474,"Vinespinach, (basella), raw",http://purl.obolibrary.org/obo/FOODON_03000154,malabar spinach leaf (raw),flagged,USDA term shares no content word with the USDA name,review loop 2026-09-28
170475,"Waxgourd, (chinese preserving melon), cooked, boiled, drained, without salt",,,flagged,USDA term is outside the edible branches,review loop 2026-09-28
170476,"Winged beans, immature seeds, raw",http://purl.obolibrary.org/obo/FOODON_03000163,"winged bean (raw, immature)",accepted,,
170477,"Winged beans, immature seeds, cooked, boiled, drained, without salt",http://purl.obolibrary.org/obo/FOODON_00005297,winged bean (immature),accepted,,
170478,"Winged bean leaves, raw",http://purl.obolibrary.org/obo/FOODON_00004390,winged bean leaf,accepted,,
170479,"Beets, harvard, canned, solids and liquids",http://purl.obolibrary.org/obo/FOODON_03301380,beet (canned),accepted,,
170480,"Beets, pickled, canned, solids and liquids",http://purl.obolibrary.org/obo/FOODON_03301395,"beet (pickled, canned)",accepted,,
170481,"Borage, raw",http://purl.obolibrary.org/obo/FOODON_03000064,borage leaf (raw),flagged,The FoodOn name names a part the USDA name does not (flower).,review loop 2026-09-28
170482,"Borage, cooked, boiled, drained, without salt",http://purl.obolibrary.org/obo/FOODON_03000063,borage leaf,flagged,"Found by hand: cooked borage is the leaves, not the flower.",review loop 2026-09-28
170483,"Drumstick pods, raw",http://purl.obolibrary.org/obo/FOODON_00004369,moringa pod (raw),flagged,The FoodOn name lacks the USDA food's main word (drumstick).,review loop 2026-09-28
170484,"Drumstick pods, cooked, boiled, drained, without salt",http://purl.obolibrary.org/obo/FOODON_00004575,moringa pod,flagged,The FoodOn name lacks the USDA food's main word (drumstick).,review loop 2026-09-28
170485,"Leeks, (bulb and lower-leaf portion), freeze-dried",http://purl.obolibrary.org/obo/FOODON_00003670,leek,accepted,,
170486,"Parsley, freeze-dried",http://purl.obolibrary.org/obo/FOODON_03000041,Parsley leaf (freeze-dried),flagged,The FoodOn name names a part the USDA name does not (leaf).,review loop 2026-09-28
170487,"Squash, summer, all varieties, raw",,,none,,
170488,"Squash, summer, all varieties, cooked, boiled, drained, without salt",,,none,,
170489,"Squash, winter, all varieties, raw",,,none,,
170490,"Squash, winter, all varieties, cooked, baked, without salt",http://purl.obolibrary.org/obo/FOODON_00003946,winter squash,accepted,,
170491,"Carrot juice, canned",http://purl.obolibrary.org/obo/FOODON_03307191,carrot juice (canned),accepted,,
170492,"Corn pudding, home prepared",,,none,,
170493,"Potatoes, mashed, home-prepared, whole milk added",,,none,,
170494,Spinach souffle,,,none,,
170495,"Seaweed, spirulina, dried",http://purl.obolibrary.org/obo/FOODON_00005240,spirulina (dried),accepted,,
170496,"Seaweed, wakame, raw",http://purl.obolibrary.org/obo/FOODON_00005221,piece of wakame (raw),flagged,The FoodOn name lacks the USDA food's main word (seaweed).,review loop 2026-09-28
170497,"Peppers, hot chili, green, raw",http://purl.obolibrary.org/obo/FOODON_03302033,chili pepper (raw),accepted,,
170498,"Potatoes, o'brien, home-prepared",,,none,,
170499,"Shallots, raw",http://purl.obolibrary.org/obo/FOODON_00003019,shallot (raw),accepted,,
170500,"Carrot, dehydrated",http://purl.obolibrary.org/obo/FOODON_00003408,carrot root,accepted,,
170501,"Tomatoes, crushed, canned",http://purl.obolibrary.org/obo/FOODON_03301452,tomato (canned),accepted,,
170502,"Tomatoes, orange, raw",http://purl.obolibrary.org/obo/FOODON_03000145,orange tomato (raw),accepted,,
170503,"Mustard greens, cooked, boiled, drained, with salt",http://purl.obolibrary.org/obo/FOODON_00002684,mustard greens,accepted,,
170504,"Mustard greens, frozen, cooked, boiled, drained, with salt",http://purl.obolibrary.org/obo/FOODON_03310955,mustard greens (frozen),accepted,,
170505,"Mustard spinach, (tendergreen), cooked, boiled, drained, with salt",http://purl.obolibrary.org/obo/FOODON_00004356,mustard spinach leaf,accepted,,
170506,"New zealand spinach, cooked, boiled, drained, with salt",http://purl.obolibrary.org/obo/FOODON_03000084,New Zealand spinach leaf,flagged,The FoodOn name names a part the USDA name does not (leaf).,review loop 2026-09-28
170507,"Onions, frozen, whole, cooked, boiled, drained, with salt",http://purl.obolibrary.org/obo/FOODON_03310327,onion (frozen),accepted,,
170508,"Parsnips, cooked, boiled, drained, with salt",http://purl.obolibrary.org/obo/FOODON_00003693,parsnip,accepted,,
170509,"Peas, edible-podded, cooked, boiled, drained, with salt",http://purl.obolibrary.org/obo/FOODON_03000117,edible pea pod,flagged,The FoodOn name names a part the USDA name does not (pod).,review loop 2026-09-28
170510,"Peas, edible-podded, frozen, cooked, boiled, drained, with salt",http://purl.obolibrary.org/obo/FOODON_03000117,edible pea pod,flagged,The FoodOn name names a part the USDA name does not (pod).,review loop 2026-09-28
170511,"Peas, mature seeds, sprouted, cooked, boiled, drained, with salt",http://purl.obolibrary.org/obo/FOODON_03301300,pea,accepted,,
170512,"Peas and carrots, canned, no salt added, solids and liquids",,,none,,
170513,"Peas and carrots, frozen, cooked, boiled, drained, with salt",,,none,,
170514,"Peas and onions, frozen, cooked, boiled, drained, with salt",,,none,,
170515,"Peppers, sweet, red, cooked, boiled, drained, with salt",http://purl.obolibrary.org/obo/FOODON_00003485,sweet red bell pepper,accepted,,
170516,"Peppers, sweet, green, frozen, chopped, cooked, boiled, drained, with salt",http://purl.obolibrary.org/obo/FOODON_00003547,sweet green bell pepper,accepted,,
170517,"Pigeonpeas, immature seeds, cooked, boiled, drained, with salt",http://purl.obolibrary.org/obo/FOODON_00005298,pigeon pea (immature),accepted,,
170518,"Pokeberry shoots, (poke), cooked, boiled, drained, with salt",http://purl.obolibrary.org/obo/FOODON_00004561,pokeberry shoot,accepted,,
170519,"Potatoes, boiled, cooked in skin, skin, with salt",http://purl.obolibrary.org/obo/FOODON_00004345,"potato (with skin, boiled)",accepted,,
170520,"Potatoes, boiled, cooked without skin, flesh, with salt",http://purl.obolibrary.org/obo/FOODON_03315354,potato,accepted,,
170521,"Potatoes, microwaved, cooked, in skin, flesh and skin, with salt",http://purl.obolibrary.org/obo/FOODON_03315354,potato,accepted,,
170522,"Potatoes, microwaved, cooked in skin, flesh, with salt",http://purl.obolibrary.org/obo/FOODON_03315354,potato,accepted,,
170523,"Potatoes, french fried, all types, salt not added in processing, frozen, as purchased",http://purl.obolibrary.org/obo/FOODON_03306879,"potato (french-fried, frozen)",accepted,,
170524,"Potatoes, au gratin, home-prepared from recipe using margarine",http://purl.obolibrary.org/obo/FOODON_03311532,potatoes gratiné (dish),added,FoodOn names it through a safe un-inverted form,review loop 2026-09-28
170525,"Potatoes, scalloped, home-prepared with margarine",http://purl.obolibrary.org/obo/FOODON_03311532,potatoes gratiné (dish),added,FoodOn names it through a safe un-inverted form,review loop 2026-09-28
170526,"Pumpkin, cooked, boiled, drained, with salt",http://purl.obolibrary.org/obo/FOODON_00003486,pumpkin,accepted,,
170527,"Pumpkin, canned, with salt",http://purl.obolibrary.org/obo/FOODON_03301396,pumpkin (canned),accepted,,
170528,"Rutabagas, cooked, boiled, drained, with salt",http://purl.obolibrary.org/obo/FOODON_00003440,rutabaga,accepted,,
170529,"Salsify, cooked, boiled, drained, with salt",,,flagged,USDA term is outside the edible branches,review loop 2026-09-28
170530,"Soybeans, green, cooked, boiled, drained, with salt",http://purl.obolibrary.org/obo/FOODON_00002809,edamame,flagged,USDA term shares no content word with the USDA name,review loop 2026-09-28
170531,"Spinach, cooked, boiled, drained, with salt",http://purl.obolibrary.org/obo/FOODON_00003908,spinach (cooked),accepted,,
170532,"Squash, summer, crookneck and straightneck, frozen, cooked, boiled, drained, with salt",http://purl.obolibrary.org/obo/FOODON_03000079,straightneck squash,accepted,,
170533,"Squash, summer, scallop, cooked, boiled, drained, with salt",http://purl.obolibrary.org/obo/FOODON_00003707,pattypan squash,accepted,,
170534,"Squash, summer, zucchini, includes skin, cooked, boiled, drained, with salt",http://purl.obolibrary.org/obo/FOODON_03310943,zucchini squash,accepted,,
170535,"Squash, summer, zucchini, includes skin, frozen, cooked, boiled, drained, with salt",http://purl.obolibrary.org/obo/FOODON_03310943,zucchini squash,accepted,,
170536,"Squash, winter, butternut, frozen, cooked, boiled, with salt",http://purl.obolibrary.org/obo/FOODON_03303946,butternut squash (frozen),accepted,,
170537,"Squash, winter, hubbard, baked, with salt",http://purl.obolibrary.org/obo/FOODON_03000075,hubbard squash,accepted,,
170538,"Squash, winter, hubbard, cooked, boiled, mashed, with salt",http://purl.obolibrary.org/obo/FOODON_03000075,hubbard squash,accepted,,
170539,"Squash, winter, spaghetti, cooked, boiled, drained, or baked, with salt",http://purl.obolibrary.org/obo/FOODON_03000077,spaghetti squash,accepted,,
170540,"Succotash, (corn and limas), cooked, boiled, drained, with salt",,,none,,
170541,"Sweet potato, cooked, boiled, without skin, with salt",http://purl.obolibrary.org/obo/FOODON_00004429,sweet potato (cooked),accepted,,
170542,"Sweet potato, frozen, cooked, baked, with salt",http://purl.obolibrary.org/obo/FOODON_00004429,sweet potato (cooked),accepted,,
170543,"Taro, cooked, with salt",http://purl.obolibrary.org/obo/FOODON_00003752,taro root,accepted,,
170544,"Taro, leaves, cooked, steamed, with salt",http://purl.obolibrary.org/obo/FOODON_00003649,taro leaf,accepted,,
170545,"Tomato juice, canned, without salt added",http://purl.obolibrary.org/obo/FOODON_03301678,tomato juice (canned),accepted,,
170546,"Tomato products, canned, puree, with salt added",http://purl.obolibrary.org/obo/FOODON_03301452,tomato (canned),accepted,,
170547,"Turnips, cooked, boiled, drained, with salt",http://purl.obolibrary.org/obo/FOODON_00003447,turnip,accepted,,
170548,"Turnips, frozen, cooked, boiled, drained, with salt",http://purl.obolibrary.org/obo/FOODON_00003447,turnip,accepted,,
170549,"Waxgourd, (chinese preserving melon), cooked, boiled, drained, with salt",,,flagged,USDA term is outside the edible branches,review loop 2026-09-28
170550,"Winged bean, immature seeds, cooked, boiled, drained, with salt",http://purl.obolibrary.org/obo/FOODON_00005297,winged bean (immature),accepted,,
170551,"Yam, cooked, boiled, drained, or baked, with salt",http://purl.obolibrary.org/obo/FOODON_00003448,yam,accepted,,
170552,"Seeds, breadnut tree seeds, raw",http://purl.obolibrary.org/obo/FOODON_00005304,breadnut seed (raw),accepted,,
170553,"Seeds, breadnut tree seeds, dried",http://purl.obolibrary.org/obo/FOODON_00005210,breadnut seed (dried),accepted,,
170554,"Seeds, chia seeds, dried",http://purl.obolibrary.org/obo/FOODON_00005211,chia seed (dried),accepted,,
170555,"Seeds, cottonseed flour, partially defatted (glandless)",http://purl.obolibrary.org/obo/FOODON_03301576,cottonseed flour,accepted,,
170556,"Seeds, pumpkin and squash seed kernels, dried",http://purl.obolibrary.org/obo/FOODON_00004886,pumpkin seed,flagged,USDA term shares no content word with the USDA name,review loop 2026-09-28
170557,"Seeds, pumpkin and squash seed kernels, roasted, without salt",http://purl.obolibrary.org/obo/FOODON_00004886,pumpkin seed,accepted,,
170558,"Seeds, safflower seed kernels, dried",http://purl.obolibrary.org/obo/FOODON_00005212,safflower seed (dried),accepted,,
170559,"Seeds, safflower seed meal, partially defatted",http://purl.obolibrary.org/obo/FOODON_00003743,safflower seed,accepted,,
170560,"Seeds, sesame flour, low-fat",http://purl.obolibrary.org/obo/FOODON_00005500,sesame flour,accepted,,
170561,"Seeds, sesame meal, partially defatted",http://purl.obolibrary.org/obo/FOODON_03310122,sesame meal,accepted,,
170562,"Seeds, sunflower seed kernels, dried",http://purl.obolibrary.org/obo/FOODON_00003581,sunflower seed (whole kernel),accepted,,
170563,"Seeds, sunflower seed kernels, dry roasted, without salt",http://purl.obolibrary.org/obo/FOODON_00003581,sunflower seed (whole kernel),accepted,,
170564,"Seeds, sunflower seed kernels, oil roasted, without salt",http://purl.obolibrary.org/obo/FOODON_00003581,sunflower seed (whole kernel),accepted,,
170565,"Nuts, acorns, dried",,,flagged,USDA term is outside the edible branches,review loop 2026-09-28
170566,"Nuts, acorn flour, full fat",http://purl.obolibrary.org/obo/FOODON_00005523,acorn flour,accepted,,
170567,"Nuts, almonds",http://purl.obolibrary.org/obo/FOODON_03301355,almond (raw),accepted,,
170568,"Nuts, almonds, blanched",http://purl.obolibrary.org/obo/FOODON_00003523,almond,accepted,,
170569,"Nuts, brazilnuts, dried, unblanched",http://purl.obolibrary.org/obo/FOODON_00005217,"brazilnut (shell off, dried)",flagged,The FoodOn name names a part the USDA name does not (shell).,review loop 2026-09-28
170570,"Nuts, butternuts, dried",http://purl.obolibrary.org/obo/FOODON_00005349,butternut (dried),accepted,,
170571,"Nuts, cashew nuts, dry roasted, without salt added",http://purl.obolibrary.org/obo/FOODON_00003615,cashew nut,accepted,,
170572,"Nuts, cashew nuts, oil roasted, without salt added",http://purl.obolibrary.org/obo/FOODON_00003615,cashew nut,accepted,,
170573,"Nuts, chestnuts, chinese, roasted",http://purl.obolibrary.org/obo/FOODON_00004260,chinese chestnut,accepted,,
170574,"Nuts, chestnuts, european, raw, unpeeled",http://purl.obolibrary.org/obo/FOODON_03310978,chestnut (raw),flagged,USDA term is outside the edible branches,review loop 2026-09-28
170575,"Nuts, chestnuts, european, raw, peeled",http://purl.obolibrary.org/obo/FOODON_03310978,chestnut (raw),flagged,USDA term is outside the edible branches,review loop 2026-09-28
170576,"Nuts, chestnuts, european, dried, unpeeled",http://purl.obolibrary.org/obo/FOODON_03301873,chestnut (dried),flagged,USDA term is outside the edible branches,review loop 2026-09-28
170577,"Nuts, coconut meat, dried (desiccated), sweetened, flaked, packaged",http://purl.obolibrary.org/obo/FOODON_03303087,"coconut (sweetened, dried)",accepted,,
170578,"Nuts, coconut meat, dried (desiccated), sweetened, flaked, canned",http://purl.obolibrary.org/obo/FOODON_00003864,coconut flakes,accepted,,
170579,"Nuts, coconut meat, dried (desiccated), toasted",http://purl.obolibrary.org/obo/FOODON_00005219,piece of coconut meat (dried),accepted,,
170580,"Nuts, coconut cream, raw (liquid expressed from grated meat)",http://purl.obolibrary.org/obo/FOODON_00005471,coconut cream (unpasteurized),accepted,,
170581,"Nuts, hazelnuts or filberts",http://purl.obolibrary.org/obo/FOODON_00002933,hazelnut,accepted,,
170582,"Nuts, hazelnuts or filberts, blanched",http://purl.obolibrary.org/obo/FOODON_00002933,hazelnut,accepted,,
170583,"Nuts, hazelnuts or filberts, dry roasted, without salt added",http://purl.obolibrary.org/obo/FOODON_00002933,hazelnut,accepted,,
170584,"Nuts, ginkgo nuts, raw",http://purl.obolibrary.org/obo/FOODON_00003090,ginkgo nut (raw),accepted,,
170585,"Nuts, mixed nuts, dry roasted, with peanuts, without salt added",,,none,,
170586,"Nuts, mixed nuts, dry roasted, with peanuts, salt added, PLANTERS pistachio blend",,,none,,
170587,"Nuts, mixed nuts, oil roasted, with peanuts, without salt added",,,none,,
170588,"Nuts, mixed nuts, oil roasted, without peanuts, without salt added",,,none,,
170589,"Nuts, pecans, oil roasted, without salt added",http://purl.obolibrary.org/obo/FOODON_03311213,pecan (oil roasted),accepted,,
170590,"Nuts, pilinuts, dried",http://purl.obolibrary.org/obo/FOODON_00005322,pili nut (dried),accepted,,
170591,"Nuts, pine nuts, dried",http://purl.obolibrary.org/obo/FOODON_00005323,pine nut kernel (dried),flagged,The FoodOn name names a part the USDA name does not (kernel).,review loop 2026-09-28
170592,"Nuts, pine nuts, pinyon, dried",http://purl.obolibrary.org/obo/FOODON_00005323,pine nut kernel (dried),flagged,The FoodOn name names a part the USDA name does not (kernel).,review loop 2026-09-28
170593,"Nuts, walnuts, glazed",,,none,,
170594,"Nuts, walnuts, dry roasted, with salt added",http://purl.obolibrary.org/obo/FOODON_03301364,walnut,accepted,,
170595,"Seeds, breadfruit seeds, roasted",http://purl.obolibrary.org/obo/FOODON_00005227,breadfruit seed,accepted,,
170596,"Seeds, cottonseed kernels, roasted (glandless)",http://purl.obolibrary.org/obo/FOODON_03301762,cottonseed,accepted,,
170597,"Beef, variety meats and by-products, spleen, cooked, braised",http://purl.obolibrary.org/obo/FOODON_02020914,beef spleen,accepted,,
170598,"Beef, variety meats and by-products, tongue, cooked, simmered",http://purl.obolibrary.org/obo/FOODON_02020916,beef tongue,accepted,,
170599,"Beef, variety meats and by-products, tripe, raw",http://purl.obolibrary.org/obo/FOODON_03304093,beef tripe (raw),accepted,,
170600,"Beef, sandwich steaks, flaked, chopped, formed and thinly sliced, raw",http://purl.obolibrary.org/obo/FOODON_02000413,piece(s) of beef (raw),accepted,,
170601,"Beef, brisket, flat half, separable lean only, trimmed to 0"" fat, choice, cooked, braised",http://purl.obolibrary.org/obo/FOODON_02000191,beef brisket flat half,accepted,,
170602,"Beef, cured, corned beef, canned",http://purl.obolibrary.org/obo/FOODON_03305825,corned beef (canned),accepted,,
170603,"Beef, chuck, under blade pot roast or steak, boneless, separable lean only, trimmed to 0"" fat, select, raw",http://purl.obolibrary.org/obo/FOODON_02000100,beef blade chuck steak (raw),accepted,,
170604,"Beef, cured, dried",http://purl.obolibrary.org/obo/FOODON_03317262,beef cut (cured),accepted,,
170605,"Beef, chuck, under blade center steak, boneless, Denver Cut, separable lean only, trimmed to 0"" fat, all grades, cooked, grilled",http://purl.obolibrary.org/obo/FOODON_02000065,beef denver steak,accepted,,
170606,"Sausage, beef, cured, cooked, smoked",http://purl.obolibrary.org/obo/FOODON_00002958,beef sausage,accepted,,
170607,"Beef, chopped, cured, smoked",,,flagged,The FoodOn name says the opposite of the USDA name (raw).,review loop 2026-09-28
170608,"Beef, chuck, under blade center steak, boneless, Denver Cut, separable lean only, trimmed to 0"" fat, choice, raw",http://purl.obolibrary.org/obo/FOODON_02000066,beef denver steak (raw),accepted,,
170609,"Beef, composite of trimmed retail cuts, separable lean and fat, trimmed to 0"" fat, all grades, cooked",http://purl.obolibrary.org/obo/FOODON_00004478,beef retail cut,accepted,,
170610,"Beef, composite of trimmed retail cuts, separable lean only, trimmed to 0"" fat, select, cooked",http://purl.obolibrary.org/obo/FOODON_00004478,beef retail cut,accepted,,
170611,"Beef, brisket, whole, separable lean and fat, trimmed to 0"" fat, all grades, cooked, braised",http://purl.obolibrary.org/obo/FOODON_02000189,beef brisket,accepted,,
170612,"Beef, brisket, whole, separable lean only, trimmed to 0"" fat, all grades, cooked, braised",http://purl.obolibrary.org/obo/FOODON_02000189,beef brisket,accepted,,
170613,"Beef, brisket, flat half, separable lean and fat, trimmed to 0"" fat, all grades, cooked, braised",http://purl.obolibrary.org/obo/FOODON_02000191,beef brisket flat half,accepted,,
170614,"Beef, chuck, arm pot roast, separable lean and fat, trimmed to 0"" fat, select, cooked, braised",http://purl.obolibrary.org/obo/FOODON_02000111,beef chuck arm roast,accepted,,
170615,"Beef, chuck, arm pot roast, separable lean only, trimmed to 0"" fat, choice, cooked, braised",http://purl.obolibrary.org/obo/FOODON_02000111,beef chuck arm roast,accepted,,
170616,"Beef, chuck, arm pot roast, separable lean only, trimmed to 0"" fat, select, cooked, braised",http://purl.obolibrary.org/obo/FOODON_02000111,beef chuck arm roast,accepted,,
170617,"Beef, chuck, blade roast, separable lean and fat, trimmed to 0"" fat, all grades, cooked, braised",http://purl.obolibrary.org/obo/FOODON_02000101,beef blade chuck roast,accepted,,
170618,"Beef, chuck, under blade pot roast, boneless, separable lean and fat, trimmed to 0"" fat, choice, cooked, braised",http://purl.obolibrary.org/obo/FOODON_02000101,beef blade chuck roast,accepted,,
170619,"Beef, rib, large end (ribs 6-9), separable lean and fat, trimmed to 0"" fat, choice, cooked, roasted",http://purl.obolibrary.org/obo/FOODON_02000231,beef large end rib roast,accepted,,
170620,"Beef, rib, large end (ribs 6-9), separable lean and fat, trimmed to 0"" fat, select, cooked, roasted",http://purl.obolibrary.org/obo/FOODON_02000231,beef large end rib roast,accepted,,
170621,"Beef, rib, large end (ribs 6-9), separable lean only, trimmed to 0"" fat, all grades, cooked, roasted",http://purl.obolibrary.org/obo/FOODON_02000231,beef large end rib roast,accepted,,
170622,"Beef, rib, large end (ribs 6-9), separable lean only, trimmed to 0"" fat, choice, cooked, roasted",http://purl.obolibrary.org/obo/FOODON_02000231,beef large end rib roast,accepted,,
170623,"Beef, rib, small end (ribs 10-12), separable lean only, trimmed to 0"" fat, all grades, cooked, broiled",http://purl.obolibrary.org/obo/FOODON_02000229,beef small end rib roast,accepted,,
170624,"Beef, rib, small end (ribs 10-12), separable lean only, trimmed to 0"" fat, choice, cooked, broiled",http://purl.obolibrary.org/obo/FOODON_02000229,beef small end rib roast,accepted,,
170625,"Beef, rib, small end (ribs 10-12), separable lean only, trimmed to 0"" fat, select, cooked, broiled",http://purl.obolibrary.org/obo/FOODON_02000229,beef small end rib roast,accepted,,
170626,"Beef, round, bottom round, steak, separable lean and fat, trimmed to 0"" fat, all grades, cooked, braised",http://purl.obolibrary.org/obo/FOODON_02000004,beef bottom round steak,accepted,,
170627,"Beef, round, bottom round, roast, separable lean and fat, trimmed to 0"" fat, select, cooked, roasted",http://purl.obolibrary.org/obo/FOODON_02000008,beef bottom round roast,accepted,,
170628,"Beef, round, bottom round, steak, separable lean only, trimmed to 0"" fat, all grades, cooked, braised",http://purl.obolibrary.org/obo/FOODON_02000004,beef bottom round steak,accepted,,
170629,"Beef, round, bottom round, roast, separable lean only, trimmed to 0"" fat, all grades, cooked, roasted",http://purl.obolibrary.org/obo/FOODON_02000008,beef bottom round roast,accepted,,
170630,"Beef, round, bottom round, steak, separable lean only, trimmed to 0"" fat, choice, cooked, braised",http://purl.obolibrary.org/obo/FOODON_02000004,beef bottom round steak,accepted,,
170631,"Beef, round, bottom round, roast, separable lean only, trimmed to 0"" fat, choice, cooked, roasted",http://purl.obolibrary.org/obo/FOODON_02000008,beef bottom round roast,accepted,,
170632,"Beef, round, eye of round roast, boneless, separable lean and fat, trimmed to 0"" fat, select, cooked, roasted",http://purl.obolibrary.org/obo/FOODON_02000041,beef eye of round roast,accepted,,
170633,"Beef, round, eye of round roast, boneless, separable lean only, trimmed to 0"" fat, all grades, cooked, roasted",http://purl.obolibrary.org/obo/FOODON_02000041,beef eye of round roast,accepted,,
170634,"Beef, round, eye of round roast, boneless, separable lean only, trimmed to 0"" fat, choice, cooked, roasted",http://purl.obolibrary.org/obo/FOODON_02000041,beef eye of round roast,accepted,,
170635,"Beef, round, eye of round roast, boneless, separable lean only, trimmed to 0"" fat, select, cooked, roasted",http://purl.obolibrary.org/obo/FOODON_02000041,beef eye of round roast,accepted,,
170636,"Beef, round, tip round, roast, separable lean only, trimmed to 0"" fat, choice, cooked, roasted",http://purl.obolibrary.org/obo/FOODON_02000027,beef sirloin tip roast,accepted,,
170637,"Beef, round, tip round, roast, separable lean only, trimmed to 0"" fat, select, cooked, roasted",http://purl.obolibrary.org/obo/FOODON_02000027,beef sirloin tip roast,accepted,,
170638,"Beef, round, top round, separable lean and fat, trimmed to 0"" fat, all grades, cooked, braised",http://purl.obolibrary.org/obo/FOODON_02000012,beef top round,accepted,,
170639,"Beef, round, top round, separable lean and fat, trimmed to 0"" fat, choice, cooked, braised",http://purl.obolibrary.org/obo/FOODON_02000012,beef top round,accepted,,
170640,"Beef, loin, tenderloin steak, boneless, separable lean and fat, trimmed to 0"" fat, select, cooked, grilled",http://purl.obolibrary.org/obo/FOODON_02000143,beef tenderloin steak,accepted,,
170641,"Beef, loin, tenderloin steak, boneless, separable lean only, trimmed to 0"" fat, all grades, cooked, grilled",http://purl.obolibrary.org/obo/FOODON_02000143,beef tenderloin steak,accepted,,
170642,"Beef, loin, tenderloin steak, boneless, separable lean only, trimmed to 0"" fat, choice, cooked, grilled",http://purl.obolibrary.org/obo/FOODON_02000143,beef tenderloin steak,accepted,,
170643,"Beef, loin, tenderloin steak, boneless, separable lean only, trimmed to 0"" fat, select, cooked, grilled",http://purl.obolibrary.org/obo/FOODON_02000143,beef tenderloin steak,accepted,,
170644,"Puddings, vanilla, dry mix, regular, with added oil",,,none,,
170645,"Jams and preserves, apricot",,,none,,
170646,"Syrups, table blends, pancake, with 2% maple, with added potassium",,,none,,
170647,"Snacks, corn cakes, very low sodium",,,none,,
170648,"Snacks, potato chips, plain, made with partially hydrogenated soybean oil, unsalted",,,none,,
170649,"Snacks, potato chips, plain, unsalted",,,none,,
170650,"Snacks, pretzels, hard, plain, made with unenriched flour, salted",,,none,,
170651,"Snacks, pretzels, hard, plain, made with unenriched flour, unsalted",,,none,,
170652,"Snacks, rice cakes, brown rice, sesame seed, unsalted",,,none,,
170653,"Snacks, sesame sticks, wheat-based, unsalted",,,none,,
170654,"Snacks, trail mix, regular, unsalted",,,none,,
170655,"Snacks, trail mix, regular, with chocolate chips, unsalted nuts and seeds",,,none,,
170656,"Candies, sugar-coated almonds",,,none,,
170657,"Cocoa, dry powder, hi-fat or breakfast, processed with alkali",http://purl.obolibrary.org/obo/FOODON_03301072,cocoa,accepted,,
170658,"Candies, soft fruit and nut squares",,,none,,
170659,"Ice creams, vanilla, fat free",,,none,,
170660,"Ice creams, BREYERS, All Natural Light French Vanilla",,,none,,
170661,"Ice creams, BREYERS, 98% Fat Free Vanilla",,,none,,
170662,"Ice creams, BREYERS, All Natural Light Vanilla Chocolate Strawberry",,,none,,
170663,"Ice creams, BREYERS, All Natural Light Mint Chocolate Chip",,,none,,
170664,"Ice creams, BREYERS, No Sugar Added, Vanilla Chocolate Strawberry",,,none,,
170665,"Frozen novelties, KLONDIKE, SLIM-A-BEAR Chocolate Cone",,,none,,
170666,"Frozen novelties, KLONDIKE, SLIM-A-BEAR Vanilla Sandwich",,,none,,
170667,"Frozen novelties, KLONDIKE, SLIM-A-BEAR, No Sugar Added, Stickless Bar",,,none,,
170668,"Ice creams, BREYERS, No Sugar Added, Chocolate Caramel",,,none,,
170669,"Candies, REESE's Fast Break, milk chocolate, peanut butter, soft nougats, candy bar",,,none,,
170670,"Candies, MARS SNACKFOOD US, COCOAVIA Chocolate Covered Almonds",,,none,,
170671,"Ice creams, regular, low carbohydrate, vanilla",,,none,,
170672,"Sweeteners, for baking, brown, contains sugar and sucralose",,,none,,
170673,"Sweeteners, for baking, contains sugar and sucralose",,,none,,
170674,"Sugar, turbinado",http://purl.obolibrary.org/obo/FOODON_03304305,turbinado sugar,accepted,,
170675,"Sweeteners, sugar substitute, granulated, brown",,,none,,
170676,"Candies, M&M MARS 3 MUSKETEERS Truffle Crisp",,,none,,
170677,"Syrups, chocolate, HERSHEY'S Sugar free, Genuine Chocolate Flavored, Lite Syrup",,,none,,
170678,"Candies, M&M MARS Pretzel Chocolate Candies",,,none,,
170679,"Sweetener, herbal extract powder from Stevia leaf",,,none,,
170680,"Candies, HERSHEYS, PAYDAY Bar",,,none,,
170681,"Syrup, NESTLE, chocolate",,,none,,
170682,"Amaranth grain, uncooked",http://purl.obolibrary.org/obo/FOODON_03309720,amaranth seed (raw),flagged,The FoodOn name lacks the USDA food's main word (grain). The FoodOn name names a part the USDA name does not (seed).,review loop 2026-09-28
170683,"Amaranth grain, cooked",http://purl.obolibrary.org/obo/FOODON_00003601,amaranth seed,flagged,The FoodOn name lacks the USDA food's main word (grain). The FoodOn name names a part the USDA name does not (seed).,review loop 2026-09-28
170684,Arrowroot flour,http://purl.obolibrary.org/obo/FOODON_03000469,arrowroot flour,accepted,,
170685,"Buckwheat groats, roasted, dry",http://purl.obolibrary.org/obo/FOODON_00005347,buckwheat groat,accepted,,
170686,"Buckwheat groats, roasted, cooked",http://purl.obolibrary.org/obo/FOODON_00005347,buckwheat groat,accepted,,
170687,"Buckwheat flour, whole-groat",http://purl.obolibrary.org/obo/FOODON_03000279,whole groat buckwheat flour,accepted,,
170688,"Bulgur, dry",http://purl.obolibrary.org/obo/FOODON_00003143,bulgur,accepted,,
170689,"Fast foods, taco with beef, cheese and lettuce, hard shell",,,none,,
170690,"Fast foods, cheeseburger; single, regular patty; plain",,,none,,
170691,"Fast foods, cheeseburger; single, regular patty, with condiments",,,none,,
170692,"Fast foods, cheeseburger; single, regular patty, with condiments and vegetables",,,none,,
170693,"Fast foods, hamburger; single, regular patty; plain",,,none,,
170694,"Fast foods, hamburger; single, regular patty; with condiments",,,none,,
170695,"Fast foods, roast beef sandwich, plain",,,none,,
170696,"Fast foods, submarine sandwich, cold cut on white bread with lettuce and tomato",,,none,,
170697,"Fast foods, onion rings, breaded and fried",,,none,,
170698,"Fast foods, potato, french fried in vegetable oil",,,none,,
170699,"Fast foods, potato, mashed",,,none,,
170700,"BURGER KING, Vanilla Shake",,,none,,
170701,"School Lunch, pizza, BIG DADDY'S LS 16"" 51% Whole Grain Rolled Edge Turkey Pepperoni Pizza, frozen",,,none,,
170702,"School Lunch, pizza, TONY'S SMARTPIZZA Whole Grain 4x6 Cheese Pizza 50/50 Cheese, frozen",,,none,,
170703,"School Lunch, pizza, TONY'S SMARTPIZZA Whole Grain 4x6 Pepperoni Pizza 50/50 Cheese, frozen",,,none,,
170704,"School Lunch, pizza, TONY'S Breakfast Pizza Sausage, frozen",,,none,,
170705,"SUBWAY, sweet onion chicken teriyaki sub on white bread with lettuce, tomato and sweet onion sauce",,,none,,
170706,"Fast foods, submarine sandwich, turkey breast on white bread with lettuce and tomato",,,none,,
170707,"Fast foods, submarine sandwich, ham on white bread with lettuce and tomato",,,none,,
170708,"SUBWAY, meatball marinara sub on white bread (no toppings)",,,none,,
170709,"Fast foods, submarine sandwich, meatball marinara on white bread",,,none,,
170710,"Fast foods, hamburger, large, single patty, with condiments",,,none,,
170711,"SUBWAY, turkey breast sub on white bread with lettuce and tomato",,,none,,
170712,"SUBWAY, black forest ham sub on white bread with lettuce and tomato",,,none,,
170713,"SUBWAY, roast beef sub on white bread with lettuce and tomato",,,none,,
170714,"Pizza, cheese topping, rising crust, frozen, cooked",,,none,,
170715,"Pizza, meat and vegetable topping, regular crust, frozen, cooked",,,none,,
170716,"Pizza, meat and vegetable topping, rising crust, frozen, cooked",,,none,,
170717,"McDONALD'S, Hamburger",,,none,,
170718,"Fast foods, chicken, breaded and fried, boneless pieces, plain",,,none,,
170719,"McDONALD'S, QUARTER POUNDER with Cheese",,,none,,
170720,"McDONALD'S, BIG MAC",,,none,,
170721,"McDONALD'S, french fries",,,none,,
170722,"WENDY'S, CLASSIC SINGLE Hamburger, no cheese",,,none,,
170723,"WENDY'S, Homestyle Chicken Fillet Sandwich",,,none,,
170724,"WENDY'S, Ultimate Chicken Grill Sandwich",,,none,,
170725,"WENDY'S, Chicken Nuggets",,,none,,
170726,"WENDY'S, french fries",,,none,,
170727,"BURGER KING, WHOPPER, no cheese",,,none,,
170728,"BURGER KING, WHOPPER, with cheese",,,none,,
170729,"BURGER KING, DOUBLE WHOPPER, no cheese",,,none,,
170730,"BURGER KING, DOUBLE WHOPPER, with cheese",,,none,,
170731,"BURGER KING, Chicken Strips",,,none,,
170732,"TACO BELL, Soft Taco with chicken, cheese and lettuce",,,none,,
170733,"TACO BELL, Soft Taco with steak",,,none,,
170734,"TACO BELL, Bean Burrito",,,none,,
170735,"TACO BELL, BURRITO SUPREME with beef",,,none,,
170736,"TACO BELL, Taco Salad",,,none,,
170737,"KFC, Popcorn Chicken",,,none,,
170738,"KFC, Fried Chicken, ORIGINAL RECIPE, Skin and Breading",,,none,,
170739,"KFC, Fried Chicken, ORIGINAL RECIPE, Breast, meat only, skin and breading removed",,,none,,
170740,"KFC, Fried Chicken, ORIGINAL RECIPE, Drumstick, meat only, skin and breading removed",,,none,,
170741,"KFC, Fried Chicken, ORIGINAL RECIPE, Thigh, meat only, skin and breading removed",,,none,,
170742,"KFC, Fried Chicken, EXTRA CRISPY, Thigh, meat only, skin and breading removed",,,none,,
170743,"KFC, Fried Chicken, EXTRA CRISPY, Wing, meat only, skin and breading removed",,,none,,
170744,"KFC, Fried Chicken, ORIGINAL RECIPE, Breast, meat and skin with breading",,,none,,
170745,"KFC, Fried Chicken, ORIGINAL RECIPE, Drumstick, meat and skin with breading",,,none,,
170746,"KFC, Fried Chicken, EXTRA CRISPY, Thigh, meat and skin with breading",,,none,,
170747,"KFC, Fried Chicken, EXTRA CRISPY, Wing, meat and skin with breading",,,none,,
170748,"POPEYES, Fried Chicken, Mild, Breast, meat only, skin and breading removed",,,none,,
170749,"POPEYES, Fried Chicken, Mild, Drumstick, meat only, skin and breading removed",,,none,,
170750,"POPEYES, Fried Chicken, Mild, Thigh, meat and skin with breading",,,none,,
170751,"POPEYES, Fried Chicken, Mild, Wing, meat and skin with breading",,,none,,
170752,"Fast foods, grilled chicken, bacon and tomato club sandwich, with cheese, lettuce, and mayonnaise",,,none,,
170753,"Fast foods, crispy chicken, bacon, and tomato club sandwich, with cheese, lettuce, and mayonnaise",,,none,,
170754,"Fast Foods, Fried Chicken, Wing, meat only, skin and breading removed",,,none,,
170755,"Fast Foods, Fried Chicken, Skin and breading from all pieces",,,none,,
170756,"Fast Foods, Fried Chicken, Breast, meat and skin and breading",,,none,,
170757,"Fast Foods, Fried Chicken, Drumstick, meat and skin with breading",,,none,,
170758,"DIGIORNO Pizza, cheese topping, thin crispy crust, frozen, baked",,,none,,
170759,"DIGIORNO Pizza, pepperoni topping, cheese stuffed crust, frozen, baked",,,none,,
170760,"DIGIORNO Pizza, pepperoni topping, rising crust, frozen, baked",,,none,,
170761,"DIGIORNO Pizza, pepperoni topping, thin crispy crust, frozen, baked",,,none,,
170762,"Fast Food, Pizza Chain, 14"" pizza, pepperoni topping, thin crust",,,none,,
170763,"Fast foods, taco with beef, cheese and lettuce, soft",,,none,,
170764,"Fast foods, taco with chicken, lettuce and cheese, soft",,,none,,
170765,"Fast foods, quesadilla, with chicken",,,none,,
170766,"DOMINO'S 14"" Sausage Pizza, Classic Hand-Tossed Crust",,,none,,
170767,"DOMINO'S 14"" Sausage Pizza, Ultimate Deep Dish Crust",,,none,,
170768,"PIZZA HUT 14"" Sausage Pizza, THIN 'N CRISPY Crust",,,none,,
170769,"PIZZA HUT 14"" Sausage Pizza, Hand-Tossed Crust",,,none,,
170770,"WEND'YS, Crispy Chicken Sandwich",,,none,,
170771,"BURGER KING, Onion Rings",,,none,,
170772,"WENDY'S, DAVE'S Hot 'N Juicy 1/4 LB, single",,,none,,
170773,"Fast Food, Pizza Chain, 14"" pizza, cheese topping, stuffed crust",,,none,,
170774,"PIZZA HUT 14"" Cheese Pizza, Stuffed Crust",,,none,,
170775,"Fast foods, strawberry banana smoothie made with ice and low-fat yogurt",,,none,,
170776,"McDONALD'S, Southern Style Chicken Biscuit",,,none,,
170777,"McDONALD'S, RANCH SNACK WRAP, Crispy",,,none,,
170778,"McDONALD'S, RANCH SNACK WRAP, Grilled",,,none,,
170779,"School Lunch, pizza, cheese topping, thick crust, whole grain, frozen, cooked",,,none,,
170780,"School Lunch, pizza, pepperoni topping, thin crust, whole grain, frozen, cooked",,,none,,
170781,"School Lunch, pizza, pepperoni topping, thick crust, whole grain, frozen, cooked",,,none,,
170782,"School Lunch, pizza, sausage topping, thin crust, whole grain, frozen, cooked",,,none,,
170783,"Beef, chuck, short ribs, boneless, separable lean only, trimmed to 0"" fat, choice, raw",http://purl.obolibrary.org/obo/FOODON_02000092,"beef chuck short rib (boneless, raw)",accepted,,
170784,"WENDY'S, Double Stack, with cheese",,,none,,
170785,"Fast foods, crispy chicken in tortilla, with lettuce, cheese, and ranch sauce",,,none,,
170786,"Fast foods, grilled chicken in tortilla, with lettuce, cheese, and ranch sauce",,,none,,
170787,"Fast foods, breakfast burrito, with egg, cheese, and sausage",,,none,,
170788,"Fast foods, breadstick, soft, prepared with garlic and parmesan cheese",,,none,,
170789,"PIZZA HUT, breadstick, parmesan garlic",,,none,,
170790,"CHICK-FIL-A, chicken sandwich",,,none,,
170791,"ARBY'S, roast beef sandwich, classic",,,none,,
170792,"School Lunch, pizza, cheese topping, thin crust, whole grain, frozen, cooked",,,none,,
170793,"School Lunch, pizza, sausage topping, thick crust, whole grain, frozen, cooked",,,none,,
170794,"School Lunch, chicken patty, whole grain breaded",,,none,,
170795,"School Lunch, chicken nuggets, whole grain breaded",,,none,,
170796,"Beef, chuck, short ribs, boneless, separable lean only, trimmed to 0"" fat, all grades, raw",http://purl.obolibrary.org/obo/FOODON_02000092,"beef chuck short rib (boneless, raw)",accepted,,
170797,"Beef, chuck eye Country-Style ribs, boneless, separable lean only, trimmed to 0"" fat, choice, cooked, braised",http://purl.obolibrary.org/obo/FOODON_02000060,beef country-style rib,accepted,,
170798,"Beef, chuck eye Country-Style ribs, boneless, separable lean only, trimmed to 0"" fat, select, cooked, braised",http://purl.obolibrary.org/obo/FOODON_02000060,beef country-style rib,accepted,,
170799,"Beef, chuck eye Country-Style ribs, boneless, separable lean only, trimmed to 0"" fat, all grades, cooked, braised",http://purl.obolibrary.org/obo/FOODON_02000060,beef country-style rib,accepted,,
170800,"Beef, chuck eye Country-Style ribs, boneless, separable lean only, trimmed to 0"" fat, choice, raw",http://purl.obolibrary.org/obo/FOODON_02000061,beef country-style rib (raw),accepted,,
170801,"Beef, chuck eye steak, boneless, separable lean only, trimmed to 0"" fat, all grades, cooked, grilled",http://purl.obolibrary.org/obo/FOODON_02000058,beef chuck eye steak,accepted,,
170802,"Beef, chuck eye steak, boneless, separable lean only, trimmed to 0"" fat, choice, raw",http://purl.obolibrary.org/obo/FOODON_02000059,beef chuck eye steak (raw),accepted,,
170803,"Beef, chuck eye steak, boneless, separable lean only, trimmed to 0"" fat, select, raw",http://purl.obolibrary.org/obo/FOODON_02000059,beef chuck eye steak (raw),accepted,,
170804,"Beef, chuck eye steak, boneless, separable lean only, trimmed to 0"" fat, all grades, raw",http://purl.obolibrary.org/obo/FOODON_02000059,beef chuck eye steak (raw),accepted,,
170805,"Beef, chuck, mock tender steak, boneless, separable lean only, trimmed to 0"" fat, select, cooked, braised",http://purl.obolibrary.org/obo/FOODON_02000048,beef chuck tender steak,accepted,,
170806,"Beef, chuck, mock tender steak, boneless, separable lean only, trimmed to 0"" fat, all grades, cooked, braised",http://purl.obolibrary.org/obo/FOODON_02000048,beef chuck tender steak,flagged,The FoodOn name says the opposite of the USDA name (raw).,review loop 2026-09-28
170807,"Beef, chuck, mock tender steak, boneless, separable lean only, trimmed to 0"" fat, choice, raw",http://purl.obolibrary.org/obo/FOODON_02000049,beef chuck tender steak (raw),accepted,,
170808,"Beef, chuck, mock tender steak, boneless, separable lean only, trimmed to 0"" fat, select, raw",http://purl.obolibrary.org/obo/FOODON_02000049,beef chuck tender steak (raw),accepted,,
170809,"Beef, chuck for stew, separable lean and fat, select, raw",http://purl.obolibrary.org/obo/FOODON_03310939,beef chuck (raw),accepted,,
170810,"Beef, chuck for stew, separable lean and fat, choice, raw",http://purl.obolibrary.org/obo/FOODON_03310939,beef chuck (raw),accepted,,
170811,"Beef, chuck, under blade steak, boneless, separable lean only, trimmed to 0"" fat, choice, cooked, braised",http://purl.obolibrary.org/obo/FOODON_02000065,beef denver steak,accepted,,
170812,"Beef, chuck, under blade steak, boneless, separable lean only, trimmed to 0"" fat, select, cooked, braised",http://purl.obolibrary.org/obo/FOODON_02000065,beef denver steak,accepted,,
170813,"Beef, chuck, under blade pot roast or steak, boneless, separable lean and fat, trimmed to 0"" fat, all grades, raw",http://purl.obolibrary.org/obo/FOODON_02000102,beef blade chuck roast (raw),accepted,,
170814,"Beef, chuck, under blade pot roast or steak, boneless, separable lean and fat, trimmed to 0"" fat, choice, raw",http://purl.obolibrary.org/obo/FOODON_02000102,beef blade chuck roast (raw),accepted,,
170815,"Beef, chuck, under blade pot roast or steak, boneless, separable lean and fat, trimmed to 0"" fat, select, raw",http://purl.obolibrary.org/obo/FOODON_02000102,beef blade chuck roast (raw),accepted,,
170816,"Beef, chuck, under blade center steak, boneless, Denver Cut, separable lean and fat, trimmed to 0"" fat, all grades, cooked, grilled",http://purl.obolibrary.org/obo/FOODON_02000065,beef denver steak,accepted,,
170817,"Beef, chuck, under blade center steak, boneless, Denver Cut, separable lean and fat, trimmed to 0"" fat, select, raw",http://purl.obolibrary.org/obo/FOODON_02000068,beef denver roast (raw),accepted,,
170818,"Beef, shoulder pot roast or steak, boneless, separable lean and fat, trimmed to 0"" fat, choice, raw",http://purl.obolibrary.org/obo/FOODON_02000076,beef shoulder roast (raw),accepted,,
170819,"Beef, shoulder pot roast or steak, boneless, separable lean and fat, trimmed to 0"" fat, select, raw",http://purl.obolibrary.org/obo/FOODON_02000076,beef shoulder roast (raw),accepted,,
170820,"Beef, chuck eye roast, boneless, America's Beef Roast, separable lean and fat, trimmed to 0"" fat, all grades, cooked, roasted",http://purl.obolibrary.org/obo/FOODON_02000056,beef chuck eye roast,accepted,,
170821,"Beef, chuck, mock tender steak, boneless, separable lean and fat, trimmed to 0"" fat, all grades, cooked, braised",http://purl.obolibrary.org/obo/FOODON_02000048,beef chuck tender steak,accepted,,
170822,"Beef, chuck, mock tender steak, boneless, separable lean and fat, trimmed to 0"" fat, choice, cooked, braised",http://purl.obolibrary.org/obo/FOODON_02000048,beef chuck tender steak,accepted,,
170823,"Beef, chuck, mock tender steak, boneless, separable lean and fat, trimmed to 0"" fat, select, cooked, braised",http://purl.obolibrary.org/obo/FOODON_02000048,beef chuck tender steak,accepted,,
170824,"Beef, chuck, mock tender steak, boneless, separable lean and fat, trimmed to 0"" fat, all grades, raw",http://purl.obolibrary.org/obo/FOODON_02000049,beef chuck tender steak (raw),accepted,,
170825,"Beef, chuck, short ribs, boneless, separable lean and fat, trimmed to 0"" fat, select, cooked, braised",http://purl.obolibrary.org/obo/FOODON_02000091,beef chuck short rib (boneless),accepted,,
170826,"Beef, chuck, short ribs, boneless, separable lean and fat, trimmed to 0"" fat, all grades, raw",http://purl.obolibrary.org/obo/FOODON_02000092,"beef chuck short rib (boneless, raw)",accepted,,
170827,"Beef, chuck, short ribs, boneless, separable lean and fat, trimmed to 0"" fat, choice, raw",http://purl.obolibrary.org/obo/FOODON_02000092,"beef chuck short rib (boneless, raw)",accepted,,
170828,"Beef, chuck, short ribs, boneless, separable lean and fat, trimmed to 0"" fat, select, raw",http://purl.obolibrary.org/obo/FOODON_02000092,"beef chuck short rib (boneless, raw)",accepted,,
170829,"Beef, chuck eye Country-Style ribs, boneless, separable lean and fat, trimmed to 0"" fat, choice, cooked, braised",http://purl.obolibrary.org/obo/FOODON_02000060,beef country-style rib,accepted,,
170830,"Beef, chuck eye Country-Style ribs, boneless, separable lean and fat, trimmed to 0"" fat, select, cooked, braised",http://purl.obolibrary.org/obo/FOODON_02000060,beef country-style rib,accepted,,
170831,"Beef, chuck eye Country-Style ribs, boneless, separable lean and fat, trimmed to 0"" fat, all grades, raw",http://purl.obolibrary.org/obo/FOODON_02000061,beef country-style rib (raw),accepted,,
170832,"Beef, chuck eye Country-Style ribs, boneless, separable lean and fat, trimmed to 0"" fat, choice, raw",http://purl.obolibrary.org/obo/FOODON_02000061,beef country-style rib (raw),accepted,,
170833,"Beef, chuck eye Country-Style ribs, boneless, separable lean and fat, trimmed to 0"" fat, select, raw",http://purl.obolibrary.org/obo/FOODON_02000061,beef country-style rib (raw),accepted,,
170834,"Beef, chuck eye steak, boneless, separable lean and fat, trimmed to 0"" fat, choice, raw",http://purl.obolibrary.org/obo/FOODON_02000059,beef chuck eye steak (raw),accepted,,
170835,"Beef, chuck eye steak, boneless, separable lean and fat, trimmed to 0"" fat, select, raw",http://purl.obolibrary.org/obo/FOODON_02000059,beef chuck eye steak (raw),accepted,,
170836,"Beef, rib eye roast, bone-in, lip-on, separable lean only, trimmed to 1/8"" fat, all grades, cooked, roasted",http://purl.obolibrary.org/obo/FOODON_02000207,beef ribeye roast,accepted,,
170837,"Beef, rib eye roast, bone-in, lip-on, separable lean only, trimmed to 1/8"" fat, select, cooked, roasted",http://purl.obolibrary.org/obo/FOODON_02000207,beef ribeye roast,accepted,,
170838,"Beef, rib eye steak/roast, bone-in, lip-on, separable lean only, trimmed to 1/8"" fat, select, raw",http://purl.obolibrary.org/obo/FOODON_02000210,beef ribeye steak (raw),accepted,,
170839,"Beef, rib eye steak/roast, boneless, lip-on, separable lean only, trimmed to 1/8"" fat, all grades, raw",http://purl.obolibrary.org/obo/FOODON_02000210,beef ribeye steak (raw),accepted,,
170840,"Beef, rib eye steak/roast, boneless, lip-on, separable lean only, trimmed to 1/8"" fat, choice, raw",http://purl.obolibrary.org/obo/FOODON_02000210,beef ribeye steak (raw),accepted,,
170841,"Beef, rib eye steak/roast, boneless, lip-on, separable lean only, trimmed to 1/8"" fat, select, raw",http://purl.obolibrary.org/obo/FOODON_02000210,beef ribeye steak (raw),accepted,,
170842,"Beef, rib eye roast, boneless, lip-on, separable lean only, trimmed to 1/8"" fat, choice, cooked, roasted",http://purl.obolibrary.org/obo/FOODON_02000207,beef ribeye roast,accepted,,
170843,"Cheese, fontina",http://purl.obolibrary.org/obo/FOODON_03310415,fontina cheese,added,FoodOn names it through a safe un-inverted form,review loop 2026-09-28
170844,"Cheese, monterey",,,none,,
170845,"Cheese, mozzarella, whole milk",http://purl.obolibrary.org/obo/FOODON_03303578,mozzarella cheese,added,FoodOn names it through a safe un-inverted form,review loop 2026-09-28
170846,"Cheese, mozzarella, whole milk, low moisture",http://purl.obolibrary.org/obo/FOODON_03316862,mozzarella cheese (low moisture),added,FoodOn names it through a safe un-inverted form,review loop 2026-09-28
170847,"Cheese, mozzarella, part skim milk",http://purl.obolibrary.org/obo/FOODON_03303877,mozzarella cheese (part-skim),added,FoodOn names it through a safe un-inverted form,review loop 2026-09-28
170848,"Cheese, parmesan, hard",,,none,,
170849,"Cheese, port de salut",,,none,,
170850,"Cheese, provolone",http://purl.obolibrary.org/obo/FOODON_03302916,provolone cheese,added,FoodOn names it through a safe un-inverted form,review loop 2026-09-28
170851,"Cheese, ricotta, whole milk",http://purl.obolibrary.org/obo/FOODON_03302908,ricotta cheese,added,FoodOn names it through a safe un-inverted form,review loop 2026-09-28
170852,"Cheese, tilsit",,,none,,
170853,"Cheese, pasteurized process, American, fortified with vitamin D",http://purl.obolibrary.org/obo/FOODON_03000483,pasteurized process american cheese (vitamin D fortified),added,FoodOn names it through a safe un-inverted form,review loop 2026-09-28
170854,"Cheese, pasteurized process, pimento",http://purl.obolibrary.org/obo/FOODON_03316867,pasteurized process pimento cheese,added,FoodOn names it through a safe un-inverted form,review loop 2026-09-28
170855,"Cheese, pasteurized process, swiss",http://purl.obolibrary.org/obo/FOODON_03302991,pasteurized process swiss cheese,added,FoodOn names it through a safe un-inverted form,review loop 2026-09-28
170856,"Cheese food, cold pack, American",http://purl.obolibrary.org/obo/FOODON_03302989,cold-pack cheese food,added,FoodOn names it through a safe un-inverted form,review loop 2026-09-28
170857,"Cream, fluid, light (coffee cream or table cream)",,,none,,
170858,"Cream, fluid, light whipping",http://purl.obolibrary.org/obo/FOODON_03301796,light whipping cream,accepted,,
170859,"Cream, fluid, heavy whipping",http://purl.obolibrary.org/obo/FOODON_03310795,heavy cream,accepted,,
170860,"Cream, whipped, cream topping, pressurized",http://purl.obolibrary.org/obo/FOODON_03302897,whipped cream,added,FoodOn names it through a safe un-inverted form,review loop 2026-09-28
170861,"Milk, filled, fluid, with blend of hydrogenated vegetable oils",,,none,,
170862,"Milk, filled, fluid, with lauric acid oil",,,none,,
170863,"Cheese, American, nonfat or fat free",http://purl.obolibrary.org/obo/FOODON_03000481,american cheese (fat free),added,FoodOn names it through a safe un-inverted form,review loop 2026-09-28
170864,"Yogurt, Greek, 2% fat, apricot, CHOBANI",,,none,,
170865,"Dessert topping, powdered",,,none,,
170866,"Dessert topping, powdered, 1.5 ounce prepared with 1/2 cup milk",,,none,,
170867,"Dessert topping, pressurized",,,none,,
170868,"Dessert topping, semi solid, frozen",,,none,,
170869,"Sour cream, imitation, cultured",http://purl.obolibrary.org/obo/FOODON_03302579,imitation sour cream,added,FoodOn names it through a safe un-inverted form,review loop 2026-09-28
170870,"Milk, reduced fat, fluid, 2% milkfat, with added nonfat milk solids and vitamin A and vitamin D",http://purl.obolibrary.org/obo/FOODON_03000291,"cow milk (reduced fat, vitamin A and D fortified, nonfat milk solids added)",accepted,,
170871,"Milk, reduced fat, fluid, 2% milkfat, protein fortified, with added vitamin A and vitamin D",http://purl.obolibrary.org/obo/FOODON_03000293,"cow milk (reduced fat, vitamin A and D fortified, protein fortified)",accepted,,
170872,"Milk, lowfat, fluid, 1% milkfat, with added vitamin A and vitamin D",http://purl.obolibrary.org/obo/FOODON_03311367,"lowfat cow milk (1% fat, vitamin a and d added)",accepted,,
170873,"Milk, lowfat, fluid, 1% milkfat, with added nonfat milk solids, vitamin A and vitamin D",http://purl.obolibrary.org/obo/FOODON_03000285,"lowfat cow milk (1% fat, vitamin A and D fortified, nonfat milk solids added)",accepted,,
170874,"Milk, buttermilk, fluid, cultured, lowfat",,,none,,
170875,"Milk, low sodium, fluid",http://purl.obolibrary.org/obo/FOODON_03304380,cow milk (low sodium),accepted,,
170876,"Milk, dry, whole, with added vitamin D",http://purl.obolibrary.org/obo/FOODON_03000488,"full cream milk (dry, vitamin D fortified)",accepted,,
170877,"Milk, dry, nonfat, regular, without added vitamin A and vitamin D",http://purl.obolibrary.org/obo/FOODON_03301657,nonfat dry milk,accepted,,
170878,"Milk, canned, evaporated, nonfat, with added vitamin A and vitamin D",http://purl.obolibrary.org/obo/FOODON_03307491,evaporated skim milk,accepted,,
170879,"Milk, chocolate, fluid, commercial, whole, with added vitamin A and vitamin D",http://purl.obolibrary.org/obo/FOODON_03301816,chocolate milk,added,FoodOn names it through a safe un-inverted form,review loop 2026-09-28
170880,"Milk, chocolate, fluid, commercial, reduced fat, with added vitamin A and vitamin D",http://purl.obolibrary.org/obo/FOODON_03000289,chocolate milk (reduced fat),added,FoodOn names it through a safe un-inverted form,review loop 2026-09-28
170881,"Milk, chocolate, lowfat, with added vitamin A and vitamin D",http://purl.obolibrary.org/obo/FOODON_03304793,chocolate milk (low fat),added,FoodOn names it through a safe un-inverted form,review loop 2026-09-28
170882,"Milk, sheep, fluid",,,none,,
170883,"Milk shakes, thick chocolate",,,none,,
170884,"Milk shakes, thick vanilla",,,none,,
170885,"Whey, acid, fluid",http://purl.obolibrary.org/obo/FOODON_00005579,acid whey,accepted,,
170886,"Yogurt, plain, low fat",,,none,,
170887,"Yogurt, plain, skim milk",,,none,,
170888,"Yogurt, vanilla, low fat.",,,none,,
170889,"Yogurt, fruit, low fat,9 g protein/8 oz",,,none,,
170890,"Milk dessert bar, frozen, made from lowfat milk",,,none,,
170891,"Yogurt, Greek, 2% fat,mixed berry blend, CHOBANI",,,none,,
170892,"Nutritional supplement for people with diabetes, liquid",,,none,,
170893,"Egg, whole, raw, frozen, salted, pasteurized",http://purl.obolibrary.org/obo/FOODON_03301075,"chicken egg (shell off, raw)",flagged,The FoodOn name names a part the USDA name does not (shell).,review loop 2026-09-28
170894,"Yogurt, Greek, plain, nonfat (Includes foods for USDA's Food Distribution Program)",,,none,,
170895,"Egg, white, dried, stabilized, glucose reduced",http://purl.obolibrary.org/obo/FOODON_03305612,chicken egg white (dried),accepted,,
170896,"Cheese spread, American or Cheddar cheese base, reduced fat",,,none,,
170897,"Cheese, Swiss, nonfat or fat free",http://purl.obolibrary.org/obo/FOODON_03303659,swiss cheese,added,FoodOn names it through a safe un-inverted form,review loop 2026-09-28
170898,"Cheese, mexican, queso cotija",,,none,,
170899,"Cheese, cheddar, sharp, sliced",http://purl.obolibrary.org/obo/FOODON_03304590,cheddar cheese (sharp),added,FoodOn names it through a safe un-inverted form,review loop 2026-09-28
170900,"Cheese, mozzarella, low moisture, part-skim, shredded",http://purl.obolibrary.org/obo/FOODON_03303579,"mozzarella cheese (low-moisture, part-skim)",added,FoodOn names it through a safe un-inverted form,review loop 2026-09-28
170901,"Yogurt, Greek, strawberry, nonfat",,,none,,
170902,"Yogurt, Greek, vanilla, nonfat",,,none,,
170903,"Yogurt, Greek, plain, lowfat",,,none,,
170904,"Kefir, lowfat, plain, LIFEWAY",,,none,,
170905,"Yogurt, Greek, fruit, whole milk",,,none,,
170906,"Yogurt, vanilla, non-fat",,,none,,
170907,"Yogurt, Greek, vanilla, lowfat",,,none,,
170908,"Yogurt, frozen, flavors other than chocolate, lowfat",http://purl.obolibrary.org/obo/FOODON_03307445,frozen yogurt,added,FoodOn names it through a safe un-inverted form,review loop 2026-09-28
170909,"Yogurt, Greek, 2% fat, pineapple, CHOBANI",,,none,,
170910,"Milk, chocolate, lowfat, reduced sugar",http://purl.obolibrary.org/obo/FOODON_03304793,chocolate milk (low fat),added,FoodOn names it through a safe un-inverted form,review loop 2026-09-28
170911,"Ice cream, lowfat, no sugar added, cone, added peanuts and chocolate sauce",,,none,,
170912,"Yogurt, Greek, 2% fat, strawberry banana, CHOBANI",,,none,,
170913,"Yogurt, Greek, nonfat, Fruit on Bottom, Pomegranate, CHOBANI",,,none,,
170914,"Yogurt, Greek, Blueberry, CHOBANI",,,none,,
170915,"Yogurt, Greek, nonfat, Fruit on Bottom, Strawberry, CHOBANI",,,none,,
170916,"Yogurt, Greek, nonfat, Fruit on Bottom, Blackberry, CHOBANI",,,none,,
170917,"Spices, bay leaf",http://purl.obolibrary.org/obo/FOODON_00003802,bay leaf,accepted,,
170918,"Spices, caraway seed",http://purl.obolibrary.org/obo/FOODON_00003023,caraway seed (dried),accepted,,
170919,"Spices, cardamom",http://purl.obolibrary.org/obo/FOODON_00003792,cardamom seed,accepted,,
170920,"Spices, celery seed",http://purl.obolibrary.org/obo/FOODON_03301862,celery seed (dried),accepted,,
170921,"Spices, coriander leaf, dried",http://purl.obolibrary.org/obo/FOODON_03000031,coriander leaf (dried),accepted,,
170922,"Spices, coriander seed",http://purl.obolibrary.org/obo/FOODON_03000224,coriander seed (whole or pieces),flagged,USDA term is outside the edible branches,review loop 2026-09-28
170923,"Spices, cumin seed",http://purl.obolibrary.org/obo/FOODON_00003024,cumin seed (dried),accepted,,
170924,"Spices, curry powder",http://purl.obolibrary.org/obo/FOODON_03301842,curry powder,accepted,,
170925,"Spices, dill seed",http://purl.obolibrary.org/obo/FOODON_03304832,dill seed (dried),accepted,,
170926,"Spices, ginger, ground",http://purl.obolibrary.org/obo/FOODON_03310490,ginger (ground),accepted,,
170927,"Spices, mace, ground",http://purl.obolibrary.org/obo/FOODON_03310746,mace (ground),accepted,,
170928,"Spices, marjoram, dried",http://purl.obolibrary.org/obo/FOODON_03301201,marjoram (dried),accepted,,
170929,"Spices, mustard seed, ground",http://purl.obolibrary.org/obo/FOODON_03301225,mustard seed (ground),accepted,,
170930,"Spices, parsley, dried",http://purl.obolibrary.org/obo/FOODON_03000024,parsley leaf (dried),flagged,The FoodOn name names a part the USDA name does not (leaf).,review loop 2026-09-28
170931,"Spices, pepper, black",http://purl.obolibrary.org/obo/FOODON_03317003,black pepper powder,flagged,The FoodOn name adds a process the USDA name does not state (powder).,review loop 2026-09-28
170932,"Spices, pepper, red or cayenne",http://purl.obolibrary.org/obo/FOODON_00003798,cayenne pepper,accepted,,
170933,"Spices, pepper, white",http://purl.obolibrary.org/obo/FOODON_00003762,white peppercorn,accepted,,
170934,"Spices, saffron",http://purl.obolibrary.org/obo/FOODON_00003441,saffron thread,accepted,,
170935,"Spices, sage, ground",http://purl.obolibrary.org/obo/FOODON_03301504,sage (ground),accepted,,
170936,"Spices, savory, ground",http://purl.obolibrary.org/obo/FOODON_03301212,"savory leaf (dried, ground)",flagged,The FoodOn name names a part the USDA name does not (leaf).,review loop 2026-09-28
170937,"Spices, tarragon, dried",http://purl.obolibrary.org/obo/FOODON_03301214,tarragon (dried),accepted,,
170938,"Spices, thyme, dried",http://purl.obolibrary.org/obo/FOODON_03301215,thyme (dried),accepted,,
170939,"Babyfood, vegetables, peas, strained",http://purl.obolibrary.org/obo/FOODON_00005488,pea (mashed),accepted,,
170940,"Babyfood, peas, dices, toddler",http://purl.obolibrary.org/obo/FOODON_03301300,pea,accepted,,
170941,"Babyfood, vegetables, spinach, creamed, strained",,,none,,
170942,"Babyfood, fruit, apricot with tapioca, junior",,,none,,
170943,"Babyfood, fruit, pears, junior",http://purl.obolibrary.org/obo/FOODON_03309820,pear (strained),accepted,,
170944,"Babyfood, fruit, plums with tapioca, without ascorbic acid, strained",,,none,,
170945,"Babyfood, fruit, plums with tapioca, without ascorbic acid, junior",,,none,,
170946,"Babyfood, fruit, prunes with tapioca, without ascorbic acid, strained",,,none,,
170947,"Babyfood, fruit, applesauce and apricots, strained",,,none,,
170948,"Babyfood, fruit, applesauce and apricots, junior",,,none,,
170949,"Babyfood, fruit, applesauce and cherries, strained",,,none,,
170950,"Babyfood, fruit, applesauce and cherries, junior",,,none,,
170951,"Babyfood, fruit, applesauce with banana, junior",,,none,,
170952,"Babyfood, fruit and vegetable, apple and sweet potato",,,none,,
170953,"Babyfood, fruit, bananas and pineapple with tapioca, junior",,,none,,
170954,"Babyfood, fruit, bananas and pineapple with tapioca, strained",,,none,,
170955,"Babyfood, fruit, pears and pineapple, strained",,,none,,
170956,"Babyfood, fruit, bananas with apples and pears, strained",,,none,,
170957,"Babyfood, fruit, apple and blueberry, strained",,,none,,
170958,"Babyfood, fruit, apple and blueberry, junior",,,none,,
170959,"Babyfood, juice, apple",http://purl.obolibrary.org/obo/FOODON_00001059,apple juice,accepted,,
170960,"Babyfood, juice, orange and apple and banana",,,none,,
170961,"Babyfood, juice, orange and apricot",,,none,,
170962,"Babyfood, juice, orange and banana",,,none,,
170963,"Babyfood, juice, orange and pineapple",,,none,,
170964,"Babyfood, cereal, mixed, dry fortified",,,none,,
170965,"Babyfood, cereal, mixed, with bananas, dry",,,none,,
170966,"Babyfood, cereal, mixed, with applesauce and bananas, strained",,,none,,
170967,"Babyfood, cereal, mixed, with applesauce and bananas, junior, fortified",,,none,,
170968,"Babyfood, cereal, oatmeal, with honey, dry",,,none,,
170969,"Babyfood, cereal, rice, dry fortified",http://purl.obolibrary.org/obo/FOODON_03310608,oatmeal cereal for infants (dry),accepted,,
170970,"Babyfood, cereal, rice, with applesauce and bananas, strained",,,none,,
170971,"Babyfood, cereal, with egg yolks, strained",,,none,,
170972,"Babyfood, crackers, vegetable",,,none,,
170973,"Babyfood, cereal, high protein, with apple and orange, dry",,,none,,
170974,"Babyfood, cereal, rice, with bananas, dry",,,none,,
170975,"Babyfood, cookies",,,none,,
170976,"Babyfood, dessert, dutch apple, strained",,,none,,
170977,"Babyfood, dessert, dutch apple, junior",,,none,,
170978,"Babyfood, cherry cobbler, junior",,,none,,
170979,"Babyfood, dessert, cherry vanilla pudding, strained",,,none,,
170980,"Babyfood, dessert, peach melba, strained",,,none,,
170981,"Babyfood, dessert, peach melba, junior",,,none,,
170982,"Babyfood, dessert, fruit pudding, pineapple, strained",,,none,,
170983,"Babyfood, dessert, fruit dessert, without ascorbic acid, strained",,,none,,
170984,"Babyfood, juice, fruit punch, with calcium",,,none,,
170985,"Babyfood, juice, apple, with calcium",http://purl.obolibrary.org/obo/FOODON_00005496,apple juice (calcium-fortified),flagged,The FoodOn name adds a process the USDA name does not state (fortified).,review loop 2026-09-28
170986,"Infant Formula, MEAD JOHNSON, ENFAMIL, ENFACARE, ready-to-feed, with ARA and DHA",,,none,,
170987,"Babyfood, yogurt, whole milk, with fruit, multigrain cereal and added DHA fortified",,,none,,
170988,"Infant formula, ABBOTT NUTRITION, ALIMENTUM ADVANCE, with iron, powder, not reconstituted, with DHA and ARA",,,none,,
170989,"Babyfood, mashed cheddar potatoes and broccoli, toddlers",,,none,,
170990,"Babyfood, yogurt, whole milk, with fruit, multigrain cereal and added iron fortified",,,none,,
170991,"Infant formula, NESTLE, GOOD START SOY, with DHA and ARA, liquid concentrate",,,none,,
170992,"Toddler formula, MEAD JOHNSON, ENFAGROW, Toddler Transitions, with ARA and DHA, powder",,,none,,
170993,"Toddler formula, MEAD JOHNSON, ENFAGROW PREMIUM (formerly ENFAMIL, LIPIL, NEXT STEP), ready-to-feed",,,none,,
170994,"Infant Formula, MEAD JOHNSON, ENFAMIL, Newborn, with DHA and ARA, ready-to-feed",,,none,,
170995,"Infant formula, GERBER, GOOD START 2 Soy, with iron, ready-to-feed",,,none,,
170996,"Infant formula, GERBER, GOOD START, PROTECT PLUS, ready-to-feed",,,none,,
170997,"Infant Formula, GERBER GOOD START 2, GENTLE PLUS, ready-to-feed",,,none,,
170998,"Babyfood, fruit, banana and strawberry, junior",,,none,,
170999,"Babyfood, banana with mixed berries, strained",,,none,,
171000,"Babyfood, Multigrain whole grain cereal, dry fortified",,,none,,
171001,"Babyfood, Baby MUM MUM Rice Biscuits",,,none,,
171002,"Salad dressing, KRAFT Mayo Light Mayonnaise",,,none,,
171003,"Salad dressing, KRAFT Mayo Fat Free Mayonnaise Dressing",,,none,,
171004,"Salad dressing, KRAFT MIRACLE WHIP FREE Nonfat Dressing",,,none,,
171005,"Salad dressing, russian dressing",,,none,,
171006,"Salad dressing, sesame seed dressing, regular",,,none,,
171007,"Salad dressing, russian dressing, low calorie",,,none,,
171008,"Salad dressing, thousand island dressing, reduced fat",,,none,,
171009,"Salad dressing, mayonnaise, regular",,,none,,
171010,"Salad dressing, mayonnaise, soybean and safflower oil, with salt",,,none,,
171011,"Shortening, household, soybean (partially hydrogenated)-cottonseed (partially hydrogenated)",,,none,,
171012,"Oil, soybean, salad or cooking, (partially hydrogenated)",http://purl.obolibrary.org/obo/FOODON_00003225,soybean oil (partly hydrogenated),accepted,,
171013,"Oil, rice bran",http://purl.obolibrary.org/obo/FOODON_00003226,rice bran oil,accepted,,
171014,"Oil, wheat germ",http://purl.obolibrary.org/obo/FOODON_03305046,wheat germ oil,accepted,,
171015,"Oil, palm",http://purl.obolibrary.org/obo/FOODON_03310232,palm oil,accepted,,
171016,"Oil, sesame, salad or cooking",http://purl.obolibrary.org/obo/FOODON_03304152,sesame oil,accepted,,
171017,"Oil, sunflower, linoleic (less than 60%)",http://purl.obolibrary.org/obo/FOODON_03310357,sunflower seed oil,accepted,,
171018,"Margarine, regular, hard, soybean (hydrogenated)",,,none,,
171019,"Salad dressing, italian dressing, commercial, regular",,,none,,
171020,"Salad dressing, french dressing, commercial, regular, without salt",,,none,,
171021,"Salad dressing, french dressing, reduced fat, without salt",,,none,,
171022,"Salad dressing, italian dressing, commercial, regular, without salt",,,none,,
171023,"Salad dressing, italian dressing, reduced fat, without salt",,,none,,
171024,"Oil, cottonseed, salad or cooking",http://purl.obolibrary.org/obo/FOODON_03301581,cottonseed oil,accepted,,
171025,"Oil, sunflower, linoleic, (approx. 65%)",http://purl.obolibrary.org/obo/FOODON_03310357,sunflower seed oil,accepted,,
171026,"Oil, safflower, salad or cooking, linoleic, (over 70%)",http://purl.obolibrary.org/obo/FOODON_03302780,safflower oil,accepted,,
171027,"Oil, safflower, salad or cooking, high oleic (primary safflower oil of commerce)",http://purl.obolibrary.org/obo/FOODON_03302780,safflower oil,accepted,,
171028,"Oil, grapeseed",http://purl.obolibrary.org/obo/FOODON_03316687,grape seed oil (edible),flagged,USDA term shares no content word with the USDA name,review loop 2026-09-28
171029,"Oil, corn, industrial and retail, all purpose salad or cooking",http://purl.obolibrary.org/obo/FOODON_03301474,corn oil,accepted,,
171030,"Oil, walnut",http://purl.obolibrary.org/obo/FOODON_00003218,walnut oil,accepted,,
171031,"Oil, almond",http://purl.obolibrary.org/obo/FOODON_03311437,almond oil,accepted,,
171032,"Oil, apricot kernel",http://purl.obolibrary.org/obo/FOODON_00003219,apricot kernel oil,accepted,,
171033,"Oil, vegetable, Natreon canola, high stability, non trans, high oleic (70%)",http://purl.obolibrary.org/obo/FOODON_03302578,canola oil,accepted,,
171034,"Salad dressing, honey mustard dressing, reduced calorie",,,none,,
171035,"Margarine-like spread, BENECOL Light Spread",,,none,,
171036,"Salad dressing, spray-style dressing, assorted flavors",,,none,,
171037,"Salad Dressing, mayonnaise, light, SMART BALANCE, Omega Plus light",,,none,,
171038,"Margarine-like, vegetable oil spread, 60% fat, tub, with salt, with added vitamin D",,,none,,
171039,"Margarine-like vegetable-oil spread, stick/tub/bottle, 60% fat, with added vitamin D",,,none,,
171040,"Margarine, regular, 80% fat, composite, stick, without salt, with added vitamin D",,,none,,
171041,"Margarine-like, vegetable oil spread, 60% fat, stick/tub/bottle, without salt, with added vitamin D",,,none,,
171042,"Oil, industrial, canola, high oleic",http://purl.obolibrary.org/obo/FOODON_03302578,canola oil,accepted,,
171043,"Salad dressing, honey mustard, regular",,,none,,
171044,"Salad dressing, poppyseed, creamy",,,none,,
171045,"Salad dressing, caesar, fat-free",,,none,,
171046,"Dressing, honey mustard, fat-free",,,none,,
171047,"Chicken, broilers or fryers, meat and skin and giblets and neck, raw",http://purl.obolibrary.org/obo/FOODON_03301121,"chicken (whole or pieces, raw)",flagged,"The FoodOn name is a whole animal, a plant or a catalog code, not a food (chicken carcass (with giblets and neck, raw)).",review loop 2026-09-28
171048,"Chicken, broilers or fryers, meat and skin and giblets and neck, cooked, fried, batter",,,none,,
171049,"Chicken, broilers or fryers, meat and skin and giblets and neck, cooked, fried, flour",,,none,,
171050,"Chicken, broilers or fryers, meat and skin and giblets and neck, roasted",http://purl.obolibrary.org/obo/FOODON_00004237,chicken (whole or pieces),flagged,"The FoodOn name is a whole animal, a plant or a catalog code, not a food (chicken carcass (with giblets and neck)).",review loop 2026-09-28
171051,"Chicken, broilers or fryers, meat and skin, cooked, stewed",http://purl.obolibrary.org/obo/FOODON_02020209,piece of chicken meat (with skin),flagged,The FoodOn name says the opposite of the USDA name (skinless).,review loop 2026-09-28
171052,"Chicken, broilers or fryers, meat only, raw",http://purl.obolibrary.org/obo/FOODON_02020208,"piece of chicken meat (skinless, raw)",accepted,,
171053,"Chicken, broilers or fryers, meat only, cooked, fried",http://purl.obolibrary.org/obo/FOODON_02020207,piece of chicken meat (skinless),accepted,,
171054,"Chicken, broilers or fryers, meat only, cooked, roasted",http://purl.obolibrary.org/obo/FOODON_02020207,piece of chicken meat (skinless),accepted,,
171055,"Chicken, broilers or fryers, skin only, cooked, roasted",http://purl.obolibrary.org/obo/FOODON_00002673,piece of chicken skin,accepted,,
171056,"Chicken, broilers or fryers, skin only, cooked, stewed",http://purl.obolibrary.org/obo/FOODON_00002673,piece of chicken skin,accepted,,
171057,"Chicken, broilers or fryers, giblets, raw",http://purl.obolibrary.org/obo/FOODON_03305358,chicken giblet (raw),flagged,"The FoodOn name is a whole animal, a plant or a catalog code, not a food (chicken carcass (with giblets, raw)).",review loop 2026-09-28
171058,"Chicken, broilers or fryers, giblets, cooked, fried",,,flagged,"The FoodOn name is a whole animal, a plant or a catalog code, not a food (chicken carcass (with giblets)).",review loop 2026-09-28
171059,"Chicken, heart, all classes, cooked, simmered",http://purl.obolibrary.org/obo/FOODON_02020178,chicken heart,accepted,,
171060,"Chicken, liver, all classes, raw",http://purl.obolibrary.org/obo/FOODON_03301179,chicken liver (raw),accepted,,
171061,"Chicken, liver, all classes, cooked, simmered",http://purl.obolibrary.org/obo/FOODON_00002705,chicken liver,accepted,,
171062,"Chicken, broilers or fryers, light meat, meat and skin, raw",http://purl.obolibrary.org/obo/FOODON_02020302,"piece of light chicken meat (with skin, raw)",accepted,,
171063,"Chicken, broilers or fryers, dark meat, meat and skin, cooked, fried, batter",,,none,,
171064,"Chicken, broilers or fryers, dark meat, meat and skin, cooked, fried, flour",,,none,,
171065,"Chicken, broilers or fryers, dark meat, meat and skin, cooked, roasted",http://purl.obolibrary.org/obo/FOODON_02020295,piece of dark chicken meat (with skin),accepted,,
171066,"Chicken, broilers or fryers, dark meat, meat and skin, cooked, stewed",http://purl.obolibrary.org/obo/FOODON_02020295,piece of dark chicken meat (with skin),accepted,,
171067,"Chicken, broilers or fryers, dark meat, meat only, raw",http://purl.obolibrary.org/obo/FOODON_02020298,"piece of dark chicken meat (skinless, raw)",accepted,,
171068,"Chicken, broilers or fryers, dark meat, meat only, cooked, fried",http://purl.obolibrary.org/obo/FOODON_02020297,piece of dark chicken meat (skinless),accepted,,
171069,"Chicken, broilers or fryers, dark meat, meat only, cooked, roasted",http://purl.obolibrary.org/obo/FOODON_02020297,piece of dark chicken meat (skinless),accepted,,
171070,"Chicken, broilers or fryers, dark meat, meat only, cooked, stewed",http://purl.obolibrary.org/obo/FOODON_02020297,piece of dark chicken meat (skinless),accepted,,
171071,"Chicken, broilers or fryers, back, meat and skin, cooked, roasted",http://purl.obolibrary.org/obo/FOODON_02020273,piece of chicken back (with skin),accepted,,
171072,"Chicken, broilers or fryers, back, meat and skin, cooked, stewed",http://purl.obolibrary.org/obo/FOODON_02020273,piece of chicken back (with skin),accepted,,
171073,"Chicken, broilers or fryers, back, meat only, raw",http://purl.obolibrary.org/obo/FOODON_02020272,"piece of chicken back (skinless, raw)",accepted,,
171074,"Chicken, broilers or fryers, back, meat only, cooked, fried",http://purl.obolibrary.org/obo/FOODON_02020271,piece of chicken back (skinless),flagged,The FoodOn name names a part the USDA name does not (skin).,review loop 2026-09-28
171075,"Chicken, broilers or fryers, breast, meat and skin, cooked, roasted",http://purl.obolibrary.org/obo/FOODON_02020277,piece of chicken breast (with skin),accepted,,
171076,"Chicken, broilers or fryers, breast, meat and skin, cooked, stewed",http://purl.obolibrary.org/obo/FOODON_02020277,piece of chicken breast (with skin),accepted,,
171077,"Chicken, broiler or fryers, breast, skinless, boneless, meat only, raw",http://purl.obolibrary.org/obo/FOODON_02020280,"piece of chicken breast (skinless, boneless, raw)",accepted,,
171078,"Chicken, broilers or fryers, breast, meat only, cooked, fried",http://purl.obolibrary.org/obo/FOODON_02020275,piece of chicken breast (skinless),accepted,,
171079,"Squab, (pigeon), meat only, raw",http://purl.obolibrary.org/obo/FOODON_02020766,"piece of squab meat (skinless, raw)",accepted,,
171080,"Squab, (pigeon), light meat without skin, raw",http://purl.obolibrary.org/obo/FOODON_02020772,"piece of light squab meat (skinless, raw)",accepted,,
171081,"Turkey, whole, meat and skin, raw",http://purl.obolibrary.org/obo/FOODON_02020575,"piece(s) of turkey meat (with skin, raw)",accepted,,
171082,"Turkey, whole, skin (light and dark), roasted",http://purl.obolibrary.org/obo/FOODON_02020449,piece of turkey skin,accepted,,
171083,"Turkey, whole, giblets, raw",,,flagged,"The FoodOn name is a whole animal, a plant or a catalog code, not a food (turkey carcass (with giblets, raw)).",review loop 2026-09-28
171084,"Turkey, whole, giblets, cooked, simmered",,,flagged,"The FoodOn name is a whole animal, a plant or a catalog code, not a food (turkey carcass (with giblets)).",review loop 2026-09-28
171085,"Turkey, gizzard, all classes, raw",http://purl.obolibrary.org/obo/FOODON_02020446,turkey gizzard (raw),accepted,,
171086,"Turkey, whole, neck, meat only, raw",http://purl.obolibrary.org/obo/FOODON_02020486,turkey neck (raw),accepted,,
171087,"Turkey, whole, neck, meat only, cooked, simmered",http://purl.obolibrary.org/obo/FOODON_02020547,piece of turkey neck (skinless),accepted,,
171088,"Turkey, whole, light meat, meat and skin, raw",http://purl.obolibrary.org/obo/FOODON_02020566,"piece of light turkey meat (with skin, raw)",accepted,,
171089,"Turkey, whole, light meat, meat and skin, cooked, roasted",http://purl.obolibrary.org/obo/FOODON_02020565,piece of light turkey meat (with skin),accepted,,
171090,"Turkey, whole, dark meat, meat only, raw",http://purl.obolibrary.org/obo/FOODON_02020562,"piece of dark turkey meat (skinless, raw)",accepted,,
171091,"Turkey, whole, dark meat, cooked, roasted",http://purl.obolibrary.org/obo/FOODON_02020557,piece of dark turkey meat,accepted,,
171092,"Turkey, all classes, back, meat and skin, cooked, roasted",http://purl.obolibrary.org/obo/FOODON_02020537,piece of turkey back (with skin),accepted,,
171093,"Turkey, all classes, breast, meat and skin, raw",http://purl.obolibrary.org/obo/FOODON_02020542,"piece of turkey breast (with skin, raw)",accepted,,
171094,"Turkey, all classes, wing, meat and skin, cooked, roasted",http://purl.obolibrary.org/obo/FOODON_02020553,piece of turkey wing (with skin),accepted,,
171095,"Turkey, fryer-roasters, meat and skin, cooked, roasted",http://purl.obolibrary.org/obo/FOODON_02020467,piece of turkey meat (with skin),accepted,,
171096,"Turkey, whole, back, meat only, raw",http://purl.obolibrary.org/obo/FOODON_02020536,"piece of turkey back (skinless, raw)",accepted,,
171097,"Turkey, whole, back, meat only, cooked, roasted",http://purl.obolibrary.org/obo/FOODON_02020535,piece of turkey back (skinless),accepted,,
171098,"Turkey, whole, breast, meat only, raw",http://purl.obolibrary.org/obo/FOODON_02020540,"piece of turkey breast (skinless, raw)",accepted,,
171099,"Chicken, canned, meat only, with broth",http://purl.obolibrary.org/obo/FOODON_03305093,"piece(s) of chicken meat (deboned, canned)",accepted,,
171100,"Pate de foie gras, canned (goose liver pate), smoked",http://purl.obolibrary.org/obo/FOODON_03306998,goose liver paste,flagged,"The FoodOn name lacks the USDA food's main word (pate, de).",review loop 2026-09-28
171101,"Turkey, canned, meat only, with broth",http://purl.obolibrary.org/obo/FOODON_02020573,piece(s) of turkey meat (skinless),accepted,,
171102,"Turkey, diced, light and dark meat, seasoned",,,none,,
171103,"Turkey sticks, breaded, battered, fried",,,none,,
171104,"Poultry, mechanically deboned, from backs and necks with skin, raw",http://purl.obolibrary.org/obo/FOODON_02020703,"piece of poultry meat (mechanically deboned, with skin, raw)",accepted,,
171105,"Poultry, mechanically deboned, from backs and necks without skin, raw",http://purl.obolibrary.org/obo/FOODON_02020704,"piece of poultry meat (mechanically deboned, skinless, raw)",accepted,,
171106,"Poultry, mechanically deboned, from mature hens, raw",http://purl.obolibrary.org/obo/FOODON_02020702,"piece of poultry meat (mechanically deboned, raw)",accepted,,
171107,"Chicken, cornish game hens, meat and skin, cooked, roasted",http://purl.obolibrary.org/obo/FOODON_02020209,piece of chicken meat (with skin),accepted,,
171108,"Chicken, cornish game hens, meat only, raw",http://purl.obolibrary.org/obo/FOODON_02020208,"piece of chicken meat (skinless, raw)",accepted,,
171109,"Chicken, cornish game hens, meat only, cooked, roasted",http://purl.obolibrary.org/obo/FOODON_02020207,piece of chicken meat (skinless),accepted,,
171110,"Chicken, canned, no broth",http://purl.obolibrary.org/obo/FOODON_03305093,"piece(s) of chicken meat (deboned, canned)",accepted,,
171111,"Chicken, wing, frozen, glazed, barbecue flavored",,,none,,
171112,"Duck, young duckling, domesticated, White Pekin, leg, meat and skin, bone in, cooked, roasted",http://purl.obolibrary.org/obo/FOODON_02020140,piece of duck meat (with skin),accepted,,
171113,"Duck, young duckling, domesticated, White Pekin, leg, meat only, bone in, cooked without skin, braised",http://purl.obolibrary.org/obo/FOODON_02022308,piece of duck leg (skinless),accepted,,
171114,"Chicken, broiler, rotisserie, BBQ, drumstick, meat only",http://purl.obolibrary.org/obo/FOODON_02020207,piece of chicken meat (skinless),accepted,,
171115,"Chicken, wing, frozen, glazed, barbecue flavored, heated (conventional oven)",http://purl.obolibrary.org/obo/FOODON_00002674,chicken wing,accepted,,
171116,"Chicken, ground, raw",http://purl.obolibrary.org/obo/FOODON_02020312,"chicken meat (ground, raw)",accepted,,
171117,"Chicken, ground, crumbles, cooked, pan-browned",http://purl.obolibrary.org/obo/FOODON_02020311,chicken meat (ground),accepted,,
171118,"Chicken, broiler, rotisserie, BBQ, thigh, meat only",http://purl.obolibrary.org/obo/FOODON_02020207,piece of chicken meat (skinless),accepted,,
171119,"Chicken, feet, boiled",http://purl.obolibrary.org/obo/FOODON_02020220,chicken foot,accepted,,
171120,"Chicken, broilers or fryers, rotisserie, original seasoning, thigh, meat only, cooked",,,none,,
171121,"Chicken, broilers or fryers, rotisserie, original seasoning, wing, meat only, cooked",,,none,,
171122,"Chicken, broilers or fryers, rotisserie, original seasoning, back, meat and skin, cooked",,,none,,
171123,"Chicken, broilers or fryers, rotisserie, original seasoning, breast, meat and skin, cooked",,,none,,
171124,"Chicken, broiler, rotisserie, BBQ, back, meat and skin",http://purl.obolibrary.org/obo/FOODON_02020273,piece of chicken back (with skin),accepted,,
171125,"Chicken, broiler, rotisserie, BBQ, breast, meat and skin",http://purl.obolibrary.org/obo/FOODON_02020209,piece of chicken meat (with skin),accepted,,
171126,"Chicken, broiler, rotisserie, BBQ, drumstick, meat and skin",http://purl.obolibrary.org/obo/FOODON_02020267,piece of chicken drumstick (with skin),accepted,,
171127,"Chicken, broiler, rotisserie, BBQ, thigh, meat and skin",http://purl.obolibrary.org/obo/FOODON_02020285,piece of chicken thigh (with skin),accepted,,
171128,"Turkey, drumstick, from whole bird, meat only, with added solution, roasted",,,none,,
171129,"Turkey, thigh, from whole bird, meat only, with added solution, raw",,,none,,
171130,"Turkey, retail parts, breast, meat and skin, with added solution, raw",,,none,,
171131,"Turkey, thigh, from whole bird, meat only, with added solution, roasted",,,none,,
171132,"Turkey, retail parts, wing, meat and skin, raw",http://purl.obolibrary.org/obo/FOODON_02020632,"piece(s) of turkey wing (with skin, raw)",accepted,,
171133,"Turkey, retail parts, wing, meat and skin, cooked, roasted",http://purl.obolibrary.org/obo/FOODON_02020628,piece(s) of turkey wing (with skin),accepted,,
171134,"Turkey, retail parts, drumstick, meat and skin, raw",http://purl.obolibrary.org/obo/FOODON_02020630,"piece(s) of turkey drumstick (with skin, raw)",accepted,,
171135,"Turkey, retail parts, drumstick, meat and skin, cooked, roasted",http://purl.obolibrary.org/obo/FOODON_02020531,piece of turkey drumstick (with skin),accepted,,
171136,"Turkey, drumstick, from whole bird, meat only, raw",http://purl.obolibrary.org/obo/FOODON_02020534,"piece of turkey drumstick (skinless, raw)",accepted,,
171137,"Turkey, retail parts, thigh, meat and skin, cooked, roasted",http://purl.obolibrary.org/obo/FOODON_02020549,piece of turkey thigh (with skin),accepted,,
171138,"Turkey, back, from whole bird, meat and skin, with added solution, raw",http://purl.obolibrary.org/obo/FOODON_02020538,"piece of turkey back (with skin, raw)",accepted,,
171139,"Turkey, back, from whole bird, meat and skin, with added solution, roasted",http://purl.obolibrary.org/obo/FOODON_02020537,piece of turkey back (with skin),flagged,The FoodOn name says the opposite of the USDA name (raw).,review loop 2026-09-28
171140,"Chicken, broiler or fryers, breast, skinless, boneless, meat only, cooked, braised",http://purl.obolibrary.org/obo/FOODON_02020279,"piece of chicken breast (skinless, boneless)",accepted,,
171141,"Soup, black bean, canned, condensed",,,none,,
171142,"Soup, bean with pork, canned, condensed",,,none,,
171143,"Soup, bean with frankfurters, canned, condensed",,,none,,
171144,"Soup, bean with ham, canned, chunky, ready-to-serve",,,none,,
171145,"Soup, chicken, canned, chunky, ready-to-serve",http://purl.obolibrary.org/obo/FOODON_03306286,chicken soup,added,FoodOn names it through a safe un-inverted form,review loop 2026-09-28
171146,"Soup, cream of chicken, canned, condensed",http://purl.obolibrary.org/obo/FOODON_03304199,cream of chicken soup (condensed),added,FoodOn names it through a safe un-inverted form,review loop 2026-09-28
171147,"Soup, chicken gumbo, canned, condensed",http://purl.obolibrary.org/obo/FOODON_03304903,chicken gumbo soup,added,FoodOn names it through a safe un-inverted form,review loop 2026-09-28
171148,"Soup, chunky chicken noodle, canned, ready-to-serve",,,none,,
171149,"Soup, chicken vegetable, canned, condensed",http://purl.obolibrary.org/obo/FOODON_03310946,chicken vegetable soup,added,FoodOn names it through a safe un-inverted form,review loop 2026-09-28
171150,"Soup, chili beef, canned, condensed",,,none,,
171151,"Soup, clam chowder, manhattan style, canned, chunky, ready-to-serve",,,none,,
171152,"Soup, clam chowder, manhattan, canned, condensed",,,none,,
171153,"Soup, minestrone, canned, condensed",http://purl.obolibrary.org/obo/FOODON_03304952,minestrone soup,added,FoodOn names it through a safe un-inverted form,review loop 2026-09-28
171154,"Soup, mushroom barley, canned, condensed",,,none,,
171155,"Soup, cream of mushroom, canned, condensed",http://purl.obolibrary.org/obo/FOODON_03305128,cream of mushroom soup,added,FoodOn names it through a safe un-inverted form,review loop 2026-09-28
171156,"Soup, mushroom with beef stock, canned, condensed",,,none,,
171157,"Soup, pea, split with ham, canned, condensed",http://purl.obolibrary.org/obo/FOODON_03304927,pea soup,added,FoodOn names it through a safe un-inverted form,review loop 2026-09-28
171158,"Soup, cream of potato, canned, condensed",http://purl.obolibrary.org/obo/FOODON_03305133,cream of potato soup,added,FoodOn names it through a safe un-inverted form,review loop 2026-09-28
171159,"Soup, cream of shrimp, canned, condensed",,,none,,
171160,"Soup, tomato beef with noodle, canned, condensed",,,none,,
171161,"Soup, vegetarian vegetable, canned, condensed",,,none,,
171162,"Soup, chunky beef, canned, ready-to-serve",,,none,,
171163,"Soup, vegetable beef, canned, condensed",http://purl.obolibrary.org/obo/FOODON_03305999,vegetable beef soup,added,FoodOn names it through a safe un-inverted form,review loop 2026-09-28
171164,"Soup, vegetable with beef broth, canned, condensed",,,none,,
171165,"Soup, onion, dry, mix",http://purl.obolibrary.org/obo/FOODON_03309457,onion soup mix,added,FoodOn names it through a safe un-inverted form,review loop 2026-09-28
171166,"Soup, cream of vegetable, dry, powder",,,none,,
171167,"Sauce, teriyaki, ready-to-serve",http://purl.obolibrary.org/obo/FOODON_03306566,teriyaki sauce,added,FoodOn names it through a safe un-inverted form,review loop 2026-09-28
171168,"Gravy, au jus, canned",,,none,,
171169,"Gravy, au jus, dry",,,none,,
171170,"Gravy, mushroom, canned",http://purl.obolibrary.org/obo/FOODON_03305312,mushroom gravy,added,FoodOn names it through a safe un-inverted form,review loop 2026-09-28
171171,"Gravy, mushroom, dry, powder",http://purl.obolibrary.org/obo/FOODON_03305312,mushroom gravy,added,FoodOn names it through a safe un-inverted form,review loop 2026-09-28
171172,"Gravy, onion, dry, mix",,,none,,
171173,"Gravy, pork, dry, powder",,,none,,
171174,"Sauce, sofrito, prepared from recipe",,,none,,
171175,"Soup, beef mushroom, canned, condensed",,,none,,
171176,"Soup, tomato, canned, prepared with equal volume water, commercial",http://purl.obolibrary.org/obo/FOODON_03304909,tomato soup,added,FoodOn names it through a safe un-inverted form,review loop 2026-09-28
171177,"Soup, ramen noodle, any flavor, dry",,,none,,
171178,"Soup, broccoli cheese, canned, condensed, commercial",,,none,,
171179,"Soup, SWANSON, beef broth, lower sodium",,,none,,
171180,"Soup, SWANSON, vegetable broth",,,none,,
171181,"SMART SOUP, Indian Bean Masala",,,none,,
171182,"SMART SOUP, Moroccan Chick Pea",,,none,,
171183,"SMART SOUP, Thai Coconut Curry",,,none,,
171184,"SMART SOUP, Vietnamese Carrot Lemongrass",,,none,,
171185,"Sauce, pesto, MEZZETTA, NAPA VALLEY BISTRO, basil pesto, ready-to-serve",http://purl.obolibrary.org/obo/FOODON_03310218,pesto sauce,added,FoodOn names it through a safe un-inverted form,review loop 2026-09-28
171186,"Sauce, hot chile, sriracha",,,none,,
171187,"Sauce, hot chile, sriracha, CHA! BY TEXAS PETE",,,none,,
171188,"Sauce, hot chile, sriracha, TUONG OT SRIRACHA",,,none,,
171189,"Soup, vegetable beef, microwavable, ready-to-serve, single brand",http://purl.obolibrary.org/obo/FOODON_03305999,vegetable beef soup,added,FoodOn names it through a safe un-inverted form,review loop 2026-09-28
171190,"Soup, beef and vegetables, canned, ready-to-serve",,,none,,
171191,"Sauce, cheese, ready-to-serve",http://purl.obolibrary.org/obo/FOODON_03304042,cheese sauce,added,FoodOn names it through a safe un-inverted form,review loop 2026-09-28
171192,"Sauce, pasta, spaghetti/marinara, ready-to-serve",,,none,,
171193,"Beef, chuck, short ribs, boneless, separable lean only, trimmed to 0"" fat, select, raw",http://purl.obolibrary.org/obo/FOODON_02000092,"beef chuck short rib (boneless, raw)",accepted,,
171194,"Beef, chuck eye Country-Style ribs, boneless, separable lean only, trimmed to 0"" fat, select, raw",http://purl.obolibrary.org/obo/FOODON_02000061,beef country-style rib (raw),accepted,,
171195,"Beef, chuck eye Country-Style ribs, boneless, separable lean only, trimmed to 0"" fat, all grades, raw",http://purl.obolibrary.org/obo/FOODON_02000061,beef country-style rib (raw),accepted,,
171196,"Beef, chuck eye steak, boneless, separable lean only, trimmed to 0"" fat, choice, cooked, grilled",http://purl.obolibrary.org/obo/FOODON_02000058,beef chuck eye steak,accepted,,
171197,"Beef, chuck eye steak, boneless, separable lean only, trimmed to 0"" fat, select, cooked, grilled",http://purl.obolibrary.org/obo/FOODON_02000058,beef chuck eye steak,accepted,,
171198,"Beef, shoulder pot roast, boneless, separable lean only, trimmed to 0"" fat, choice, cooked, braised",http://purl.obolibrary.org/obo/FOODON_02000075,beef shoulder roast,accepted,,
171199,"Beef, shoulder pot roast, boneless, separable lean only, trimmed to 0"" fat, select, cooked, braised",http://purl.obolibrary.org/obo/FOODON_02000075,beef shoulder roast,accepted,,
171200,"Beef, shoulder pot roast, boneless, separable lean only, trimmed to 0"" fat, all grades, cooked, braised",http://purl.obolibrary.org/obo/FOODON_02000075,beef shoulder roast,accepted,,
171201,"Beef, chuck, mock tender steak, boneless, separable lean only, trimmed to 0"" fat, choice, cooked, braised",http://purl.obolibrary.org/obo/FOODON_02000048,beef chuck tender steak,accepted,,
171202,"Beef, chuck, mock tender steak, boneless, separable lean only, trimmed to 0"" fat, all grades, raw",http://purl.obolibrary.org/obo/FOODON_02000049,beef chuck tender steak (raw),accepted,,
171203,"Beef, chuck for stew, separable lean and fat, all grades, cooked, braised",http://purl.obolibrary.org/obo/FOODON_02000045,beef chuck,accepted,,
171204,"Beef, chuck for stew, separable lean and fat, select, cooked, braised",http://purl.obolibrary.org/obo/FOODON_02000045,beef chuck,accepted,,
171205,"Beef, chuck for stew, separable lean and fat, choice, cooked, braised",http://purl.obolibrary.org/obo/FOODON_02000045,beef chuck,accepted,,
171206,"Beef, chuck for stew, separable lean and fat, all grades, raw",http://purl.obolibrary.org/obo/FOODON_03310939,beef chuck (raw),accepted,,
171207,"Beef, chuck, under blade steak, boneless, separable lean only, trimmed to 0"" fat, all grades, cooked, braised",http://purl.obolibrary.org/obo/FOODON_02000065,beef denver steak,accepted,,
171208,"Beef, chuck, under blade pot roast, boneless, separable lean and fat, trimmed to 0"" fat, all grades, cooked, braised",http://purl.obolibrary.org/obo/FOODON_02000101,beef blade chuck roast,accepted,,
171209,"Beef, rib eye steak, boneless, lip-on, separable lean only, trimmed to 1/8"" fat, all grades, cooked, grilled",http://purl.obolibrary.org/obo/FOODON_02000209,beef ribeye steak,accepted,,
171210,"Beef, rib eye roast, bone-in, lip-on, separable lean only, trimmed to 1/8"" fat, choice, cooked, roasted",http://purl.obolibrary.org/obo/FOODON_02000207,beef ribeye roast,accepted,,
171211,"Beef, chuck, under blade center steak, boneless, Denver Cut, separable lean and fat, trimmed to 0"" fat, choice, cooked, grilled",http://purl.obolibrary.org/obo/FOODON_02000065,beef denver steak,accepted,,
171212,"Beef, chuck, under blade center steak, boneless, Denver Cut, separable lean and fat, trimmed to 0"" fat, select, cooked, grilled",http://purl.obolibrary.org/obo/FOODON_02000065,beef denver steak,accepted,,
171213,"Beef, chuck, under blade center steak, boneless, Denver Cut, separable lean and fat, trimmed to 0"" fat, all grades, raw",http://purl.obolibrary.org/obo/FOODON_02000066,beef denver steak (raw),accepted,,
171214,"Beef, chuck, under blade center steak, boneless, Denver Cut, separable lean and fat, trimmed to 0"" fat, choice, raw",http://purl.obolibrary.org/obo/FOODON_02000067,beef denver roast,accepted,,
171215,"Beef, chuck eye roast, boneless, America's Beef Roast, separable lean and fat, trimmed to 0"" fat, choice, cooked, roasted",http://purl.obolibrary.org/obo/FOODON_02000056,beef chuck eye roast,accepted,,
171216,"Beef, chuck eye roast, boneless, America's Beef Roast, separable lean and fat, trimmed to 0"" fat, select, cooked, roasted",http://purl.obolibrary.org/obo/FOODON_02000056,beef chuck eye roast,accepted,,
171217,"Beef, chuck, under blade steak, boneless, separable lean and fat, trimmed to 0"" fat, all grades, cooked, braised",http://purl.obolibrary.org/obo/FOODON_02000065,beef denver steak,accepted,,
171218,"Beef, chuck, under blade steak, boneless, separable lean and fat, trimmed to 0"" fat, choice, cooked, braised",http://purl.obolibrary.org/obo/FOODON_02000065,beef denver steak,accepted,,
171219,"Beef, chuck, under blade steak, boneless, separable lean and fat, trimmed to 0"" fat, select, cooked, braised",http://purl.obolibrary.org/obo/FOODON_02000065,beef denver steak,accepted,,
171220,"Beef, chuck, mock tender steak, boneless, separable lean and fat, trimmed to 0"" fat, choice, raw",http://purl.obolibrary.org/obo/FOODON_02000049,beef chuck tender steak (raw),accepted,,
171221,"Beef, chuck, mock tender steak, boneless, separable lean and fat, trimmed to 0"" fat, select, raw",http://purl.obolibrary.org/obo/FOODON_02000049,beef chuck tender steak (raw),accepted,,
171222,"Beef, chuck, short ribs, boneless, separable lean and fat, trimmed to 0"" fat, all grades, cooked, braised",http://purl.obolibrary.org/obo/FOODON_02000091,beef chuck short rib (boneless),accepted,,
171223,"Beef, chuck, short ribs, boneless, separable lean and fat, trimmed to 0"" fat, choice, cooked, braised",http://purl.obolibrary.org/obo/FOODON_02000091,beef chuck short rib (boneless),accepted,,
171224,"Beef, shoulder pot roast, boneless, separable lean and fat, trimmed to 0"" fat, all grades, cooked, braised",http://purl.obolibrary.org/obo/FOODON_02000075,beef shoulder roast,accepted,,
171225,"Beef, shoulder pot roast, boneless, separable lean and fat, trimmed to 0"" fat, choice, cooked, braised",http://purl.obolibrary.org/obo/FOODON_02000075,beef shoulder roast,accepted,,
171226,"Beef, shoulder pot roast, boneless, separable lean and fat, trimmed to 0"" fat, select, cooked, braised",http://purl.obolibrary.org/obo/FOODON_02000075,beef shoulder roast,accepted,,
171227,"Beef, chuck eye Country-Style ribs, boneless, separable lean and fat, trimmed to 0"" fat, all grades, cooked, braised",http://purl.obolibrary.org/obo/FOODON_02000060,beef country-style rib,accepted,,
171228,"Beef, chuck eye steak, boneless, separable lean and fat, trimmed to 0"" fat, all grades, cooked, grilled",http://purl.obolibrary.org/obo/FOODON_02000058,beef chuck eye steak,accepted,,
171229,"Beef, chuck eye steak, boneless, separable lean and fat, trimmed to 0"" fat, choice, cooked, grilled",http://purl.obolibrary.org/obo/FOODON_02000058,beef chuck eye steak,accepted,,
171230,"Beef, chuck eye steak, boneless, separable lean and fat, trimmed to 0"" fat, select, cooked, grilled",http://purl.obolibrary.org/obo/FOODON_02000058,beef chuck eye steak,accepted,,
171231,"Beef, chuck eye steak, boneless, separable lean and fat, trimmed to 0"" fat, all grades, raw",http://purl.obolibrary.org/obo/FOODON_02000059,beef chuck eye steak (raw),accepted,,
171232,"Beef, rib eye steak, boneless, lip-on, separable lean only, trimmed to 1/8"" fat, choice, cooked, grilled",http://purl.obolibrary.org/obo/FOODON_02000209,beef ribeye steak,accepted,,
171233,"Beef, rib eye steak, boneless, lip-on, separable lean only, trimmed to 1/8"" fat, select, cooked, grilled",http://purl.obolibrary.org/obo/FOODON_02000209,beef ribeye steak,accepted,,
171234,"Beef, rib eye steak/roast, bone-in, lip-on, separable lean only, trimmed to 1/8"" fat, all grades, raw",http://purl.obolibrary.org/obo/FOODON_02000210,beef ribeye steak (raw),accepted,,
171235,"Beef, rib eye steak/roast, bone-in, lip-on, separable lean only, trimmed to 1/8"" fat, choice, raw",http://purl.obolibrary.org/obo/FOODON_02000210,beef ribeye steak (raw),accepted,,
171236,"Beef, rib eye steak, bone-in, lip-on, separable lean only, trimmed to 1/8"" fat, all grades, cooked, grilled",http://purl.obolibrary.org/obo/FOODON_02000209,beef ribeye steak,accepted,,
171237,"Beef, rib eye steak, bone-in, lip-on, separable lean only, trimmed to 1/8"" fat, choice, cooked, grilled",http://purl.obolibrary.org/obo/FOODON_02000209,beef ribeye steak,accepted,,
171238,"Beef, rib eye steak, bone-in, lip-on, separable lean only, trimmed to 1/8"" fat, select, cooked, grilled",http://purl.obolibrary.org/obo/FOODON_02000209,beef ribeye steak,accepted,,
171239,"Beef, rib eye roast, boneless, lip-on, separable lean only, trimmed to 1/8"" fat, all grades, cooked, roasted",http://purl.obolibrary.org/obo/FOODON_02000207,beef ribeye roast,accepted,,
171240,"Cheese, gjetost",http://purl.obolibrary.org/obo/FOODON_03000489,gjetost cheese,added,FoodOn names it through a safe un-inverted form,review loop 2026-09-28
171241,"Cheese, gouda",http://purl.obolibrary.org/obo/FOODON_03303514,gouda cheese,added,FoodOn names it through a safe un-inverted form,review loop 2026-09-28
171242,"Cheese, gruyere",http://purl.obolibrary.org/obo/FOODON_03303686,gruyere cheese,added,FoodOn names it through a safe un-inverted form,review loop 2026-09-28
171243,"Cheese, limburger",http://purl.obolibrary.org/obo/FOODON_03303664,Limburger cheese,added,FoodOn names it through a safe un-inverted form,review loop 2026-09-28
171244,"Cheese, mozzarella, low moisture, part-skim",http://purl.obolibrary.org/obo/FOODON_03303579,"mozzarella cheese (low-moisture, part-skim)",added,FoodOn names it through a safe un-inverted form,review loop 2026-09-28
171245,"Cheese, muenster",http://purl.obolibrary.org/obo/FOODON_03303682,muenster cheese,added,FoodOn names it through a safe un-inverted form,review loop 2026-09-28
171246,"Cheese, neufchatel",,,none,,
171247,"Cheese, parmesan, grated",,,none,,
171248,"Cheese, ricotta, part skim milk",http://purl.obolibrary.org/obo/FOODON_03000486,ricotta cheese (part-skim),added,FoodOn names it through a safe un-inverted form,review loop 2026-09-28
171249,"Cheese, romano",http://purl.obolibrary.org/obo/FOODON_03000473,romano cheese,added,FoodOn names it through a safe un-inverted form,review loop 2026-09-28
171250,"Cheese, roquefort",http://purl.obolibrary.org/obo/FOODON_00002424,roquefort cheese,added,FoodOn names it through a safe un-inverted form,review loop 2026-09-28
171251,"Cheese, swiss",http://purl.obolibrary.org/obo/FOODON_03303659,swiss cheese,added,FoodOn names it through a safe un-inverted form,review loop 2026-09-28
171252,"Cheese food, pasteurized process, American, vitamin D fortified",http://purl.obolibrary.org/obo/FOODON_03000490,pasteurized process american cheese food (vitamin D fortified),added,FoodOn names it through a safe un-inverted form,review loop 2026-09-28
171253,"Cheese food, pasteurized process, swiss",http://purl.obolibrary.org/obo/FOODON_03303517,pasteurized process cheese food,added,FoodOn names it through a safe un-inverted form,review loop 2026-09-28
171254,"Cheese spread, pasteurized process, American",http://purl.obolibrary.org/obo/FOODON_03000485,pasteurized process american cheese spread,added,FoodOn names it through a safe un-inverted form,review loop 2026-09-28
171255,"Cream, fluid, half and half",http://purl.obolibrary.org/obo/FOODON_03301794,half and half,accepted,,
171256,"Cream, sour, reduced fat, cultured",http://purl.obolibrary.org/obo/FOODON_03000477,light sour cream,added,FoodOn names it through a safe un-inverted form,review loop 2026-09-28
171257,"Cream, sour, cultured",http://purl.obolibrary.org/obo/FOODON_03302515,sour cream,added,FoodOn names it through a safe un-inverted form,review loop 2026-09-28
171258,Eggnog,http://purl.obolibrary.org/obo/FOODON_03301802,eggnog,added,FoodOn names it through a safe un-inverted form,review loop 2026-09-28
171259,"Sour dressing, non-butterfat, cultured, filled cream-type",,,none,,
171260,"Yogurt, Greek, 2%fat, coconut blend, CHOBANI",,,none,,
171261,"Cream substitute, liquid, with hydrogenated vegetable oil and soy protein",,,none,,
171262,"Cream substitute, liquid, with lauric acid oil and sodium caseinate",,,none,,
171263,"Cream substitute, powdered",,,none,,
171264,"Milk substitutes, fluid, with lauric acid oil",,,none,,
171265,"Milk, whole, 3.25% milkfat, with added vitamin D",http://purl.obolibrary.org/obo/FOODON_03000467,cow whole milk 3.5% fat (vitamin D fortified),accepted,,
171266,"Milk, producer, fluid, 3.7% milkfat",http://purl.obolibrary.org/obo/FOODON_03310780,cow whole milk 3.5% fat,accepted,,
171267,"Milk, reduced fat, fluid, 2% milkfat, with added vitamin A and vitamin D",http://purl.obolibrary.org/obo/FOODON_03304470,lowfat cow milk (fortified),accepted,,
171268,"Milk, lowfat, fluid, 1% milkfat, protein fortified, with added vitamin A and vitamin D",http://purl.obolibrary.org/obo/FOODON_03311367,"lowfat cow milk (1% fat, vitamin a and d added)",accepted,,
171269,"Milk, nonfat, fluid, with added vitamin A and vitamin D (fat free or skim)",http://purl.obolibrary.org/obo/FOODON_03000282,skim milk (vitamin A and D fortified),accepted,,
171270,"Milk, nonfat, fluid, with added nonfat milk solids, vitamin A and vitamin D (fat free or skim)",http://purl.obolibrary.org/obo/FOODON_03000283,"skim milk (vitamin A and D fortified, nonfat milk solids added)",accepted,,
171271,"Milk, nonfat, fluid, protein fortified, with added vitamin A and vitamin D (fat free and skim)",http://purl.obolibrary.org/obo/FOODON_03000284,"skim milk (vitamin A and D fortified, protein fortified)",accepted,,
171272,"Milk, dry, nonfat, instant, with added vitamin A and vitamin D",http://purl.obolibrary.org/obo/FOODON_03000487,"nonfat dry milk (instant, vitamin A and D fortified)",accepted,,
171273,"Milk, dry, nonfat, calcium reduced",http://purl.obolibrary.org/obo/FOODON_03304397,nonfat dry milk (calcium-reduced),accepted,,
171274,"Milk, buttermilk, dried",,,none,,
171275,"Milk, canned, condensed, sweetened",http://purl.obolibrary.org/obo/FOODON_03304384,sweetened condensed milk,accepted,,
171276,"Milk, canned, evaporated, with added vitamin D and without added vitamin A",http://purl.obolibrary.org/obo/FOODON_03301505,evaporated milk,accepted,,
171277,"Milk, chocolate beverage, hot cocoa, homemade",,,none,,
171278,"Milk, goat, fluid, with added vitamin D",http://purl.obolibrary.org/obo/FOODON_03000471,goat milk (vitamin d fortified),accepted,,
171279,"Milk, human, mature, fluid",http://purl.obolibrary.org/obo/FOODON_03303918,human milk (raw),accepted,,
171280,"Milk, indian buffalo, fluid",http://purl.obolibrary.org/obo/FOODON_02021781,water buffalo milk,accepted,,
171281,"Whey, acid, dried",http://purl.obolibrary.org/obo/FOODON_00005579,acid whey,accepted,,
171282,"Whey, sweet, fluid",http://purl.obolibrary.org/obo/FOODON_00005580,sweet whey,accepted,,
171283,"Whey, sweet, dried",http://purl.obolibrary.org/obo/FOODON_00005580,sweet whey,accepted,,
171284,"Yogurt, plain, whole milk",,,none,,
171285,"Yogurt, fruit, low fat, 10 grams protein per 8 ounce",,,none,,
171286,"Yogurt, fruit, low fat, 11g protein/8 oz",,,none,,
171287,"Egg, whole, raw, fresh",http://purl.obolibrary.org/obo/FOODON_02020152,chicken egg (raw),flagged,The FoodOn name names a part the USDA name does not (shell).,review loop 2026-09-28
171288,"Cheese, Mexican blend",,,none,,
171289,"Cheese product, pasteurized process, American, vitamin D fortified",,,none,,
171290,"Cheese, pasteurized process, American, without added vitamin D",http://purl.obolibrary.org/obo/FOODON_03000482,pasteurized process american cheese,added,FoodOn names it through a safe un-inverted form,review loop 2026-09-28
171291,"Cheese food, pasteurized process, American, without added vitamin D",http://purl.obolibrary.org/obo/FOODON_03000484,pasteurized process american cheese food,added,FoodOn names it through a safe un-inverted form,review loop 2026-09-28
171292,"Cheese, cheddar, reduced fat (Includes foods for USDA's Food Distribution Program)",http://purl.obolibrary.org/obo/FOODON_03311360,cheddar cheese (reduced fat),added,FoodOn names it through a safe un-inverted form,review loop 2026-09-28
171293,"Ice cream, light, soft serve, chocolate",,,none,,
171294,"Ice cream bar, stick or nugget, with crunch coating",,,none,,
171295,"Cheese, cheddar, nonfat or fat free",http://purl.obolibrary.org/obo/FOODON_03302458,cheddar cheese,added,FoodOn names it through a safe un-inverted form,review loop 2026-09-28
171296,"Yogurt, Greek, nonfat, vanilla, CHOBANI",,,none,,
171297,"Yogurt, Greek, strawberry, DANNON OIKOS",,,none,,
171298,"Yogurt, Greek, nonfat, vanilla, DANNON OIKOS",,,none,,
171299,"Yogurt, Greek, nonfat, strawberry, DANNON OIKOS",,,none,,
171300,"Yogurt, Greek, strawberry, lowfat",,,none,,
171301,"Kefir, lowfat, strawberry, LIFEWAY",,,none,,
171302,"Milk, evaporated, 2% fat, with added vitamin A and vitamin D",http://purl.obolibrary.org/obo/FOODON_00005482,"evaporated milk (reduced fat, Vitamin A and Vitamin D fortified)",accepted,,
171303,"Milk, chocolate, fat free, with added vitamin A and vitamin D",http://purl.obolibrary.org/obo/FOODON_03301816,chocolate milk,added,FoodOn names it through a safe un-inverted form,review loop 2026-09-28
171304,"Yogurt, Greek, plain, whole milk",,,none,,
171305,"Ice cream bar, covered with chocolate and nuts",,,none,,
171306,Ice cream sundae cone,,,none,,
171307,"Light ice cream, Creamsicle",,,none,,
171308,"Cream, half and half, lowfat",,,none,,
171309,"Yogurt, Greek, whole, plain, CHOBANI",,,none,,
171310,"Yogurt, Greek, nonfat, lemon blend, CHOBANI",,,none,,
171311,"Yogurt, Greek, nonfat, peach, CHOBANI",,,none,,
171312,"Yogurt, Greek, nonfat, plain, CHOBANI",,,none,,
171313,"Yogurt, Greek, nonfat, raspberry, CHOBANI",,,none,,
171314,"Butter, Clarified butter (ghee)",http://purl.obolibrary.org/obo/FOODON_03310185,ghee,accepted,,
171315,"Spices, allspice, ground",http://purl.obolibrary.org/obo/FOODON_03301554,allspice (ground),accepted,,
171316,"Spices, anise seed",http://purl.obolibrary.org/obo/FOODON_03301840,anise seed (dried),accepted,,
171317,"Spices, basil, dried",http://purl.obolibrary.org/obo/FOODON_03000016,basil leaf (dried),flagged,The FoodOn name names a part the USDA name does not (leaf).,review loop 2026-09-28
171318,"Spices, chervil, dried",http://purl.obolibrary.org/obo/FOODON_03000178,chervil leaf (dried),flagged,The FoodOn name names a part the USDA name does not (leaf).,review loop 2026-09-28
171319,"Spices, chili powder",http://purl.obolibrary.org/obo/FOODON_03302030,chili powder,accepted,,
171320,"Spices, cinnamon, ground",http://purl.obolibrary.org/obo/FOODON_03301556,cinnamon (ground),accepted,,
171321,"Spices, cloves, ground",http://purl.obolibrary.org/obo/FOODON_03311168,clove ground,accepted,,
171322,"Spices, dill weed, dried",http://purl.obolibrary.org/obo/FOODON_00004076,dill leaf (dried),flagged,The FoodOn name names a part the USDA name does not (leaf).,review loop 2026-09-28
171323,"Spices, fennel seed",http://purl.obolibrary.org/obo/FOODON_03309953,fennel seed (dried),accepted,,
171324,"Spices, fenugreek seed",http://purl.obolibrary.org/obo/FOODON_03307812,fenugreek seed (dried),accepted,,
171325,"Spices, garlic powder",http://purl.obolibrary.org/obo/FOODON_03301844,garlic powder,accepted,,
171326,"Spices, nutmeg, ground",http://purl.obolibrary.org/obo/FOODON_03301528,nutmeg seed (ground),accepted,,
171327,"Spices, onion powder",http://purl.obolibrary.org/obo/FOODON_03301845,onion powder,accepted,,
171328,"Spices, oregano, dried",http://purl.obolibrary.org/obo/FOODON_03000027,oregano leaf (dried),flagged,The FoodOn name names a part the USDA name does not (leaf).,review loop 2026-09-28
171329,"Spices, paprika",http://purl.obolibrary.org/obo/FOODON_03301223,paprika (ground),accepted,,
171330,"Spices, poppy seed",http://purl.obolibrary.org/obo/FOODON_03000025,poppy seed,flagged,USDA term is outside the edible branches,review loop 2026-09-28
171331,"Spices, poultry seasoning",,,none,,
171332,"Spices, pumpkin pie spice",,,none,,
171333,"Spices, rosemary, dried",http://purl.obolibrary.org/obo/FOODON_03301209,rosemary leaf (dried),flagged,The FoodOn name names a part the USDA name does not (leaf).,review loop 2026-09-28
171334,"Babyfood, vegetables, corn, creamed, junior",http://purl.obolibrary.org/obo/FOODON_03303191,cream-style corn (canned),accepted,,
171335,"Babyfood, fruit, bananas with tapioca, strained",,,none,,
171336,"Babyfood, fruit, peaches, strained",http://purl.obolibrary.org/obo/FOODON_03301291,peach puree,accepted,,
171337,"Babyfood, fruit, peaches, junior",http://purl.obolibrary.org/obo/FOODON_03301291,peach puree,accepted,,
171338,"Babyfood, fruit, pears, strained",http://purl.obolibrary.org/obo/FOODON_03309820,pear (strained),accepted,,
171339,"Babyfood, fruit, prunes with tapioca, without ascorbic acid, junior",,,none,,
171340,"Babyfood, prunes, without vitamin c, strained",http://purl.obolibrary.org/obo/FOODON_00005489,prune puree,accepted,,
171341,"Babyfood, fruit dessert, mango with tapioca",,,none,,
171342,"Babyfood, pears, dices, toddler",http://purl.obolibrary.org/obo/FOODON_00005204,piece(s) of pear,accepted,,
171343,"Babyfood, fruit, applesauce and pineapple, strained",,,none,,
171344,"Babyfood, fruit, applesauce and pineapple, junior",,,none,,
171345,"Babyfood, fruit, apple and raspberry, strained",,,none,,
171346,"Babyfood, fruit, apple and raspberry, junior",,,none,,
171347,"Babyfood, fruit, pears and pineapple, junior",,,none,,
171348,"Babyfood, fruit, guava and papaya with tapioca, strained",,,none,,
171349,"Babyfood, peaches, dices, toddler",http://purl.obolibrary.org/obo/FOODON_00005205,piece(s) of peach,accepted,,
171350,"Babyfood, fruit, papaya and applesauce with tapioca, strained",,,none,,
171351,"Babyfood, apple-banana juice",,,none,,
171352,"Babyfood, juice, apple and peach",,,none,,
171353,"Babyfood, juice, apple and prune",,,none,,
171354,"Babyfood, juice, orange",http://purl.obolibrary.org/obo/FOODON_03301103,orange juice,accepted,,
171355,"Babyfood, juice, orange and apple",,,none,,
171356,"Babyfood, juice, prune and orange",,,none,,
171357,"Babyfood, juice, mixed fruit",,,none,,
171358,"Babyfood, cereal, barley, dry fortified",http://purl.obolibrary.org/obo/FOODON_03310925,"barley cereal (infant food, dry)",accepted,,
171359,"Babyfood, cereal, whole wheat, with apples, dry fortified",,,none,,
171360,"Babyfood, cereal, oatmeal, dry fortified",http://purl.obolibrary.org/obo/FOODON_03310608,oatmeal cereal for infants (dry),accepted,,
171361,"Babyfood, cereal, oatmeal, with bananas, dry",,,none,,
171362,"Babyfood, cereal, oatmeal, with applesauce and bananas, strained",,,none,,
171363,"Babyfood, cereal, oatmeal, with applesauce and bananas, junior, fortified",,,none,,
171364,"Babyfood, cereal, with egg yolks, junior",,,none,,
171365,"Babyfood, cereal, with eggs, strained",,,none,,
171366,"Babyfood, cereal, egg yolks and bacon, junior",,,none,,
171367,"Babyfood, oatmeal cereal with fruit, dry, instant, toddler fortified",,,none,,
171368,"Babyfood, cookie, baby, fruit",,,none,,
171369,"Babyfood, cookies, arrowroot",,,none,,
171370,"Babyfood, pretzels",,,none,,
171371,"Babyfood, GERBER, GRADUATES Lil Biscuits Vanilla Wheat",,,none,,
171372,Zwieback,http://purl.obolibrary.org/obo/FOODON_03302549,zwieback,added,FoodOn names it through a safe un-inverted form,review loop 2026-09-28
171373,"Babyfood, dessert, cherry vanilla pudding, junior",,,none,,
171374,"Babyfood, dessert, fruit pudding, orange, strained",,,none,,
171375,"Babyfood, dessert, peach cobbler, strained",,,none,,
171376,"Babyfood, dessert, peach cobbler, junior",,,none,,
171377,"Babyfood, dessert, fruit dessert, without ascorbic acid, junior",,,none,,
171378,"Babyfood, dessert, tropical fruit, junior",,,none,,
171379,"Babyfood, dessert, custard pudding, vanilla, strained",,,none,,
171380,"Babyfood, dessert, custard pudding, vanilla, junior",,,none,,
171381,"Babyfood, juice, apple and grape",,,none,,
171382,"Infant formula, ABBOTT NUTRITION, SIMILAC, ISOMIL, ADVANCE with iron, liquid concentrate",,,none,,
171383,"Infant formula, ABBOTT NUTRITION, SIMILAC, ISOMIL, ADVANCE with iron, ready-to-feed",,,none,,
171384,"Infant formula, ABBOTT NUTRITION, SIMILAC, ISOMIL, ADVANCE with iron, powder, not reconstituted",,,none,,
171385,"Infant formula, NESTLE, GOOD START SUPREME, with iron, DHA and ARA, ready-to-feed",,,none,,
171386,"Infant formula, NESTLE, GOOD START SUPREME, with iron, DHA and ARA, prepared from liquid concentrate",,,none,,
171387,"Infant Formula, MEAD JOHNSON, ENFAMIL GENTLEASE, with iron, prepared from powder",,,none,,
171388,"Babyfood, fortified cereal bar, fruit filling",,,none,,
171389,"Infant Formula, MEAD JOHNSON, ENFAMIL, GENTLEASE, with ARA and DHA powder not reconstituted",,,none,,
171390,"Infant formula, MEAD JOHNSON, ENFAMIL, Enfagrow, Soy, Toddler ready-to-feed",,,none,,
171391,"Infant formula, MEAD JOHNSON, ENFAMIL, NUTRAMIGEN AA, ready-to-feed",,,none,,
171392,"Infant formula, MEAD JOHNSON, ENFAMIL, Premature, with iron, 20 calories, ready-to-feed",,,none,,
171393,"Infant formula, MEAD JOHNSON, ENFAMIL, Premature, with iron, 24 calories, ready-to-feed",,,none,,
171394,"Infant formula, GERBER, GOOD START 2, PROTECT PLUS, ready-to-feed",,,none,,
171395,"Infant formula, ABBOTT NUTRITION, SIMILAC, GO AND GROW, ready-to-feed, with ARA and DHA",,,none,,
171396,"Infant formula, ABBOTT NUTRITION, SIMILAC, Expert Care, Diarrhea, ready- to- feed with ARA and DHA",,,none,,
171397,"Infant formula, ABBOTT NUTRITION, SIMILAC, For Spit Up, ready-to-feed, with ARA and DHA",,,none,,
171398,"Babyfood, Snack, GERBER, GRADUATES, LIL CRUNCHIES, baked whole grain corn snack",,,none,,
171399,"Infant formula, ABBOTT NUTRITION, SIMILAC, For Spit Up, powder, with ARA and DHA",,,none,,
171400,"Fat, beef tallow",http://purl.obolibrary.org/obo/FOODON_00005487,beef tallow,accepted,,
171401,Lard,http://purl.obolibrary.org/obo/FOODON_03302051,lard,accepted,,
171402,"Salad dressing, thousand island, commercial, regular",,,none,,
171403,"Salad dressing, mayonnaise type, regular, with salt",,,none,,
171404,"Salad dressing, french dressing, reduced fat",,,none,,
171405,"Salad dressing, italian dressing, commercial, reduced fat",,,none,,
171406,"Salad dressing, mayonnaise, imitation, soybean",,,none,,
171407,"Salad dressing, mayonnaise, imitation, milk cream",,,none,,
171408,"Salad dressing, mayonnaise, imitation, soybean without cholesterol",,,none,,
171409,"Sandwich spread, with chopped pickle, regular, unspecified oils",,,none,,
171410,"Oil, peanut, salad or cooking",http://purl.obolibrary.org/obo/FOODON_03309857,peanut oil,accepted,,
171411,"Oil, soybean, salad or cooking",http://purl.obolibrary.org/obo/FOODON_03302776,soybean oil,accepted,,
171412,"Oil, coconut",http://purl.obolibrary.org/obo/FOODON_03310046,coconut oil,accepted,,
171413,"Oil, olive, salad or cooking",http://purl.obolibrary.org/obo/FOODON_03301826,olive oil,accepted,,
171414,"Salad dressing, french dressing, commercial, regular",,,none,,
171415,"Margarine,spread, 35-39% fat, tub",,,none,,
171416,"Salad dressing, french, home recipe",,,none,,
171417,"Salad dressing, home recipe, vinegar and oil",,,none,,
171418,"Salad dressing, mayonnaise, soybean oil, without salt",,,none,,
171419,"Salad dressing, french, cottonseed, oil, home recipe",,,none,,
171420,"Salad dressing, french dressing, fat-free",,,none,,
171421,"Oil, cocoa butter",http://purl.obolibrary.org/obo/FOODON_00005461,cocoa butter oil,accepted,,
171422,"Vegetable oil, palm kernel",http://purl.obolibrary.org/obo/FOODON_03310486,palm kernel oil,flagged,The FoodOn name lacks the USDA food's main word (vegetable).,review loop 2026-09-28
171423,"Oil, poppyseed",http://purl.obolibrary.org/obo/FOODON_00003216,poppyseed oil,accepted,,
171424,"Oil, tomatoseed",http://purl.obolibrary.org/obo/FOODON_00003217,tomato seed oil,flagged,USDA term shares no content word with the USDA name,review loop 2026-09-28
171425,"Oil, teaseed",http://purl.obolibrary.org/obo/FOODON_00002884,tea seed oil,flagged,USDA term shares no content word with the USDA name,review loop 2026-09-28
171426,"Oil, soybean lecithin",http://purl.obolibrary.org/obo/FOODON_03302776,soybean oil,accepted,,
171427,"Oil, hazelnut",http://purl.obolibrary.org/obo/FOODON_00003220,hazelnut oil,accepted,,
171428,"Oil, babassu",http://purl.obolibrary.org/obo/FOODON_03316688,babassu oil (edible),accepted,,
171429,"Oil, sheanut",http://purl.obolibrary.org/obo/FOODON_03302652,sheanut oil,accepted,,
171430,"Oil, PAM cooking spray, original",,,none,,
171431,"Margarine, margarine-like vegetable oil spread, 67-70% fat, tub",,,none,,
171432,"Margarine, 80% fat, tub, CANOLA HARVEST Soft Spread (canola, palm and palm kernel oils)",,,none,,
171433,"Oil, cooking and salad, ENOVA, 80% diglycerides",,,none,,
171434,"Margarine-like, vegetable oil spread, approximately 37% fat, unspecified oils, with salt, with added vitamin D",,,none,,
171435,"Margarine, regular, 80% fat, composite, stick, with salt, with added vitamin D",,,none,,
171436,"Margarine, regular, 80% fat, composite, tub, with salt, with added vitamin D",,,none,,
171437,"Margarine-like, vegetable oil spread, 60% fat, stick, with salt, with added vitamin D",,,none,,
171438,"Oil, industrial, soy, low linolenic",http://purl.obolibrary.org/obo/FOODON_00003210,soybean oil (low linolenic),accepted,,
171439,"Oil, industrial, soy, ultra low linolenic",http://purl.obolibrary.org/obo/FOODON_00003210,soybean oil (low linolenic),accepted,,
171440,"Oil, industrial, soy, fully hydrogenated",http://purl.obolibrary.org/obo/FOODON_00003227,soybean oil (fully hydrogenated),accepted,,
171441,"Oil, industrial, cottonseed, fully hydrogenated",http://purl.obolibrary.org/obo/FOODON_03301581,cottonseed oil,accepted,,
171442,"Oil, flaxseed, contains added sliced flaxseed",http://purl.obolibrary.org/obo/FOODON_00001088,flaxseed oil,accepted,,
171443,"Mayonnaise, reduced fat, with olive oil",,,none,,
171444,"Salad dressing, mayonnaise-type, light",,,none,,
171445,"Chicken, broiler, rotisserie, BBQ, breast, meat only",http://purl.obolibrary.org/obo/FOODON_02020275,piece of chicken breast (skinless),accepted,,
171446,"Chicken, broilers or fryers, meat and skin and giblets and neck, stewed",http://purl.obolibrary.org/obo/FOODON_00004237,chicken (whole or pieces),flagged,"The FoodOn name is a whole animal, a plant or a catalog code, not a food (chicken carcass (with giblets and neck)).",review loop 2026-09-28
171447,"Chicken, broilers or fryers, meat and skin, raw",http://purl.obolibrary.org/obo/FOODON_02020210,"piece of chicken meat (with skin, raw)",accepted,,
171448,"Chicken, broilers or fryers, meat and skin, cooked, fried, batter",,,none,,
171449,"Chicken, broilers or fryers, meat and skin, cooked, fried, flour",,,none,,
171450,"Chicken, broilers or fryers, meat and skin, cooked, roasted",http://purl.obolibrary.org/obo/FOODON_02020209,piece of chicken meat (with skin),accepted,,
171451,"Chicken, broilers or fryers, meat only, cooked, stewed",http://purl.obolibrary.org/obo/FOODON_02020207,piece of chicken meat (skinless),accepted,,
171452,"Chicken, broilers or fryers, skin only, raw",http://purl.obolibrary.org/obo/FOODON_03303009,piece of chicken skin (raw),accepted,,
171453,"Chicken, broilers or fryers, skin only, cooked, fried, batter",,,none,,
171454,"Chicken, broilers or fryers, skin only, cooked, fried, flour",,,none,,
171455,"Chicken, broilers or fryers, giblets, cooked, simmered",,,flagged,"The FoodOn name is a whole animal, a plant or a catalog code, not a food (chicken carcass (with giblets and neck)).",review loop 2026-09-28
171456,"Chicken, gizzard, all classes, raw",http://purl.obolibrary.org/obo/FOODON_03305357,chicken gizzard (raw),accepted,,
171457,"Chicken, gizzard, all classes, cooked, simmered",http://purl.obolibrary.org/obo/FOODON_02020182,chicken gizzard,accepted,,
171458,"Chicken, heart, all classes, raw",http://purl.obolibrary.org/obo/FOODON_03303027,chicken heart (raw),accepted,,
171459,"Chicken, broilers or fryers, light meat, meat and skin, cooked, fried, batter",,,none,,
171460,"Chicken, broilers or fryers, light meat, meat and skin, cooked, fried, flour",,,none,,
171461,"Chicken, broilers or fryers, light meat, meat and skin, cooked, roasted",http://purl.obolibrary.org/obo/FOODON_02020301,piece of light chicken meat (with skin),accepted,,
171462,"Chicken, broilers or fryers, light meat, meat and skin, cooked, stewed",http://purl.obolibrary.org/obo/FOODON_02020301,piece of light chicken meat (with skin),accepted,,
171463,"Chicken, broilers or fryers, dark meat, meat and skin, raw",http://purl.obolibrary.org/obo/FOODON_02020294,piece of dark chicken meat (raw),accepted,,
171464,"Chicken, broilers or fryers, light meat, meat only, raw",http://purl.obolibrary.org/obo/FOODON_02020300,piece of light chicken meat (raw),accepted,,
171465,"Chicken, broilers or fryers, light meat, meat only, cooked, fried",http://purl.obolibrary.org/obo/FOODON_02020303,piece of light chicken meat (skinless),accepted,,
171466,"Chicken, broilers or fryers, light meat, meat only, cooked, roasted",http://purl.obolibrary.org/obo/FOODON_02020303,piece of light chicken meat (skinless),accepted,,
171467,"Chicken, broilers or fryers, light meat, meat only, cooked, stewed",http://purl.obolibrary.org/obo/FOODON_02020303,piece of light chicken meat (skinless),accepted,,
171468,"Chicken, broilers or fryers, separable fat, raw",http://purl.obolibrary.org/obo/FOODON_03305091,chicken fat,accepted,,
171469,"Chicken, broilers or fryers, back, meat and skin, raw",http://purl.obolibrary.org/obo/FOODON_02020274,"piece of chicken back (with skin, raw)",accepted,,
171470,"Chicken, broilers or fryers, back, meat and skin, cooked, fried, batter",,,none,,
171471,"Chicken, broilers or fryers, back, meat and skin, cooked, fried, flour",,,none,,
171472,"Chicken, broilers or fryers, back, meat only, cooked, roasted",http://purl.obolibrary.org/obo/FOODON_02020271,piece of chicken back (skinless),flagged,The FoodOn name names a part the USDA name does not (skin).,review loop 2026-09-28
171473,"Chicken, broilers or fryers, back, meat only, cooked, stewed",http://purl.obolibrary.org/obo/FOODON_02020271,piece of chicken back (skinless),accepted,,
171474,"Chicken, broilers or fryers, breast, meat and skin, raw",http://purl.obolibrary.org/obo/FOODON_02020278,"piece of chicken breast (with skin, raw)",accepted,,
171475,"Chicken, broilers or fryers, breast, meat and skin, cooked, fried, batter",,,none,,
171476,"Chicken, broilers or fryers, breast, meat and skin, cooked, fried, flour",,,none,,
171477,"Chicken, broilers or fryers, breast, meat only, cooked, roasted",http://purl.obolibrary.org/obo/FOODON_02020275,piece of chicken breast (skinless),accepted,,
171478,"Chicken, broilers or fryers, breast, meat only, cooked, stewed",http://purl.obolibrary.org/obo/FOODON_02020275,piece of chicken breast (skinless),accepted,,
171479,"Turkey, whole, meat and skin, cooked, roasted",http://purl.obolibrary.org/obo/FOODON_02020467,piece of turkey meat (with skin),accepted,,
171480,"Turkey, whole, meat only, raw",http://purl.obolibrary.org/obo/FOODON_02020574,"piece(s) of turkey meat (skinless, raw)",accepted,,
171481,"Turkey, whole, meat only, cooked, roasted",http://purl.obolibrary.org/obo/FOODON_02020465,piece of turkey meat (skinless),accepted,,
171482,"Turkey, whole, skin (light and dark), raw",http://purl.obolibrary.org/obo/FOODON_03303014,piece of turkey skin (raw),accepted,,
171483,"Turkey, all classes, gizzard, cooked, simmered",http://purl.obolibrary.org/obo/FOODON_02020440,turkey gizzard,accepted,,
171484,"Turkey, all classes, heart, raw",http://purl.obolibrary.org/obo/FOODON_02020443,turkey heart (raw),accepted,,
171485,"Turkey, all classes, heart, cooked, simmered",http://purl.obolibrary.org/obo/FOODON_02020437,turkey heart,accepted,,
171486,"Turkey, all classes, liver, raw",http://purl.obolibrary.org/obo/FOODON_03310837,turkey liver (raw),accepted,,
171487,"Turkey, all classes, liver, cooked, simmered",http://purl.obolibrary.org/obo/FOODON_00002730,turkey liver,accepted,,
171488,"Turkey, dark meat, meat and skin, raw",http://purl.obolibrary.org/obo/FOODON_02020560,"piece of dark turkey meat (with skin, raw)",accepted,,
171489,"Turkey, whole, dark meat, meat and skin, cooked, roasted",http://purl.obolibrary.org/obo/FOODON_02020559,piece of dark turkey meat (with skin),accepted,,
171490,"Turkey, whole, light meat, raw",http://purl.obolibrary.org/obo/FOODON_02020564,piece of light turkey meat (raw),accepted,,
171491,"Turkey, all classes, light meat, cooked, roasted",http://purl.obolibrary.org/obo/FOODON_02020563,piece of light turkey meat,accepted,,
171492,"Turkey, all classes, breast, meat and skin, cooked, roasted",http://purl.obolibrary.org/obo/FOODON_02020541,piece of turkey breast (with skin),accepted,,
171493,"Turkey, all classes, leg, meat and skin, raw",http://purl.obolibrary.org/obo/FOODON_02020528,"piece of turkey leg (with skin, raw)",accepted,,
171494,"Turkey, all classes, leg, meat and skin, cooked, roasted",http://purl.obolibrary.org/obo/FOODON_02020527,piece of turkey leg (with skin),accepted,,
171495,"Turkey, all classes, wing, meat and skin, raw",http://purl.obolibrary.org/obo/FOODON_02020554,"piece of turkey wing (with skin, raw)",accepted,,
171496,"Turkey, whole, breast, meat only, cooked, roasted",http://purl.obolibrary.org/obo/FOODON_02020539,piece of turkey breast (skinless),accepted,,
171497,"Turkey, whole, wing, meat only, raw",http://purl.obolibrary.org/obo/FOODON_02020556,"piece of turkey wing (skinless, raw)",accepted,,
171498,"Turkey, whole, wing, meat only, cooked, roasted",http://purl.obolibrary.org/obo/FOODON_02020555,piece of turkey wing (skinless),accepted,,
171499,"Turkey, young hen, skin only, cooked, roasted",http://purl.obolibrary.org/obo/FOODON_02020449,piece of turkey skin,accepted,,
171500,"Turkey and gravy, frozen",,,none,,
171501,"Turkey breast, pre-basted, meat and skin, cooked, roasted",,,none,,
171502,"Turkey thigh, pre-basted, meat and skin, cooked, roasted",,,none,,
171503,"Turkey roast, boneless, frozen, seasoned, light and dark meat, raw",,,none,,
171504,"Turkey, mechanically deboned, from turkey frames, raw",http://purl.obolibrary.org/obo/FOODON_02020474,"piece of turkey meat (mechanically deboned, raw)",accepted,,
171505,"Turkey, Ground, raw",http://purl.obolibrary.org/obo/FOODON_02020578,"turkey meat (ground, raw)",flagged,USDA term is outside the edible branches,review loop 2026-09-28
171506,"Turkey, Ground, cooked",http://purl.obolibrary.org/obo/FOODON_02020577,turkey meat (ground),accepted,,
171507,"Chicken, cornish game hens, meat and skin, raw",http://purl.obolibrary.org/obo/FOODON_02020210,"piece of chicken meat (with skin, raw)",accepted,,
171508,"Chicken, wing, frozen, glazed, barbecue flavored, heated (microwave)",,,none,,
171509,"Chicken, broilers or fryers, breast, skinless, boneless, meat only, with added solution, raw",http://purl.obolibrary.org/obo/FOODON_02020280,"piece of chicken breast (skinless, boneless, raw)",accepted,,
171510,"Duck, young duckling, domesticated, White Pekin, breast, meat and skin, boneless, cooked, roasted",http://purl.obolibrary.org/obo/FOODON_02022310,"piece of duck breast (with skin, boneless)",accepted,,
171511,"Duck, young duckling, domesticated, White Pekin, breast, meat only, boneless, cooked without skin, broiled",http://purl.obolibrary.org/obo/FOODON_02022311,"piece of duck breast (skinless, boneless)",accepted,,
171512,"Chicken patty, frozen, uncooked",http://purl.obolibrary.org/obo/FOODON_00005537,chicken patty,accepted,,
171513,"Chicken patty, frozen, cooked",http://purl.obolibrary.org/obo/FOODON_00005537,chicken patty,accepted,,
171514,"Chicken breast tenders, breaded, cooked, microwaved",,,none,,
171515,"Chicken breast tenders, breaded, uncooked",,,none,,
171516,"Chicken, broiler, rotisserie, BBQ, wing, meat only",http://purl.obolibrary.org/obo/FOODON_02020291,piece of chicken wing (skinless),accepted,,
171517,"Chicken, broilers or fryers, rotisserie, original seasoning, back, meat only, cooked",,,none,,
171518,"Chicken, broilers or fryers, rotisserie, original seasoning, breast, meat only, cooked",,,none,,
171519,"Chicken, broilers or fryers, drumstick, rotisserie, original seasoning, meat only, cooked",,,none,,
171520,"Chicken, broilers or fryers, rotisserie, original seasoning, skin only, cooked",,,none,,
171521,"Chicken, broilers or fryers,  rotisserie, original seasoning, drumstick, meat and skin, cooked",,,none,,
171522,"Chicken, broilers or fryers, rotisserie, original seasoning, thigh, meat and skin, cooked",,,none,,
171523,"Chicken, broilers or fryers, rotisserie, original seasoning, wing, meat and skin, cooked",,,none,,
171524,"Chicken, broiler, rotisserie, BBQ, skin",http://purl.obolibrary.org/obo/FOODON_00002673,piece of chicken skin,accepted,,
171525,"Turkey, drumstick, from whole bird, meat only, with added solution, raw",,,none,,
171526,"Turkey, wing, from whole bird, meat only, with added solution, raw",,,none,,
171527,"Turkey, wing, from whole bird, meat only, with added solution, roasted",,,none,,
171528,"Turkey, retail parts, breast, meat and skin, raw",http://purl.obolibrary.org/obo/FOODON_02020631,"piece(s) of turkey breast (with skin, raw)",accepted,,
171529,"Turkey, retail parts, breast, meat and skin, cooked, roasted",http://purl.obolibrary.org/obo/FOODON_02020627,piece(s) of turkey breast (with skin),accepted,,
171530,"Turkey, drumstick, from whole bird, meat only, roasted",http://purl.obolibrary.org/obo/FOODON_02020533,piece of turkey drumstick (skinless),accepted,,
171531,"Turkey, thigh, from whole bird, meat only, raw",http://purl.obolibrary.org/obo/FOODON_02020552,"piece of turkey thigh (skinless, raw)",accepted,,
171532,"Turkey, thigh, from whole bird, meat only, roasted",http://purl.obolibrary.org/obo/FOODON_02020551,piece of turkey thigh (skinless),accepted,,
171533,"Turkey, retail parts, thigh, meat and skin, raw",http://purl.obolibrary.org/obo/FOODON_02020629,"piece(s) of turkey thigh (with skin, raw)",accepted,,
171534,"Chicken, broiler or fryers, breast, skinless, boneless, meat only, cooked, grilled",http://purl.obolibrary.org/obo/FOODON_02020279,"piece of chicken breast (skinless, boneless)",accepted,,
171535,"Chicken, broiler or fryers, breast, skinless, boneless, meat only, with added solution, cooked, braised",http://purl.obolibrary.org/obo/FOODON_02020279,"piece of chicken breast (skinless, boneless)",accepted,,
171536,"Chicken, broiler or fryers, breast, skinless, boneless, meat only, with added solution, cooked, grilled",,,none,,
171537,"Soup, cream of asparagus, canned, condensed",http://purl.obolibrary.org/obo/FOODON_03305126,cream of asparagus soup,added,FoodOn names it through a safe un-inverted form,review loop 2026-09-28
171538,"Soup, beef broth or bouillon canned, ready-to-serve",,,none,,
171539,"Soup, beef noodle, canned, condensed",http://purl.obolibrary.org/obo/FOODON_03304924,beef noodle soup,added,FoodOn names it through a safe un-inverted form,review loop 2026-09-28
171540,"Soup, cream of celery, canned, condensed",http://purl.obolibrary.org/obo/FOODON_03311117,"cream of celery soup (condensed, canned)",added,FoodOn names it through a safe un-inverted form,review loop 2026-09-28
171541,"Soup, cheese, canned, condensed",http://purl.obolibrary.org/obo/FOODON_00003018,cheese soup,added,FoodOn names it through a safe un-inverted form,review loop 2026-09-28
171542,"Soup, chicken broth, canned, condensed",,,none,,
171543,"Soup, chicken noodle, canned, condensed",http://purl.obolibrary.org/obo/FOODON_03304209,chicken noodle soup (condensed),added,FoodOn names it through a safe un-inverted form,review loop 2026-09-28
171544,"Soup, chicken rice, canned, chunky, ready-to-serve",,,none,,
171545,"Soup, chicken with rice, canned, condensed",,,none,,
171546,"Soup, chicken and vegetable, canned, ready-to-serve",,,none,,
171547,"Soup, clam chowder, new england, canned, condensed",,,none,,
171548,"Soup, beef broth bouillon and consomme, canned, condensed",,,none,,
171549,"Soup, lentil with ham, canned, ready-to-serve",,,none,,
171550,"Soup, minestrone, canned, chunky, ready-to-serve",http://purl.obolibrary.org/obo/FOODON_03304952,minestrone soup,added,FoodOn names it through a safe un-inverted form,review loop 2026-09-28
171551,"Soup, onion, canned, condensed",http://purl.obolibrary.org/obo/FOODON_03304821,onion soup,added,FoodOn names it through a safe un-inverted form,review loop 2026-09-28
171552,"Soup, cream of onion, canned, condensed",,,none,,
171553,"Soup, oyster stew, canned, condensed",,,none,,
171554,"Soup, pea, green, canned, condensed",http://purl.obolibrary.org/obo/FOODON_03304927,pea soup,added,FoodOn names it through a safe un-inverted form,review loop 2026-09-28
171555,"Soup, pea, split with ham, canned, chunky, ready-to-serve",http://purl.obolibrary.org/obo/FOODON_03304927,pea soup,added,FoodOn names it through a safe un-inverted form,review loop 2026-09-28
171556,"CAMPBELL'S, Chicken Noodle Soup, condensed",,,none,,
171557,"Soup, tomato rice, canned, condensed",,,none,,
171558,"Soup, turkey, chunky, canned, ready-to-serve",,,none,,
171559,"Soup, chunky vegetable, canned, ready-to-serve",,,none,,
171560,"Soup, beef broth or bouillon, powder, dry",,,none,,
171561,"Soup, beef broth, cubed, dry",,,none,,
171562,"Soup, chicken broth or bouillon, dry",,,none,,
171563,"Soup, chicken broth cubes, dry",,,none,,
171564,"Gravy, beef, canned, ready-to-serve",http://purl.obolibrary.org/obo/FOODON_03310598,beef gravy,added,FoodOn names it through a safe un-inverted form,review loop 2026-09-28
171565,"Gravy, brown, dry",http://purl.obolibrary.org/obo/FOODON_03305336,brown gravy mix,added,FoodOn names it through a safe un-inverted form,review loop 2026-09-28
171566,"Gravy, chicken, canned or bottled, ready-to-serve",http://purl.obolibrary.org/obo/FOODON_03303038,chicken gravy,added,FoodOn names it through a safe un-inverted form,review loop 2026-09-28
171567,"Gravy, chicken, dry",http://purl.obolibrary.org/obo/FOODON_03305360,chicken gravy mix,added,FoodOn names it through a safe un-inverted form,review loop 2026-09-28
171568,"Gravy, turkey, canned, ready-to-serve",,,none,,
171569,"Gravy, turkey, dry",,,none,,
171570,"Gravy, unspecified type, dry",,,none,,
171571,"Soup, chicken noodle, dry, mix",http://purl.obolibrary.org/obo/FOODON_03304938,chicken noodle soup mix,added,FoodOn names it through a safe un-inverted form,review loop 2026-09-28
171572,"Soup, beef mushroom, canned, prepared with equal volume water",,,none,,
171573,"Soup, chicken mushroom, canned, prepared with equal volume water",,,none,,
171574,"Soup, tomato bisque, canned, prepared with equal volume water",,,none,,
171575,"Sauce, peanut, made from coconut, water, sugar, peanuts",http://purl.obolibrary.org/obo/FOODON_03311869,peanut sauce,added,FoodOn names it through a safe un-inverted form,review loop 2026-09-28
171576,"SMART SOUP, Santa Fe Corn Chowder",,,none,,
171577,"SMART SOUP, French Lentil",,,none,,
171578,"SMART SOUP, Greek Minestrone",,,none,,
171579,"Sauce, pesto, ready-to-serve, refrigerated",http://purl.obolibrary.org/obo/FOODON_03310218,pesto sauce,added,FoodOn names it through a safe un-inverted form,review loop 2026-09-28
171580,"Sauce, pesto, ready-to-serve, shelf stable",http://purl.obolibrary.org/obo/FOODON_03310218,pesto sauce,added,FoodOn names it through a safe un-inverted form,review loop 2026-09-28
171581,"Sauce, pesto, BUITONI, pesto with basil, ready-to-serve, refrigerated",http://purl.obolibrary.org/obo/FOODON_03310218,pesto sauce,added,FoodOn names it through a safe un-inverted form,review loop 2026-09-28
171582,"Sauce, pesto, CLASSICO, basil pesto, ready-to-serve",http://purl.obolibrary.org/obo/FOODON_03310218,pesto sauce,added,FoodOn names it through a safe un-inverted form,review loop 2026-09-28
171583,"Soup, vegetable broth, ready to serve",,,none,,
171584,"Sauce, cheese sauce mix, dry",,,none,,
171585,"Soup, chicken corn chowder, chunky, ready-to-serve, single brand",,,none,,
171586,"Soup, bean with bacon, condensed, single brand",,,none,,
171587,"Soup, tomato, canned, condensed, reduced sodium",http://purl.obolibrary.org/obo/FOODON_03304909,tomato soup,added,FoodOn names it through a safe un-inverted form,review loop 2026-09-28
171588,"Gravy, brown instant, dry",,,none,,
171589,"Gravy, instant beef, dry",,,none,,
171590,"Gravy, instant turkey, dry",,,none,,
171591,"Soup, tomato, low sodium, with water",http://purl.obolibrary.org/obo/FOODON_03304909,tomato soup,added,FoodOn names it through a safe un-inverted form,review loop 2026-09-28
171592,"Soup, pea, low sodium, prepared with equal volume water",http://purl.obolibrary.org/obo/FOODON_03304927,pea soup,added,FoodOn names it through a safe un-inverted form,review loop 2026-09-28
171593,"Soup, chicken noodle, low sodium, canned, prepared with equal volume water",http://purl.obolibrary.org/obo/FOODON_03302730,chicken noodle soup,added,FoodOn names it through a safe un-inverted form,review loop 2026-09-28
171594,"Soup, vegetable soup, condensed, low sodium, prepared with equal volume water",,,none,,
171595,"Sauce, tomato chili sauce, bottled, with salt",,,none,,
171596,"Soup, vegetable chicken, canned, prepared with water, low sodium",,,none,,
171597,"Sauce, pasta, spaghetti/marinara, ready-to-serve, low sodium",,,none,,
171598,"Gravy, meat or poultry, low sodium, prepared",,,none,,
171599,"Gravy, HEINZ Home Style, savory beef",,,none,,
171600,"Gravy, CAMPBELL'S, chicken",,,none,,
171601,"Barbecue loaf, pork, beef",,,none,,
171602,"Soup, cream of chicken, canned, condensed, reduced sodium",http://purl.obolibrary.org/obo/FOODON_03304199,cream of chicken soup (condensed),added,FoodOn names it through a safe un-inverted form,review loop 2026-09-28
171603,"Sauce, alfredo mix, dry",,,none,,
171604,"Sauce, peppers, hot, chili, mature red, canned",,,none,,
171605,"Sauce, chili, peppers, hot, immature green, canned",,,added,FoodOn names it through a safe un-inverted form,review loop 2026-09-28
171606,Fish broth,http://purl.obolibrary.org/obo/FOODON_03311638,fish broth,added,FoodOn names it through a safe un-inverted form,review loop 2026-09-28
171607,"Soup, cream of mushroom, low sodium, ready-to-serve, canned",http://purl.obolibrary.org/obo/FOODON_03305128,cream of mushroom soup,added,FoodOn names it through a safe un-inverted form,review loop 2026-09-28
171608,"Potato soup, instant, dry mix",,,none,,
171609,"Soup, chicken broth, low sodium, canned",,,none,,
171610,"Sauce, worcestershire",http://purl.obolibrary.org/obo/FOODON_03305003,worcestershire sauce,added,FoodOn names it through a safe un-inverted form,review loop 2026-09-28
171611,"Soup, beef and mushroom, low sodium, chunk style",,,none,,
171612,"Soup, beef stroganoff, canned, chunky style, ready-to-serve",,,none,,
171613,"Soup, bouillon cubes and granules, low sodium, dry",,,none,,
171614,"Soup, ramen noodle, beef flavor, dry",,,none,,
171615,"Soup, ramen noodle, chicken flavor, dry",,,none,,
171616,"Beerwurst, beer salami, pork",,,none,,
171617,"Sausage, Berliner, pork, beef",,,none,,
171618,Blood sausage,http://purl.obolibrary.org/obo/FOODON_03316919,blood sausage,accepted,,
171619,"Bockwurst, pork, veal, raw",,,none,,
171620,"Bratwurst, pork, cooked",http://purl.obolibrary.org/obo/FOODON_00005526,pork bratwurst,accepted,,
171621,"Braunschweiger (a liver sausage), pork",http://purl.obolibrary.org/obo/FOODON_03317299,braunschweiger,flagged,The FoodOn name lacks the USDA food's main word (liver).,review loop 2026-09-28
171622,"Bratwurst, pork, beef, link",http://purl.obolibrary.org/obo/FOODON_00002911,bratwurst,added,FoodOn names it through a safe un-inverted form,review loop 2026-09-28
171623,"Cheesefurter, cheese smokie, pork, beef",,,none,,
171624,"Frankfurter, chicken",http://purl.obolibrary.org/obo/FOODON_03310576,chicken frankfurter,accepted,,
171625,"Frankfurter, turkey",http://purl.obolibrary.org/obo/FOODON_03310934,turkey frankfurter,accepted,,
171626,"Ham, chopped, canned",http://purl.obolibrary.org/obo/FOODON_03306437,ham (chopped),accepted,,
171627,"Ham, chopped, not canned",http://purl.obolibrary.org/obo/FOODON_03306437,ham (chopped),accepted,,
171628,Ham and cheese loaf or roll,,,none,,
171629,Ham and cheese spread,,,none,,
171630,"Headcheese, pork",http://purl.obolibrary.org/obo/FOODON_00005584,pork head cheese,accepted,,
171631,"Sausage, Italian, pork, mild, raw",http://purl.obolibrary.org/obo/FOODON_03310623,pork sausage (raw),accepted,,
171632,"Sausage, pork and turkey, pre-cooked",,,none,,
171633,"Frankfurter, meat and poultry, cooked, boiled",,,none,,
171634,"Frankfurter, meat and poultry, cooked, grilled",,,none,,
171635,"Pork sausage, link/patty, reduced fat, unprepared",http://purl.obolibrary.org/obo/FOODON_00005560,pork sausage link,accepted,,
171636,"Pork sausage, link/patty, reduced fat, cooked, pan-fried",http://purl.obolibrary.org/obo/FOODON_00005560,pork sausage link,accepted,,
171637,"Bologna, meat and poultry",,,none,,
171638,"Meatballs, frozen, Italian style",,,none,,
171639,"Bacon, turkey, microwaved",http://purl.obolibrary.org/obo/FOODON_00005531,turkey bacon,accepted,,
171640,"Bacon, turkey, low sodium",http://purl.obolibrary.org/obo/FOODON_00005531,turkey bacon,accepted,,
171641,"Cereals ready-to-eat, POST, ALPHA-BITS",,,none,,
171642,"Cereals ready-to-eat, QUAKER, CAP'N CRUNCH",,,none,,
171643,"Cereals ready-to-eat, QUAKER, CAP'N CRUNCH with CRUNCHBERRIES",,,none,,
171644,"Cereals ready-to-eat, QUAKER, CAP'N CRUNCH'S PEANUT BUTTER CRUNCH",,,none,,
171645,"Cereals ready-to-eat, POST, FRUITY PEBBLES",,,none,,
171646,"Cereals ready-to-eat, granola, homemade",,,none,,
171647,"Cereals ready-to-eat, POST, GRAPE-NUTS Cereal",,,none,,
171648,"Cereals ready-to-eat, POST, GRAPE-NUTS Flakes",,,none,,
171649,"Cereals ready-to-eat, QUAKER, SWEET CRUNCH/QUISP",,,none,,
171650,"Cereals ready-to-eat, POST Raisin Bran Cereal",,,none,,
171651,"Cereals ready-to-eat, QUAKER, QUAKER Puffed Rice",http://purl.obolibrary.org/obo/FOODON_03302841,puffed rice cereal,accepted,,
171652,"Cereals ready-to-eat, POST, GOLDEN CRISP",,,none,,
171653,"Cereals ready-to-eat, SUN COUNTRY, KRETSCHMER Honey Crunch Wheat Germ",,,none,,
171654,"Cereals, corn grits, white, regular and quick, enriched, dry",http://purl.obolibrary.org/obo/FOODON_03309775,white corn grits,accepted,,
171655,"Cereals, corn grits, white, regular and quick, enriched, cooked with water, without salt",http://purl.obolibrary.org/obo/FOODON_03317230,corn grits (quick),accepted,,
171656,"Cereals, QUAKER, corn grits, instant, plain, dry",http://purl.obolibrary.org/obo/FOODON_03317230,corn grits (quick),accepted,,
171657,"Cereals, CREAM OF WHEAT, regular (10 minute), cooked with water, without salt",http://purl.obolibrary.org/obo/FOODON_00005563,cream of wheat,flagged,USDA term shares no content word with the USDA name,review loop 2026-09-28
171658,"Cereals, farina, enriched, assorted brands including CREAM OF WHEAT, quick (1-3 minutes), dry",http://purl.obolibrary.org/obo/FOODON_03305187,farina (enriched),accepted,,
171659,"Cereals, farina, enriched, assorted brands including CREAM OF WHEAT, quick (1-3 minutes), cooked with water, without salt",http://purl.obolibrary.org/obo/FOODON_03305187,farina (enriched),accepted,,
171660,"Cereals, CREAM OF WHEAT, instant, dry",http://purl.obolibrary.org/obo/FOODON_03309886,cream of wheat (dry),accepted,,
171661,"Cereals, oats, instant, fortified, plain, dry",http://purl.obolibrary.org/obo/FOODON_03311153,breakfast cereal (oat-based),accepted,,
171662,"Cereals, oats, instant, fortified, plain, prepared with water (boiling water added or microwaved)",http://purl.obolibrary.org/obo/FOODON_03311153,breakfast cereal (oat-based),accepted,,
171663,"Cereals, QUAKER, Instant Oatmeal, apples and cinnamon, dry",,,none,,
171664,"Cereals, oats, instant, fortified, with cinnamon and spice, dry",,,none,,
171665,"Cereals, WHEATENA, dry",http://purl.obolibrary.org/obo/FOODON_03309730,wheat breakfast cereal,accepted,,
171666,"Cereals, WHEATENA, cooked with water",http://purl.obolibrary.org/obo/FOODON_03309730,wheat breakfast cereal,accepted,,
171667,"Cereals, whole wheat hot natural cereal, dry",http://purl.obolibrary.org/obo/FOODON_00005559,whole wheat cereal,accepted,,
171668,"Cereals, whole wheat hot natural cereal, cooked with water, without salt",http://purl.obolibrary.org/obo/FOODON_00005559,whole wheat cereal,accepted,,
171669,"Cereals ready-to-eat, QUAKER, QUAKER Puffed Wheat",http://purl.obolibrary.org/obo/FOODON_03302842,puffed wheat cereal,accepted,,
171670,"Cereals, corn grits, yellow, regular and quick, unenriched, dry",http://purl.obolibrary.org/obo/FOODON_03317232,yellow corn grits,accepted,,
171671,"Cereals, corn grits, white, regular and quick, enriched, cooked with water, with salt",http://purl.obolibrary.org/obo/FOODON_03309775,white corn grits,accepted,,
171672,"Cereals, corn grits, yellow, regular and quick, enriched, cooked with water, without salt",http://purl.obolibrary.org/obo/FOODON_03317232,yellow corn grits,accepted,,
171673,"Cereals, corn grits, yellow, regular, quick, enriched, cooked with water, with salt",http://purl.obolibrary.org/obo/FOODON_03317232,yellow corn grits,accepted,,
171674,"Cereals, MALT-O-MEAL, chocolate, dry",,,none,,
171675,"Cereals, oats, regular and quick and instant, unenriched, cooked with water (includes boiling and microwaving), with salt",http://purl.obolibrary.org/obo/FOODON_03311153,breakfast cereal (oat-based),accepted,,
171676,"Cereals, WHEATENA, cooked with water, with salt",http://purl.obolibrary.org/obo/FOODON_03309730,wheat breakfast cereal,accepted,,
171677,"Cereals, whole wheat hot natural cereal, cooked with water, with salt",http://purl.obolibrary.org/obo/FOODON_00005559,whole wheat cereal,accepted,,
171678,"Cereals, ready-to-eat, MALT-O-MEAL, Blueberry Mini SPOONERS",,,none,,
171679,"Cereals ready-to-eat, MALT-O-MEAL, OAT BLENDERS with honey",,,none,,
171680,"Cereals ready-to-eat, MALT-O-MEAL, OAT BLENDERS with honey & almonds",,,none,,
171681,"Cereals ready-to-eat, MALT-O-MEAL, Honey Nut SCOOTERS",,,none,,
171682,"Cereals, QUAKER, Instant Oatmeal, Cinnamon Swirl, high fiber",,,none,,
171683,"Cereals, QUAKER, oatmeal, REAL MEDLEYS, blueberry hazelnut, dry",,,none,,
171684,"Cereals, QUAKER, oatmeal, REAL MEDLEYS, apple walnut, dry",,,none,,
171685,"Cereals, QUAKER, oatmeal, REAL MEDLEYS, summer berry, dry",,,none,,
171686,"Acerola, (west indian cherry), raw",http://purl.obolibrary.org/obo/FOODON_03310823,acerola (raw),accepted,,
171687,"Acerola juice, raw",http://purl.obolibrary.org/obo/FOODON_00005439,acerola juice (unpasteurized),accepted,,
171688,"Apples, raw, with skin (Includes foods for USDA's Food Distribution Program)",http://purl.obolibrary.org/obo/FOODON_03301710,apple (raw),accepted,,
171689,"Apples, raw, without skin",http://purl.obolibrary.org/obo/FOODON_03317119,"apple (raw, peeled)",accepted,,
171690,"Apples, dehydrated (low moisture), sulfured, stewed",http://purl.obolibrary.org/obo/FOODON_03301950,apple (dried),accepted,,
171691,"Apples, dried, sulfured, uncooked",http://purl.obolibrary.org/obo/FOODON_03301950,apple (dried),accepted,,
171692,"Apples, dried, sulfured, stewed, without added sugar",http://purl.obolibrary.org/obo/FOODON_03301950,apple (dried),accepted,,
171693,"Apples, dried, sulfured, stewed, with added sugar",,,none,,
171694,"Apples, frozen, unsweetened, unheated (Includes foods for USDA's Food Distribution Program)",http://purl.obolibrary.org/obo/FOODON_00002473,apple,accepted,,
171695,"Applesauce, canned, unsweetened, without added ascorbic acid (Includes foods for USDA's Food Distribution Program)",http://purl.obolibrary.org/obo/FOODON_03307550,applesauce (canned),accepted,,
171696,"Applesauce, canned, sweetened, without salt",,,none,,
171697,"Apricots, raw",http://purl.obolibrary.org/obo/FOODON_03301701,apricot (raw),accepted,,
171698,"Apricots, canned, water pack, with skin, solids and liquids",http://purl.obolibrary.org/obo/FOODON_03301200,apricot (canned),accepted,,
171699,"Apricots, canned, heavy syrup pack, with skin, solids and liquids",,,none,,
171700,"Apricots, canned, heavy syrup pack, without skin, solids and liquids",,,none,,
171701,"Apricots, canned, extra heavy syrup pack, without skin, solids and liquids",,,none,,
171702,"Apricots, dehydrated (low-moisture), sulfured, uncooked",http://purl.obolibrary.org/obo/FOODON_03301756,apricot (dried),accepted,,
171703,"Apricots, frozen, sweetened",,,none,,
171704,"Apricot nectar, canned, with added ascorbic acid",http://purl.obolibrary.org/obo/FOODON_03301287,apricot nectar,accepted,,
171705,"Avocados, raw, all commercial varieties",http://purl.obolibrary.org/obo/FOODON_03305236,avocado (raw),accepted,,
171706,"Avocados, raw, California",http://purl.obolibrary.org/obo/FOODON_00005193,hass avocado (raw),accepted,,
171707,"Avocados, raw, Florida",http://purl.obolibrary.org/obo/FOODON_03305236,avocado (raw),accepted,,
171708,"Cherries, tart, dried, sweetened (Includes foods for USDA's Food Distribution Program)",,,none,,
171709,"Blackberries, canned, heavy syrup, solids and liquids",,,none,,
171710,"Blackberries, frozen, unsweetened",http://purl.obolibrary.org/obo/FOODON_03305149,blackberry (frozen),accepted,,
171711,"Blueberries, raw",http://purl.obolibrary.org/obo/FOODON_03302045,blueberry (raw),accepted,,
171712,"Boysenberries, canned, heavy syrup",,,none,,
171713,"Boysenberries, frozen, unsweetened",http://purl.obolibrary.org/obo/FOODON_00004598,boysenberry (frozen),accepted,,
171714,"Breadfruit, raw",http://purl.obolibrary.org/obo/FOODON_03305285,breadfruit (raw),accepted,,
171715,"Carambola, (starfruit), raw",http://purl.obolibrary.org/obo/FOODON_00004646,star fruit (raw),flagged,USDA term shares no content word with the USDA name,review loop 2026-09-28
171716,"Cherries, sour, red, canned, heavy syrup pack, solids and liquids",,,none,,
171717,"Cherries, sour, red, canned, extra heavy syrup pack, solids and liquids",,,none,,
171718,"Cherries, sour, red, frozen, unsweetened (Includes foods for USDA's Food Distribution Program)",http://purl.obolibrary.org/obo/FOODON_00005230,sour cherry (frozen),accepted,,
171719,"Cherries, sweet, raw",http://purl.obolibrary.org/obo/FOODON_03311457,sweet cherry (raw),accepted,,
171720,"Cherries, sweet, canned, extra heavy syrup pack, solids and liquids",,,none,,
171721,"Crabapples, raw",http://purl.obolibrary.org/obo/FOODON_00003127,crabapple (raw),accepted,,
171722,"Cranberries, raw",http://purl.obolibrary.org/obo/FOODON_03301723,cranberry (raw),accepted,,
171723,"Cranberries, dried, sweetened (Includes foods for USDA's Food Distribution Program)",,,none,,
171724,"Currants, zante, dried",http://purl.obolibrary.org/obo/FOODON_03303395,zante currant,accepted,,
171725,"Custard-apple, (bullock's-heart), raw",http://purl.obolibrary.org/obo/FOODON_00003032,bullocks heart (raw),accepted,,
171726,"Dates, deglet noor",http://purl.obolibrary.org/obo/FOODON_00005194,deglet nour date,accepted,,
171727,"Elderberries, raw",http://purl.obolibrary.org/obo/FOODON_03311347,elderberry (raw),accepted,,
171728,"Beef, Australian, imported, grass-fed,  external fat, raw",http://purl.obolibrary.org/obo/FOODON_02020908,beef external fat (raw),accepted,,
171729,"Beef, Australian, imported, grass-fed, seam fat, raw",http://purl.obolibrary.org/obo/FOODON_02020909,beef seam fat (raw),accepted,,
171730,"Beef, Australian, imported, Wagyu, external fat, Aust. marble score 4/5, raw",http://purl.obolibrary.org/obo/FOODON_02020908,beef external fat (raw),accepted,,
171731,"Beef, Australian, imported, Wagyu, seam fat, Aust. marble score 4/5, raw",http://purl.obolibrary.org/obo/FOODON_02020909,beef seam fat (raw),accepted,,
171732,"Beef, Australian, imported, Wagyu, loin, tenderloin steak/roast, boneless, separable lean and fat, Aust. marble score 4/5, raw",http://purl.obolibrary.org/obo/FOODON_02000142,beef tenderloin roast (raw),accepted,,
171733,"Beef, Australian, imported, grass-fed, loin, top loin steak/roast, boneless, separable lean and fat, raw",http://purl.obolibrary.org/obo/FOODON_02000126,"beef strip roast (boneless, raw)",accepted,,
171734,"Beef, Australian, imported, grass-fed, loin, top sirloin cap-off steak/roast, boneless, separable lean only, raw",http://purl.obolibrary.org/obo/FOODON_02000150,beef top sirloin steak (raw),accepted,,
171735,"Beef, Australian, imported, grass-fed, rib, ribeye steak/roast lip-on, boneless, separable lean only, raw",http://purl.obolibrary.org/obo/FOODON_02000210,beef ribeye steak (raw),accepted,,
171736,"Beef, Australian, imported, Wagyu, loin, top loin steak/roast, boneless, separable lean only, Aust. marble score 9, raw",http://purl.obolibrary.org/obo/FOODON_02000126,"beef strip roast (boneless, raw)",accepted,,
171737,"Beef, Australian, imported, Wagyu, rib, small end rib steak/roast, boneless, separable lean only, Aust. marble score 4/5, raw",http://purl.obolibrary.org/obo/FOODON_02000230,beef small end rib roast (raw),accepted,,
171738,"Beef, Australian, imported, Wagyu, rib, small end rib steak/roast, boneless, separable lean only, Aust. marble score 9, raw",http://purl.obolibrary.org/obo/FOODON_02000230,beef small end rib roast (raw),accepted,,
171739,"Beef, Australian, imported, grass-fed, loin, top sirloin cap-off steak/roast, boneless, separable lean and fat, raw",http://purl.obolibrary.org/obo/FOODON_02000150,beef top sirloin steak (raw),accepted,,
171740,"Beef, Australian, imported, Wagyu, rib, small end rib steak/roast, boneless, separable lean and fat, Aust. marble score 4/5, raw",http://purl.obolibrary.org/obo/FOODON_02000230,beef small end rib roast (raw),accepted,,
171741,"Beef, Australian, imported, Wagyu, rib, small end rib steak/roast, boneless, separable lean and fat, Aust. marble score 9, raw",http://purl.obolibrary.org/obo/FOODON_02000230,beef small end rib roast (raw),accepted,,
171742,"Beef, Australian, imported, Wagyu, loin, tenderloin steak/roast, boneless, separable lean and fat, Aust. marble score 9, raw",http://purl.obolibrary.org/obo/FOODON_02000142,beef tenderloin roast (raw),accepted,,
171743,"Beef, round, top round steak, boneless, separable lean and fat, trimmed to 0"" fat, all grades, raw",http://purl.obolibrary.org/obo/FOODON_02000017,"beef top round steak (boneless, raw)",accepted,,
171744,"Beef, round, top round roast, boneless, separable lean and fat, trimmed to 0"" fat, select, raw",http://purl.obolibrary.org/obo/FOODON_02000024,"beef top round roast (boneless, raw)",accepted,,
171745,"Beef, round, eye of round roast, boneless, separable lean and fat, trimmed to 0"" fat, all grades, raw",http://purl.obolibrary.org/obo/FOODON_02000042,beef eye of round roast (raw),accepted,,
171746,"Beef, round, eye of round roast, boneless, separable lean and fat, trimmed to 0"" fat, choice, raw",http://purl.obolibrary.org/obo/FOODON_02000042,beef eye of round roast (raw),accepted,,
171747,"Beef, round, eye of round roast, boneless, separable lean and fat, trimmed to 0"" fat, select, raw",http://purl.obolibrary.org/obo/FOODON_02000042,beef eye of round roast (raw),accepted,,
171748,"Beef, loin, tenderloin roast, boneless, separable lean and fat, trimmed to 0"" fat, choice, raw",http://purl.obolibrary.org/obo/FOODON_02000142,beef tenderloin roast (raw),accepted,,
171749,"Beef, loin, tenderloin roast, boneless, separable lean and fat, trimmed to 0"" fat, select, raw",http://purl.obolibrary.org/obo/FOODON_02000142,beef tenderloin roast (raw),accepted,,
171750,"Beef, loin, top loin steak, boneless, lip off, separable lean and fat, trimmed to 0"" fat, all grades, raw",http://purl.obolibrary.org/obo/FOODON_02000128,"beef strip steak (boneless, raw)",accepted,,
171751,"Beef, loin, top loin steak, boneless, lip off, separable lean and fat, trimmed to 0"" fat, choice, raw",http://purl.obolibrary.org/obo/FOODON_02000128,"beef strip steak (boneless, raw)",accepted,,
171752,"Beef, loin, top loin steak, boneless, lip off, separable lean and fat, trimmed to 0"" fat, select, raw",http://purl.obolibrary.org/obo/FOODON_02000128,"beef strip steak (boneless, raw)",accepted,,
171753,"Beef, loin, tenderloin roast, boneless, separable lean and fat, trimmed to 0"" fat, choice, cooked, roasted",http://purl.obolibrary.org/obo/FOODON_02000141,beef tenderloin roast,accepted,,
171754,"Beef, loin, tenderloin roast, boneless, separable lean and fat, trimmed to 0"" fat, select, cooked, roasted",http://purl.obolibrary.org/obo/FOODON_02000141,beef tenderloin roast,accepted,,
171755,"Beef, round, top round roast, boneless, separable lean and fat, trimmed to 0"" fat, all grades, cooked, roasted",http://purl.obolibrary.org/obo/FOODON_02000023,beef top round roast (boneless),accepted,,
171756,"Beef, round, top round roast, boneless, separable lean and fat, trimmed to 0"" fat, choice, cooked, roasted",http://purl.obolibrary.org/obo/FOODON_02000023,beef top round roast (boneless),accepted,,
171757,"Beef, round, top round steak, boneless, separable lean only, trimmed to 0"" fat, all grades, raw",http://purl.obolibrary.org/obo/FOODON_02000017,"beef top round steak (boneless, raw)",accepted,,
171758,"Beef, round, top round steak, boneless, separable lean only, trimmed to 0"" fat, choice, raw",http://purl.obolibrary.org/obo/FOODON_02000017,"beef top round steak (boneless, raw)",accepted,,
171759,"Beef, round, top round steak, boneless, separable lean only, trimmed to 0"" fat, select, raw",http://purl.obolibrary.org/obo/FOODON_02000017,"beef top round steak (boneless, raw)",accepted,,
171760,"Beef, round, top round roast, boneless, separable lean only, trimmed to 0"" fat, all grades, raw",http://purl.obolibrary.org/obo/FOODON_02000024,"beef top round roast (boneless, raw)",accepted,,
171761,"Beef, round, eye of round roast, boneless, separable lean only, trimmed to 0"" fat, select, raw",http://purl.obolibrary.org/obo/FOODON_02000042,beef eye of round roast (raw),accepted,,
171762,"Beef, round, eye of round steak, boneless, separable lean only, trimmed to 0"" fat, all grades, raw",http://purl.obolibrary.org/obo/FOODON_02000044,beef eye of round steak (raw),accepted,,
171763,"Beef, round, eye of round steak, boneless, separable lean only, trimmed to 0"" fat, choice, raw",http://purl.obolibrary.org/obo/FOODON_02000044,beef eye of round steak (raw),accepted,,
171764,"Beef, round, eye of round steak, boneless, separable lean only, trimmed to 0"" fat, select, raw",http://purl.obolibrary.org/obo/FOODON_02000044,beef eye of round steak (raw),accepted,,
171765,"Beef, loin, tenderloin roast, boneless, separable lean only, trimmed to 0"" fat, all grades, raw",http://purl.obolibrary.org/obo/FOODON_02000142,beef tenderloin roast (raw),accepted,,
171766,"Beef, loin, top loin steak, boneless, lip off, separable lean only, trimmed to 0"" fat, select, raw",http://purl.obolibrary.org/obo/FOODON_02000128,"beef strip steak (boneless, raw)",accepted,,
171767,"Beef, loin, tenderloin steak, boneless, separable lean only, trimmed to 0"" fat, all grades, raw",http://purl.obolibrary.org/obo/FOODON_02000144,beef tenderloin steak (raw),accepted,,
171768,"Beef, loin, tenderloin steak, boneless, separable lean only, trimmed to 0"" fat, choice, raw",http://purl.obolibrary.org/obo/FOODON_02000144,beef tenderloin steak (raw),accepted,,
171769,"Beef, loin, tenderloin steak, boneless, separable lean only, trimmed to 0"" fat, select, raw",http://purl.obolibrary.org/obo/FOODON_02000144,beef tenderloin steak (raw),accepted,,
171770,"Beef, round, top round roast, boneless, separable lean only, trimmed to 0"" fat, choice, cooked, roasted",http://purl.obolibrary.org/obo/FOODON_02000023,beef top round roast (boneless),accepted,,
171771,"Beef, round, top round roast, boneless, separable lean only, trimmed to 0"" fat, select, cooked, roasted",http://purl.obolibrary.org/obo/FOODON_02000023,beef top round roast (boneless),accepted,,
171772,"Beef, round, eye of round steak, boneless, separable lean only, trimmed to 0"" fat, all grades, cooked, grilled",http://purl.obolibrary.org/obo/FOODON_02000043,beef eye of round steak,accepted,,
171773,"Beef, round, eye of round steak, boneless, separable lean only, trimmed to 0"" fat, choice, cooked, grilled",http://purl.obolibrary.org/obo/FOODON_02000043,beef eye of round steak,accepted,,
171774,"Beef, loin, top loin steak, boneless, lip-on, separable lean and fat, trimmed to 1/8"" fat, select, raw",http://purl.obolibrary.org/obo/FOODON_02000128,"beef strip steak (boneless, raw)",accepted,,
171775,"Beef, loin, top loin steak, boneless, lip-on, separable lean and fat, trimmed to 1/8"" fat, all grades, raw",http://purl.obolibrary.org/obo/FOODON_02000128,"beef strip steak (boneless, raw)",accepted,,
171776,"Beef, composite of trimmed retail cuts, separable lean only, trimmed to 0"" fat, select, raw",http://purl.obolibrary.org/obo/FOODON_02000465,beef retail cut (raw),accepted,,
171777,"Beef, composite of trimmed retail cuts, separable lean and fat, trimmed to 0"" fat, select, raw",http://purl.obolibrary.org/obo/FOODON_02000465,beef retail cut (raw),accepted,,
171778,"Beef, composite of trimmed retail cuts, separable lean only, trimmed to 1/8"" fat, select, cooked",http://purl.obolibrary.org/obo/FOODON_00004478,beef retail cut,accepted,,
171779,"Beef, composite of trimmed retail cuts, separable lean only, trimmed to 1/8"" fat, select, raw",http://purl.obolibrary.org/obo/FOODON_02000465,beef retail cut (raw),accepted,,
171780,"Beef, chuck, clod roast, separable lean only, trimmed to 1/4"" fat, all grades, cooked, roasted",http://purl.obolibrary.org/obo/FOODON_02000075,beef shoulder roast,accepted,,
171781,"Beef, shoulder steak, boneless, separable lean only, trimmed to 0"" fat, all grades, cooked, grilled",http://purl.obolibrary.org/obo/FOODON_02000073,beef shoulder steak,accepted,,
171782,"Beef, chuck, clod steak, separable lean only, trimmed to 1/4"" fat, all grades, cooked, braised",http://purl.obolibrary.org/obo/FOODON_02000073,beef shoulder steak,accepted,,
171783,"Beef, chuck, mock tender steak, separable lean and fat, trimmed to 0"" fat, USDA choice, cooked, broiled",http://purl.obolibrary.org/obo/FOODON_02000048,beef chuck tender steak,accepted,,
171784,"Beef, chuck, clod roast, separable lean and fat, trimmed to 0"" fat, select, cooked, roasted",http://purl.obolibrary.org/obo/FOODON_02000075,beef shoulder roast,accepted,,
171785,"Beef, shoulder steak, boneless, separable lean and fat, trimmed to 0"" fat, choice, cooked, grilled",http://purl.obolibrary.org/obo/FOODON_02000073,beef shoulder steak,accepted,,
171786,"Beef, shoulder steak, boneless, separable lean and fat, trimmed to 0"" fat, select, cooked, grilled",http://purl.obolibrary.org/obo/FOODON_02000073,beef shoulder steak,accepted,,
171787,"Beef, plate, inside skirt steak, separable lean and fat, trimmed to 0"" fat, all grades, cooked, broiled",http://purl.obolibrary.org/obo/FOODON_02000181,beef inside skirt steak,accepted,,
171788,"Beef, plate, outside skirt steak, separable lean and fat, trimmed to 0"" fat, all grades, cooked, broiled",http://purl.obolibrary.org/obo/FOODON_02000183,beef outside skirt steak,accepted,,
171789,"Beef, shoulder steak, boneless, separable lean and fat, trimmed to 0"" fat, all grades, cooked, grilled",http://purl.obolibrary.org/obo/FOODON_02000073,beef shoulder steak,accepted,,
171790,"Beef, ground, 95% lean meat / 5% fat, raw",http://purl.obolibrary.org/obo/FOODON_03301886,"beef (ground, raw)",accepted,,
171791,"Beef, ground, 95% lean meat / 5% fat, patty, cooked, broiled",http://purl.obolibrary.org/obo/FOODON_00001282,beef (ground),accepted,,
171792,"Beef, ground, 95% lean meat / 5% fat, patty, cooked, pan-broiled",http://purl.obolibrary.org/obo/FOODON_00001282,beef (ground),accepted,,
171793,"Beef, ground, 90% lean meat / 10% fat, patty, cooked, pan-broiled",http://purl.obolibrary.org/obo/FOODON_00001282,beef (ground),accepted,,
171794,"Beef, ground, 90% lean meat / 10% fat, crumbles, cooked, pan-browned",http://purl.obolibrary.org/obo/FOODON_00001282,beef (ground),accepted,,
171795,"Beef, ground, 90% lean meat / 10% fat, loaf, cooked, baked",http://purl.obolibrary.org/obo/FOODON_00001282,beef (ground),accepted,,
171796,"Beef, ground, 85% lean meat / 15% fat, raw (Includes foods for USDA's Food Distribution Program)",http://purl.obolibrary.org/obo/FOODON_03301886,"beef (ground, raw)",accepted,,
171797,"Beef, ground, 80% lean meat / 20% fat, patty, cooked, broiled",http://purl.obolibrary.org/obo/FOODON_00001282,beef (ground),accepted,,
171798,"Beef, ground, 80% lean meat / 20% fat, patty, cooked, pan-broiled",http://purl.obolibrary.org/obo/FOODON_00001282,beef (ground),accepted,,
171799,"Beef, ground, 80% lean meat / 20% fat, crumbles, cooked, pan-browned",http://purl.obolibrary.org/obo/FOODON_00001282,beef (ground),accepted,,
171800,"Beef, ground, 80% lean meat / 20% fat, loaf, cooked, baked",http://purl.obolibrary.org/obo/FOODON_00001282,beef (ground),accepted,,
171801,"Beef, ground, 75% lean meat / 25% fat, loaf, cooked, baked",http://purl.obolibrary.org/obo/FOODON_00001282,beef (ground),accepted,,
171802,"Beef, rib, small end (ribs 10-12), separable lean only, trimmed to 1/8"" fat, select, raw",http://purl.obolibrary.org/obo/FOODON_02000229,beef small end rib roast,accepted,,
171803,"Beef, tenderloin, steak, separable lean only, trimmed to 1/8"" fat, select, raw",http://purl.obolibrary.org/obo/FOODON_02000144,beef tenderloin steak (raw),accepted,,
171804,"Beef, top sirloin, steak, separable lean only, trimmed to 1/8"" fat, select, raw",http://purl.obolibrary.org/obo/FOODON_02000150,beef top sirloin steak (raw),accepted,,
171805,"Beef, short loin, top loin, steak, separable lean only, trimmed to 1/8"" fat, select, cooked, grilled",http://purl.obolibrary.org/obo/FOODON_02000127,beef strip steak (boneless),accepted,,
171806,"Beef, round, bottom round , roast, separable lean only, trimmed to 1/8"" fat, select, cooked, roasted",http://purl.obolibrary.org/obo/FOODON_02000008,beef bottom round roast,accepted,,
171807,"Beef, round, eye of round, roast, separable lean only, trimmed to 1/8"" fat, select, cooked, roasted",http://purl.obolibrary.org/obo/FOODON_02000041,beef eye of round roast,accepted,,
171808,"Beef, round, top round, steak, separable lean only, trimmed to 1/8"" fat, select, cooked, broiled",http://purl.obolibrary.org/obo/FOODON_02000014,beef top round steak,accepted,,
171809,"Beef, round, eye of round, roast, separable lean only, trimmed to 1/8"" fat, all grades, cooked, roasted",http://purl.obolibrary.org/obo/FOODON_02000041,beef eye of round roast,accepted,,
171810,"Beef, rib, small end (ribs 10-12), separable lean only, trimmed to 1/8"" fat, all grades, raw",http://purl.obolibrary.org/obo/FOODON_02000230,beef small end rib roast (raw),accepted,,
171811,"Beef, tenderloin, steak, separable lean only, trimmed to 1/8"" fat, all grades, cooked, broiled",http://purl.obolibrary.org/obo/FOODON_02000137,beef tenderloin steak (bone-in),accepted,,
171812,"Beef, tenderloin, steak, separable lean only, trimmed to 1/8"" fat, all grades, raw",http://purl.obolibrary.org/obo/FOODON_02000138,"beef tenderloin steak (bone-in, raw)",accepted,,
171813,"Beef, short loin, top loin, steak, separable lean only, trimmed to 1/8"" fat, all grades, cooked, broiled",http://purl.obolibrary.org/obo/FOODON_02000127,beef strip steak (boneless),accepted,,
171814,"Beef, short loin, top loin steak, separable lean only, trimmed to 1/8"" fat, all grades, raw",http://purl.obolibrary.org/obo/FOODON_02000130,"beef strip steak (bone-in, raw)",accepted,,
171815,"Beef, round, top round, steak, separable lean only, trimmed to 1/8"" fat, all grades, cooked, broiled",http://purl.obolibrary.org/obo/FOODON_02000014,beef top round steak,accepted,,
171816,"Beef, round, top round, steak, separable lean only, trimmed to 1/8"" fat, all grades, raw",http://purl.obolibrary.org/obo/FOODON_02000015,beef top round steak (raw),accepted,,
171817,"Beef, chuck, arm pot roast, separable lean only, trimmed to 1/8"" fat, choice, cooked, braised",http://purl.obolibrary.org/obo/FOODON_02000111,beef chuck arm roast,accepted,,
171818,"Beef, brisket, flat half, separable lean only, trimmed to 1/8"" fat, choice, cooked, braised",http://purl.obolibrary.org/obo/FOODON_02000191,beef brisket flat half,accepted,,
171819,"Beef, round, eye of round, roast, separable lean only, trimmed to 1/8"" fat, choice, raw",http://purl.obolibrary.org/obo/FOODON_02000042,beef eye of round roast (raw),accepted,,
171820,"Beef, round, top round, steak, separable lean only, trimmed to 1/8"" fat, choice, raw",http://purl.obolibrary.org/obo/FOODON_02000015,beef top round steak (raw),accepted,,
171821,"Soup, wonton, Chinese restaurant",,,none,,
171822,"Soup, ramen noodle, dry, any flavor, reduced fat, reduced sodium",,,none,,
171823,"Sauce, duck, ready-to-serve",,,none,,
171824,"Sauce, salsa, verde, ready-to-serve",,,none,,
171825,"Sauce, steak, tomato based",,,none,,
171826,"Sauce, tartar, ready-to-serve",http://purl.obolibrary.org/obo/FOODON_03304017,tartar sauce,added,FoodOn names it through a safe un-inverted form,review loop 2026-09-28
171827,"Sauce, barbecue, SWEET BABY RAY'S, original",,,none,,
171828,"Sauce, barbecue, BULL'S-EYE, original",,,none,,
171829,"Sauce, barbecue, KC MASTERPIECE, original",,,none,,
171830,"Sauce, barbecue, OPEN PIT, original",,,none,,
171831,Wasabi,,,flagged,USDA term is outside the edible branches,review loop 2026-09-28
171832,"Dip, bean, original flavor",,,none,,
171833,"Sauce, horseradish",,,none,,
171834,"Dip, FRITO'S, bean, original flavor",,,none,,
171835,"Cookie, vanilla with caramel, coconut, and chocolate coating",,,none,,
171836,"Cookie, with peanut butter filling, chocolate-coated",,,none,,
171837,"Cookies, animal, with frosting or icing",,,none,,
171838,"Crackers, multigrain",,,none,,
171839,"Cake, snack cakes, not chocolate, with icing or filling, low-fat, with added fiber",,,none,,
171840,"Cookies, brownies, commercially prepared, reduced fat, with added fiber",,,none,,
171841,"Cookies, chocolate sandwich, with creme filling, reduced fat",,,none,,
171842,"Cookies, oatmeal sandwich, with creme filling",,,none,,
171843,"Cookies, peanut butter, commercially prepared, sugar free",,,none,,
171844,"Bread, chapati or roti, plain, commercially prepared",,,none,,
171845,"Bread, naan, plain, commercially prepared, refrigerated",,,none,,
171846,"Crackers, standard snack-type, with whole wheat",,,none,,
171847,"Cookies, coconut macaroon",,,none,,
171848,"Crackers, sandwich-type, peanut butter filled, reduced fat",,,none,,
171849,"Bread, cinnamon",,,none,,
171850,"Bread, wheat, sprouted",http://purl.obolibrary.org/obo/FOODON_03302200,wheat bread,added,FoodOn names it through a safe un-inverted form,review loop 2026-09-28
171851,"Bread, wheat, sprouted, toasted",http://purl.obolibrary.org/obo/FOODON_03302200,wheat bread,added,FoodOn names it through a safe un-inverted form,review loop 2026-09-28
171852,"Bagels, multigrain",,,none,,
171853,"Pancakes, whole wheat, dry mix, incomplete",,,none,,
171854,"Crackers, toast thins, low sodium",,,none,,
171855,"Crackers, whole grain, sandwich-type, with peanut butter filling",,,none,,
171856,"Crackers, water biscuits",,,none,,
171857,"Cookies, gluten-free, chocolate sandwich, with creme filling",,,none,,
171858,"Cookies, gluten-free, chocolate wafer",,,none,,
171859,"Cookies, gluten-free, lemon wafer",,,none,,
171860,"Cookies, gluten-free, vanilla sandwich, with creme filling",,,none,,
171861,"Rolls, gluten-free, white, made with brown rice flour, tapioca starch, and potato starch",,,none,,
171862,"Rolls, gluten-free, white, made with rice flour, rice starch, and corn starch",,,none,,
171863,"Rolls, gluten-free, white, made with brown rice flour, tapioca starch, and sorghum flour",,,none,,
171864,"Rolls, gluten-free, whole grain, made with tapioca starch and brown rice flour",,,none,,
171865,"Cookies, oatmeal, reduced fat",,,none,,
171866,"Cookies, chocolate cream covered biscuit sticks",,,none,,
171867,"Cookies, Marie biscuit",,,none,,
171868,"Cookies, vanilla sandwich with creme filling, reduced fat",,,none,,
171869,"Beverages, carbonated, tonic water",,,none,,
171870,"Beverages, Energy drink, RED BULL, sugar free, with added caffeine, niacin, pantothenic acid, vitamins B6 and B12",,,none,,
171871,"Beverages, carbonated, root beer",,,none,,
171872,"Alcoholic Beverage, wine, table, red, Gamay",http://purl.obolibrary.org/obo/FOODON_00002621,Gamay noir wine,accepted,,
171873,"Beverages, chocolate drink, milk and soy based, ready to drink, fortified",,,none,,
171874,"Beverages, chocolate malt powder, prepared with 1% milk, fortified",,,none,,
171875,"Beverages, carbonated, limeade, high caffeine",,,none,,
171876,"Beverages, carbonated, low calorie, cola or pepper-types, with sodium saccharin, contains caffeine",,,none,,
171877,"Beverages, coffee, ready to drink, vanilla, light, milk based, sweetened",,,none,,
171878,"Beverages, Lemonade fruit juice drink light, fortified with vitamin E and C",,,none,,
171879,"Beverages, chocolate-flavor beverage mix, powder, prepared with whole milk",,,none,,
171880,"Beverages, coffee, ready to drink, milk based, sweetened",,,none,,
171881,"Beverages, coffee, brewed, breakfast blend",http://purl.obolibrary.org/obo/FOODON_00001244,coffee beverage,accepted,,
171882,"Beverages, Clam and tomato juice, canned",,,none,,
171883,"Beverages, tea, green, ready to drink, ginseng and honey, sweetened",,,none,,
171884,"Beverages, The COCA-COLA company, Minute Maid, Lemonade",,,none,,
171885,"Beverages, tea, green, ready-to-drink, diet",,,none,,
171886,"Beverages, Cocoa mix, no sugar added, powder",,,none,,
171887,"Cocoa mix, NESTLE, Rich Chocolate Hot Cocoa Mix",,,none,,
171888,"Beverages, tea, black, ready-to-drink, lemon, sweetened",,,none,,
171889,"Beverages, coffee, brewed, prepared with tap water, decaffeinated",http://purl.obolibrary.org/obo/FOODON_00001244,coffee beverage,accepted,,
171890,"Beverages, coffee, brewed, prepared with tap water",http://purl.obolibrary.org/obo/FOODON_00001244,coffee beverage,accepted,,
171891,"Beverages, coffee, brewed, espresso, restaurant-prepared",http://purl.obolibrary.org/obo/FOODON_00005575,espresso,accepted,,
171892,"Beverages, tea, black, ready-to-drink, lemon, diet",,,none,,
171893,"Beverages, coffee, instant, regular, powder",http://purl.obolibrary.org/obo/FOODON_03301035,coffee (instant),accepted,,
171894,"Beverages, coffee, instant, decaffeinated, prepared with water",http://purl.obolibrary.org/obo/FOODON_03302655,"coffee (decaffeinated, instant)",accepted,,
171895,"Beverages, OCEAN SPRAY, Cranberry-Apple Juice Drink, bottled",,,none,,
171896,"Beverages, OCEAN SPRAY, Diet Cranberry Juice",,,none,,
171897,"Beverages, coffee, instant, with chicory",,,none,,
171898,"Beverages, KRAFT, coffee, instant, French Vanilla Cafe",,,none,,
171899,"Beverages, OCEAN SPRAY, Cran Raspberry Juice Drink",,,none,,
171900,"Beverages, OCEAN SPRAY, Cran Lemonade",,,none,,
171901,"Beverages, OCEAN SPRAY, Diet Cran Cherry",,,none,,
171902,"Beverages, cranberry-grape juice drink, bottled",,,none,,
171903,"Cranberry juice cocktail, bottled",,,none,,
171904,"Cranberry juice cocktail, bottled, low calorie, with calcium, saccharin and corn sweetener",,,none,,
171905,"Beverages, Eggnog-flavor mix, powder, prepared with whole milk",,,none,,
171906,"Alcoholic beverages, beer, higher alcohol",,,none,,
171907,"Beverages, Malt liquor beverage",,,none,,
171908,"Alcoholic beverages, wine, rose",,,none,,
171909,"Beverages, OCEAN SPRAY, Cran Pomegranate",,,none,,
171910,"Beverages, tea, green, brewed, decaffeinated",http://purl.obolibrary.org/obo/FOODON_00005444,green tea (decaffeinated),accepted,,
171911,"Beverages, tea, green, ready to drink, unsweetened",http://purl.obolibrary.org/obo/FOODON_00005515,green tea (steeped),accepted,,
171912,"Beverages, citrus fruit juice drink, frozen concentrate",,,none,,
171913,"Beverages, citrus fruit juice drink, frozen concentrate, prepared with water",,,none,,
171914,"Beverages, fruit punch drink, without added nutrients, canned",,,none,,
171915,"Beverages, Tropical Punch, ready-to-drink",,,none,,
171916,"Beverages, grape drink, canned",,,none,,
171917,"Beverages, tea, green, brewed, regular",http://purl.obolibrary.org/obo/FOODON_00005515,green tea (steeped),accepted,,
171918,"Beverages, tea, instant, lemon, with added ascorbic acid",,,none,,
171919,"Alcoholic beverage, distilled, all (gin, rum, vodka, whiskey) 86 proof",,,none,,
171920,"Alcoholic beverage, distilled, all (gin, rum, vodka, whiskey) 90 proof",,,none,,
171921,"Carbonated beverage, chocolate-flavored soda",,,none,,
171922,"Beverages, water, bottled, non-carbonated, EVIAN",,,none,,
171923,"Beverages, Powerade Zero Ion4, calorie-free, assorted flavors",,,none,,
171924,"Beverages, WENDY'S, tea, ready-to-drink, unsweetened",,,none,,
171925,"Alcoholic Beverage, wine, table, red, Merlot",http://purl.obolibrary.org/obo/FOODON_00002590,Merlot wine,accepted,,
171926,"Water, non-carbonated, bottles, natural fruit flavors, sweetened with low calorie sweetener",,,none,,
171927,"Beverages, V8 SPLASH Juice Drinks, Diet Tropical Blend",,,none,,
171928,"Beverages, V8 SPLASH Juice Drinks, Berry Blend",,,none,,
171929,"Beverages, V8 SPLASH Juice Drinks, Fruit Medley",,,none,,
171930,"Beverages, V8 SPLASH Juice Drinks, Guava Passion Fruit",,,none,,
171931,"Beverages, V8 SPLASH Juice Drinks, Strawberry Kiwi",,,none,,
171932,"Beverages, V8 SPLASH Juice Drinks, Tropical Blend",,,none,,
171933,"Beverages, V8 V-FUSION Juices, Peach Mango",,,none,,
171934,"Beverages, V8 V-FUSION Juices, Strawberry Banana",,,none,,
171935,"Beverages, Energy Drink, Monster, fortified with vitamins C, B2, B3, B6, B12",,,none,,
171936,"Beverages, Energy drink, AMP, sugar free",,,none,,
171937,"Beverages, Energy drink, ROCKSTAR",,,none,,
171938,"Beverages, Energy drink, ROCKSTAR, sugar free",,,none,,
171939,"Beverages, Meal supplement drink, canned, peanut flavor",,,none,,
171940,"Water, with corn syrup and/or sugar and low calorie sweetener, fruit flavored",,,none,,
171941,"Beverages, Horchata, as served in restaurant",,,none,,
171942,"Beverages, rice milk, unsweetened",http://purl.obolibrary.org/obo/FOODON_03311386,rice milk beverage,accepted,,
171943,"Beverages, Energy drink, VAULT, citrus flavor",,,none,,
171944,"Beverages, Fruit flavored drink, reduced sugar, greater than 3% fruit juice, high vitamin C, added calcium",,,none,,
171945,"Beverages, fruit juice drink, greater than 3% fruit juice, high vitamin C and added thiamin",,,none,,
171946,"Beverages, tea, hibiscus, brewed",http://purl.obolibrary.org/obo/FOODON_00005516,hibiscus tea (steeped),accepted,,
171947,"Beverages, fruit juice drink, greater than 3% juice, high vitamin C",,,none,,
171948,"Fish, bass, striped, raw",http://purl.obolibrary.org/obo/FOODON_03308527,striped bass (raw),accepted,,
171949,"Fish, bluefish, raw",http://purl.obolibrary.org/obo/FOODON_03306976,bluefish (raw),accepted,,
171950,"Fish, burbot, raw",http://purl.obolibrary.org/obo/FOODON_03309161,burbot (raw),accepted,,
171951,"Fish, butterfish, raw",http://purl.obolibrary.org/obo/FOODON_03309438,butterfish (raw),accepted,,
171952,"Fish, carp, raw",http://purl.obolibrary.org/obo/FOODON_03310154,carp (raw),accepted,,
171953,"Fish, cisco, raw",http://purl.obolibrary.org/obo/FOODON_03309313,cisco (raw),accepted,,
171954,"Fish, cisco, smoked",,,none,,
171955,"Fish, cod, Atlantic, raw",http://purl.obolibrary.org/obo/FOODON_03308023,atlantic cod (raw),accepted,,
171956,"Fish, cod, Atlantic, cooked, dry heat",http://purl.obolibrary.org/obo/FOODON_02021812,piece of atlantic cod,accepted,,
171957,"Fish, croaker, Atlantic, cooked, breaded and fried",,,none,,
171958,"Fish, cusk, raw",http://purl.obolibrary.org/obo/FOODON_03308034,cusk (raw),accepted,,
171959,"Fish, mahimahi, raw",http://purl.obolibrary.org/obo/FOODON_03308697,mahi mahi (raw),flagged,USDA term shares no content word with the USDA name,review loop 2026-09-28
171960,"Fish, drum, freshwater, raw",http://purl.obolibrary.org/obo/FOODON_03308888,freshwater drum (raw),accepted,,
171961,"Fish, gefiltefish, commercial, sweet recipe",,,none,,
171962,"Fish, grouper, mixed species, raw",http://purl.obolibrary.org/obo/FOODON_03308027,grouper (raw),added,FoodOn names it through a safe un-inverted form,review loop 2026-09-28
171963,"Fish, grouper, mixed species, cooked, dry heat",http://purl.obolibrary.org/obo/FOODON_03411496,grouper,added,FoodOn names it through a safe un-inverted form,review loop 2026-09-28
171964,"Fish, haddock, raw",http://purl.obolibrary.org/obo/FOODON_03308024,haddock (raw),accepted,,
171965,"Fish, halibut, Greenland, raw",http://purl.obolibrary.org/obo/FOODON_03308912,greenland turbot (raw),accepted,,
171966,"Crustaceans, crab, blue, canned",,,none,,
171967,"Crustaceans, crab, blue, crab cakes, home recipe",,,none,,
171968,"Crustaceans, crab, dungeness, raw",http://purl.obolibrary.org/obo/FOODON_03308593,dungeness crab (raw),accepted,,
171969,"Crustaceans, crab, queen, raw",http://purl.obolibrary.org/obo/FOODON_03308617,queen crab (raw),accepted,,
171970,"Crustaceans, shrimp, mixed species, cooked, breaded and fried",,,none,,
171971,"Crustaceans, shrimp, mixed species, cooked, moist heat (may contain additives to retain moisture)",,,none,,
171972,"Crustaceans, shrimp, mixed species, canned",,,none,,
171973,"Crustaceans, shrimp, mixed species, imitation, made from surimi",,,none,,
171974,"Mollusks, clam, mixed species, cooked, breaded and fried",,,none,,
171975,"Mollusks, clam, mixed species, cooked, moist heat",,,none,,
171976,"Mollusks, clam, mixed species, canned, drained solids",,,none,,
171977,"Mollusks, clam, mixed species, canned, liquid",,,none,,
171978,"Mollusks, oyster, eastern, wild, raw",http://purl.obolibrary.org/obo/FOODON_03308151,eastern oyster (raw),accepted,,
171979,"Mollusks, oyster, eastern, cooked, breaded and fried",,,none,,
171980,"Mollusks, oyster, eastern, wild, cooked, moist heat",,,none,,
171981,"Mollusks, oyster, eastern, canned",,,none,,
171982,"Mollusks, squid, mixed species, cooked, fried",,,none,,
171983,"Mollusks, whelk, unspecified, raw",http://purl.obolibrary.org/obo/FOODON_02021787,piece of whelk (raw),accepted,,
171984,"Mollusks, whelk, unspecified, cooked, moist heat",http://purl.obolibrary.org/obo/FOODON_02021482,piece of whelk,accepted,,
171985,"Fish, salmon, chinook, smoked, (lox), regular",,,none,,
171986,"Fish, tuna, light, canned in water, without salt, drained solids",http://purl.obolibrary.org/obo/FOODON_03308711,"tuna (light meat, canned)",accepted,,
171987,"Fish, tuna, white, canned in oil, without salt, drained solids",,,none,,
171988,"Fish, tuna, white, canned in water, without salt, drained solids",http://purl.obolibrary.org/obo/FOODON_03308711,"tuna (light meat, canned)",accepted,,
171989,"Fish, bass, freshwater, mixed species, cooked, dry heat",,,none,,
171990,"Fish, cod, Pacific, cooked, dry heat (may contain additives to retain moisture)",http://purl.obolibrary.org/obo/FOODON_03411841,pacific cod,added,FoodOn names it through a safe un-inverted form,review loop 2026-09-28
171991,"Fish, cusk, cooked, dry heat",,,none,,
171992,"Fish, mahimahi, cooked, dry heat",,,none,,
171993,"Fish, drum, freshwater, cooked, dry heat",,,none,,
171994,"Fish, mackerel, Pacific and jack, mixed species, cooked, dry heat",,,none,,
171995,"Fish, milkfish, cooked, dry heat",,,none,,
171996,"Fish, monkfish, cooked, dry heat",,,none,,
171997,"Fish, pike, walleye, cooked, dry heat",,,none,,
171998,"Fish, salmon, Atlantic, wild, cooked, dry heat",,,none,,
171999,"Fish, salmon, chinook, cooked, dry heat",,,none,,
172000,"Fish, salmon, chum, cooked, dry heat",,,none,,
172001,"Fish, salmon, pink, cooked, dry heat",,,none,,
172002,"Fish, sucker, white, cooked, dry heat",,,none,,
172003,"Fish, sunfish, pumpkin seed, cooked, dry heat",,,none,,
172004,"Fish, trout, mixed species, cooked, dry heat",,,none,,
172005,"Fish, tuna, skipjack, fresh, cooked, dry heat",,,none,,
172006,"Fish, tuna, yellowfin, fresh, cooked, dry heat",,,none,,
172007,"Crustaceans, crab, dungeness, cooked, moist heat",,,none,,
172008,"Crustaceans, crab, queen, cooked, moist heat",,,none,,
172009,"Crustaceans, spiny lobster, mixed species, cooked, moist heat",,,none,,
172010,"Mollusks, cuttlefish, mixed species, cooked, moist heat",http://purl.obolibrary.org/obo/FOODON_02022287,piece(s) of cuttlefish,accepted,,
172011,"Beerwurst, beer salami, pork and beef",,,none,,
172012,"Bologna, beef",http://purl.obolibrary.org/obo/FOODON_00005508,beef bologna,accepted,,
172013,"Bologna, beef and pork",,,none,,
172014,"Pasta, cooked, unenriched, with added salt",http://purl.obolibrary.org/obo/FOODON_03306347,pasta,accepted,,
172015,"Cornmeal, degermed, unenriched, white",http://purl.obolibrary.org/obo/FOODON_03317234,white cornmeal (degerminated),accepted,,
172016,"Wheat flour, white (industrial), 9% protein, bleached, enriched",http://purl.obolibrary.org/obo/FOODON_03302339,white wheat flour,accepted,,
172017,"Wheat flour, white (industrial), 9% protein, bleached, unenriched",http://purl.obolibrary.org/obo/FOODON_03302339,white wheat flour,accepted,,
172018,"Wheat flour, white (industrial), 10% protein, bleached, enriched",http://purl.obolibrary.org/obo/FOODON_03302339,white wheat flour,accepted,,
172019,"Wheat flour, white (industrial), 10% protein, bleached, unenriched",http://purl.obolibrary.org/obo/FOODON_03302339,white wheat flour,accepted,,
172020,"Wheat flour, white (industrial), 13% protein, bleached, unenriched",http://purl.obolibrary.org/obo/FOODON_03302339,white wheat flour,accepted,,
172021,"Wheat flour, white (industrial), 15% protein, bleached, enriched",http://purl.obolibrary.org/obo/FOODON_03302339,white wheat flour,accepted,,
172022,"Wheat flour, white (industrial), 15% protein, bleached, unenriched",http://purl.obolibrary.org/obo/FOODON_03302339,white wheat flour,accepted,,
172023,Millet flour,http://purl.obolibrary.org/obo/FOODON_03310137,millet flour,accepted,,
172024,"Pasta, whole grain, 51% whole wheat, remaining enriched semolina, cooked (Includes foods for USDA's Food Distribution Program)",,,none,,
172025,"Pasta, whole grain, 51% whole wheat, remaining enriched semolina, dry (Includes foods for USDA's Food Distribution Program)",,,none,,
172026,"Pasta, gluten-free, brown rice flour, cooked, TINKYADA",http://purl.obolibrary.org/obo/FOODON_00005437,gluten-free pasta,added,FoodOn names it through a safe un-inverted form,review loop 2026-09-28
172027,"Pasta, gluten-free, corn flour and quinoa flour, cooked, ANCIENT HARVEST",http://purl.obolibrary.org/obo/FOODON_00005437,gluten-free pasta,added,FoodOn names it through a safe un-inverted form,review loop 2026-09-28
172028,"Fast Foods, biscuit, with egg and sausage",,,none,,
172029,"Fast foods, biscuit, with egg, cheese, and bacon",,,none,,
172030,"Fast foods, biscuit, with ham",,,none,,
172031,"Fast foods, biscuit, with sausage",,,none,,
172032,"Fast foods, english muffin, with cheese and sausage",,,none,,
172033,"Fast foods, english muffin, with egg, cheese, and canadian bacon",,,none,,
172034,"Fast foods, english muffin, with egg, cheese, and sausage",,,none,,
172035,"Fast foods, french toast sticks",,,none,,
172036,"Fast foods, sundae, strawberry",,,none,,
172037,"Fast foods, shrimp, breaded and fried",,,none,,
172038,"Fast foods, burrito, with beans",,,none,,
172039,"Fast foods, burrito, with beans and cheese",,,none,,
172040,"PIZZA HUT 12"" Cheese Pizza, Hand-Tossed Crust",,,none,,
172041,"PIZZA HUT 12"" Cheese Pizza, Pan Crust",,,none,,
172042,"PIZZA HUT 12"" Cheese Pizza, THIN 'N CRISPY Crust",,,none,,
172043,"DOMINO'S 14"" Cheese Pizza, Crunchy Thin Crust",,,none,,
172044,"DOMINO'S 14"" Pepperoni Pizza, Classic Hand-Tossed Crust",,,none,,
172045,"DOMINO'S 14"" Pepperoni Pizza, Ultimate Deep Dish Crust",,,none,,
172046,"DOMINO'S 14"" EXTRAVAGANZZA FEAST Pizza, Classic Hand-Tossed Crust",,,none,,
172047,"LITTLE CAESARS 14"" Original Round Cheese Pizza, Regular Crust",,,none,,
172048,"LITTLE CAESARS 14"" Original Round Pepperoni Pizza, Regular Crust",,,none,,
172049,"LITTLE CAESARS 14"" Original Round Meat and Vegetable Pizza, Regular Crust",,,none,,
172050,"LITTLE CAESARS 14"" Cheese Pizza, Large Deep Dish Crust",,,none,,
172051,"PIZZA HUT 14"" Cheese Pizza, THIN 'N CRISPY Crust",,,none,,
172052,"PIZZA HUT 14"" Pepperoni Pizza, Hand-Tossed Crust",,,none,,
172053,"PIZZA HUT 14"" Pepperoni Pizza, Pan Crust",,,none,,
172054,"PIZZA HUT 14"" Super Supreme Pizza, Hand-Tossed Crust",,,none,,
172055,"Fast Food, Pizza Chain, 14"" pizza, meat and vegetable topping, regular crust",,,none,,
172056,"Fast foods, griddle cake sandwich, egg, cheese, and sausage",,,none,,
172057,"Fast foods, griddle cake sandwich, sausage",,,none,,
172058,"Fast foods, griddle cake sandwich, egg, cheese, and bacon",,,none,,
172059,"McDONALD'S, Sausage McGRIDDLES",,,none,,
172060,"McDONALD'S, Sausage, Egg & Cheese McGRIDDLES",,,none,,
172061,"McDONALD'S, Vanilla Reduced Fat Ice Cream Cone",,,none,,
172062,"McDONALD'S, Strawberry Sundae",,,none,,
172063,"McDONALD'S, Sausage Burrito",,,none,,
172064,"McDONALD'S, BIG BREAKFAST",,,none,,
172065,"McDONALD'S, Double Cheeseburger",,,none,,
172066,"McDONALD'S, DOUBLE QUARTER POUNDER with Cheese",,,none,,
172067,"McDONALD'S, BIG MAC (without Big Mac Sauce)",,,none,,
172068,"McDONALD'S, Sausage McMUFFIN with Egg",,,none,,
172069,"McDONALD'S, Bacon Egg & Cheese Biscuit",,,none,,
172070,"McDONALD'S, Sausage Biscuit",,,none,,
172071,"McDONALD'S, Sausage Biscuit with Egg",,,none,,
172072,McDONALD'S Bacon Ranch Salad with Crispy Chicken,,,none,,
172073,"McDONALD'S, Bacon Ranch Salad without chicken",,,none,,
172074,"McDONALD'S, Side Salad",,,none,,
172075,"McDONALD'S, Fruit 'n Yogurt Parfait",,,none,,
172076,"BURGER KING, CROISSAN'WICH with Egg and Cheese",,,none,,
172077,"BURGER KING, french toast sticks",,,none,,
172078,"BURGER KING, Hash Brown Rounds",,,none,,
172079,"Fast foods, miniature cinnamon rolls",,,none,,
172080,"Fast foods, hamburger; double, large patty; with condiments, vegetables and mayonnaise",,,none,,
172081,"Fast foods, cheeseburger; single, large patty; with condiments, vegetables and mayonnaise",,,none,,
172082,"Fast foods, cheeseburger; single, large patty; with condiments",,,none,,
172083,"Fast Foods, cheeseburger; double, large patty; with condiments, vegetables and mayonnaise",,,none,,
172084,"Fast foods, cheeseburger; double, regular patty; double decker bun with condiments and special sauce",,,none,,
172085,"Light Ice Cream, soft serve, blended with cookie pieces",,,none,,
172086,"POPEYES, biscuit",,,none,,
172087,"POPEYES, Coleslaw",,,none,,
172088,"POPEYES, Mild Chicken Strips, analyzed 2006",,,none,,
172089,"Spaghetti with meat sauce, frozen entree",,,none,,
172090,"Beef macaroni with tomato sauce, frozen entree, reduced fat",,,none,,
172091,"Pasta with Sliced Franks in Tomato Sauce, canned entree",,,none,,
172092,"Turkey Pot Pie, frozen entree",,,none,,
172093,"Beef Pot Pie, frozen entree, prepared",,,none,,
172094,"Tortellini, pasta with cheese filling, fresh-refrigerated, as purchased",,,none,,
172095,"Pizza, meat topping, thick crust, frozen, cooked",,,none,,
172096,"Pizza, pepperoni topping, regular crust, frozen, cooked",,,none,,
172097,"Chili con carne with beans, canned entree",,,none,,
172098,"Chili, no beans, canned entree",,,none,,
172099,"Spaghetti, with meatballs in tomato sauce, canned",,,none,,
172100,"Pasta with tomato sauce, no meat, canned",,,none,,
172101,"Lasagna with meat & sauce, low-fat, frozen entree",,,none,,
172102,"Burrito, beef and bean, microwaved",,,none,,
172103,"Egg rolls, pork, refrigerated, heated",,,none,,
172104,"Egg rolls, chicken, refrigerated, heated",,,none,,
172105,"Egg rolls, vegetable, frozen, prepared",,,none,,
172106,"Lasagna, Vegetable, frozen, baked",,,none,,
172107,"HOT POCKETS, meatballs & mozzarella stuffed sandwich, frozen",,,none,,
172108,"LEAN POCKETS, Ham N Cheddar",,,none,,
172109,"Lean Pockets, Meatballs & Mozzarella",,,none,,
172110,"Chili with beans, microwavable bowls",,,none,,
172111,"Chicken, nuggets, dark and white meat, precooked, frozen, not reheated",,,none,,
172112,"Chicken, nuggets, white meat, precooked, frozen, not reheated",,,none,,
172113,"Ravioli, cheese with tomato sauce, frozen, not prepared, includes regular and light entrees",,,none,,
172114,"Lasagna with meat sauce, frozen, prepared",,,none,,
172115,"Beef, short loin, porterhouse steak, separable lean and fat, trimmed to 1/8"" fat, all grades, cooked, grilled",http://purl.obolibrary.org/obo/FOODON_00003305,beef porterhouse steak,accepted,,
172116,"Beef, short loin, porterhouse steak, separable lean and fat, trimmed to 1/8"" fat, select, raw",http://purl.obolibrary.org/obo/FOODON_02000401,beef porterhouse steak (raw),accepted,,
172117,"Beef, short loin, porterhouse steak, separable lean and fat, trimmed to 1/8"" fat, select, cooked, grilled",http://purl.obolibrary.org/obo/FOODON_00003305,beef porterhouse steak,accepted,,
172118,"Beef, short loin, t-bone steak, separable lean and fat, trimmed to 1/8"" fat, all grades, raw",http://purl.obolibrary.org/obo/FOODON_02000120,beef T-bone steak (raw),accepted,,
172119,"Beef, round, knuckle, tip side, steak, separable lean and fat, trimmed to 0"" fat, choice, cooked, grilled",http://purl.obolibrary.org/obo/FOODON_02000033,beef sirloin tip side steak,accepted,,
172120,"Beef, round, knuckle, tip side, steak, separable lean and fat , trimmed to 0"" fat, select, raw",http://purl.obolibrary.org/obo/FOODON_02000034,beef sirloin tip side steak (raw),accepted,,
172121,"Beef, round, knuckle, tip side, steak, separable lean and fat, trimmed to 0"" fat, select, cooked, grilled",http://purl.obolibrary.org/obo/FOODON_02000033,beef sirloin tip side steak,accepted,,
172122,"Beef, chuck, shoulder clod, shoulder tender, medallion, separable lean and fat, trimmed to 0"" fat, choice, raw",http://purl.obolibrary.org/obo/FOODON_02000082,beef shoulder petite tender medallion (raw),accepted,,
172123,"Beef, chuck, shoulder clod, shoulder top and center steaks, separable lean and fat, trimmed to 0"" fat, select, raw",http://purl.obolibrary.org/obo/FOODON_02000086,beef top blade steak (raw),accepted,,
172124,"Beef, chuck, shoulder clod, shoulder top and center steaks, separable lean and fat, trimmed to 0"" fat, select, cooked, grilled",http://purl.obolibrary.org/obo/FOODON_02000085,beef top blade steak,accepted,,
172125,"Beef, chuck, shoulder clod, top blade, steak, separable lean and fat, trimmed to 0"" fat, choice, raw",http://purl.obolibrary.org/obo/FOODON_02000086,beef top blade steak (raw),accepted,,
172126,"Beef, chuck, shoulder clod, top blade, steak, separable lean and fat, trimmed to 0"" fat, choice, cooked, grilled",http://purl.obolibrary.org/obo/FOODON_02000085,beef top blade steak,accepted,,
172127,"Beef, round, knuckle, tip center, steak, separable lean and fat, trimmed to 0"" fat, select, cooked, grilled",http://purl.obolibrary.org/obo/FOODON_02000037,beef sirloin tip center steak,accepted,,
172128,"Beef, round, outside round, bottom round, steak, separable lean and fat, trimmed to 0"" fat, choice, raw",http://purl.obolibrary.org/obo/FOODON_02000005,beef bottom round steak (raw),accepted,,
172129,"Beef, round, outside round, bottom round, steak, separable lean and fat, trimmed to 0"" fat, choice, cooked, grilled",http://purl.obolibrary.org/obo/FOODON_02000004,beef bottom round steak,accepted,,
172130,"Beef, round, outside round, bottom round, steak, separable lean and fat, trimmed to 0"" fat, select, raw",http://purl.obolibrary.org/obo/FOODON_02000005,beef bottom round steak (raw),accepted,,
172131,"Beef, round, knuckle, tip side, steak, separable lean and fat, trimmed to 0"" fat, all grades, cooked, grilled",http://purl.obolibrary.org/obo/FOODON_02000033,beef sirloin tip side steak,accepted,,
172132,"Beef, chuck, shoulder clod, shoulder top and center steaks, separable lean and fat, trimmed to 0"" fat, all grades, raw",http://purl.obolibrary.org/obo/FOODON_02000086,beef top blade steak (raw),accepted,,
172133,"Beef, chuck, shoulder clod, shoulder top and center steaks, separable lean and fat, trimmed to 0"" fat, all grades, cooked, grilled",http://purl.obolibrary.org/obo/FOODON_02000085,beef top blade steak,accepted,,
172134,"Beef, chuck, shoulder clod, top blade, steak, separable lean and fat, trimmed to 0"" fat, all grades, raw",http://purl.obolibrary.org/obo/FOODON_02000086,beef top blade steak (raw),accepted,,
172135,"Beef, round, outside round, bottom round, steak, separable lean and fat, trimmed to 0"" fat, all grades, cooked, grilled",http://purl.obolibrary.org/obo/FOODON_02000004,beef bottom round steak,accepted,,
172136,"Beef, chuck, shoulder clod, shoulder tender, medallion, separable lean and fat, trimmed to 0"" fat, select, cooked, grilled",http://purl.obolibrary.org/obo/FOODON_02000004,beef bottom round steak,accepted,,
172137,"Beef, plate steak, boneless, inside skirt, separable lean only, trimmed to 0"" fat, choice, raw",http://purl.obolibrary.org/obo/FOODON_02000182,beef inside skirt steak (raw),accepted,,
172138,"Beef, plate steak, boneless, inside skirt, separable lean only, trimmed to 0"" fat, select, cooked, grilled",http://purl.obolibrary.org/obo/FOODON_02000181,beef inside skirt steak,accepted,,
172139,"Beef, plate steak, boneless, inside skirt, separable lean only, trimmed to 0"" fat, select, raw",http://purl.obolibrary.org/obo/FOODON_02000182,beef inside skirt steak (raw),accepted,,
172140,"Beef, plate steak, boneless, outside skirt, separable lean only, trimmed to 0"" fat, all grades, cooked, grilled",http://purl.obolibrary.org/obo/FOODON_02000183,beef outside skirt steak,accepted,,
172141,"Beef, plate steak, boneless, outside skirt, separable lean only, trimmed to 0"" fat, select, raw",http://purl.obolibrary.org/obo/FOODON_02000184,beef outside skirt steak (raw),accepted,,
172142,"Beef, rib eye steak, boneless, lip off, separable lean only, trimmed to 0"" fat, all grades, cooked, grilled",http://purl.obolibrary.org/obo/FOODON_02000209,beef ribeye steak,accepted,,
172143,"Beef, rib eye steak, boneless, lip off, separable lean only, trimmed to 0"" fat, all grades, raw",http://purl.obolibrary.org/obo/FOODON_02000210,beef ribeye steak (raw),accepted,,
172144,"Beef, rib eye steak, boneless, lip off, separable lean only, trimmed to 0"" fat, choice, cooked, grilled",http://purl.obolibrary.org/obo/FOODON_02000209,beef ribeye steak,accepted,,
172145,"Beef, rib, back ribs, bone-in, separable lean only, trimmed to 0"" fat, all grades, raw",http://purl.obolibrary.org/obo/FOODON_02000225,beef back rib (raw),accepted,,
172146,"Beef, rib, back ribs, bone-in, separable lean only, trimmed to 0"" fat, choice, cooked, braised",http://purl.obolibrary.org/obo/FOODON_02000224,beef back rib,accepted,,
172147,"Beef, rib, back ribs, bone-in, separable lean only, trimmed to 0"" fat, choice, raw",http://purl.obolibrary.org/obo/FOODON_02000225,beef back rib (raw),accepted,,
172148,"Beef, rib, back ribs, bone-in, separable lean only, trimmed to 0"" fat, select, cooked, braised",http://purl.obolibrary.org/obo/FOODON_02000224,beef back rib,accepted,,
172149,"Beef, rib eye roast, bone-in, lip-on, separable lean and fat, trimmed to 1/8"" fat, select, cooked, roasted",http://purl.obolibrary.org/obo/FOODON_02000207,beef ribeye roast,accepted,,
172150,"Beef, rib eye roast, bone-in, lip-on, separable lean and fat, trimmed to 1/8"" fat, all grades, cooked, roasted",http://purl.obolibrary.org/obo/FOODON_02000207,beef ribeye roast,accepted,,
172151,"Beef, rib eye steak/roast, bone-in, lip-on, separable lean and fat, trimmed to 1/8"" fat, all grades, raw",http://purl.obolibrary.org/obo/FOODON_02000210,beef ribeye steak (raw),accepted,,
172152,"Beef, rib eye steak/roast, bone-in, lip-on, separable lean and fat, trimmed to 1/8"" fat, choice, raw",http://purl.obolibrary.org/obo/FOODON_02000210,beef ribeye steak (raw),accepted,,
172153,"Beef, rib eye roast, boneless, lip-on, separable lean and fat, trimmed to 1/8"" fat, all grades, cooked, roasted",http://purl.obolibrary.org/obo/FOODON_02000207,beef ribeye roast,accepted,,
172154,"Beef, rib eye roast, boneless, lip-on, separable lean and fat, trimmed to 1/8"" fat, choice, cooked, roasted",http://purl.obolibrary.org/obo/FOODON_02000207,beef ribeye roast,accepted,,
172155,"Beef, rib eye roast, boneless, lip-on, separable lean and fat, trimmed to 1/8"" fat, select, cooked, roasted",http://purl.obolibrary.org/obo/FOODON_02000207,beef ribeye roast,accepted,,
172156,"Beef, rib eye steak/roast, boneless, lip-on, separable lean and fat, trimmed to 1/8"" fat, all grades, raw",http://purl.obolibrary.org/obo/FOODON_02000210,beef ribeye steak (raw),accepted,,
172157,"Beef, plate steak, boneless, inside skirt, separable lean and fat, trimmed to 0"" fat, select, cooked, grilled",http://purl.obolibrary.org/obo/FOODON_02000181,beef inside skirt steak,accepted,,
172158,"Beef, plate steak, boneless, inside skirt, separable lean and fat, trimmed to 0"" fat, all grades, raw",http://purl.obolibrary.org/obo/FOODON_02000182,beef inside skirt steak (raw),accepted,,
172159,"Beef, plate steak, boneless, inside skirt, separable lean and fat, trimmed to 0"" fat, choice, raw",http://purl.obolibrary.org/obo/FOODON_02000182,beef inside skirt steak (raw),accepted,,
172160,"Beef, plate steak, boneless, inside skirt, separable lean and fat, trimmed to 0"" fat, select, raw",http://purl.obolibrary.org/obo/FOODON_02000182,beef inside skirt steak (raw),accepted,,
172161,"Beef, ground, unspecified fat content, cooked",http://purl.obolibrary.org/obo/FOODON_00001282,beef (ground),accepted,,
172162,"Beef, plate steak, boneless, outside skirt, separable lean and fat, trimmed to 0"" fat, choice, raw",http://purl.obolibrary.org/obo/FOODON_02000184,beef outside skirt steak (raw),accepted,,
172163,"Beef, plate steak, boneless, outside skirt, separable lean and fat, trimmed to 0"" fat, select, raw",http://purl.obolibrary.org/obo/FOODON_02000184,beef outside skirt steak (raw),accepted,,
172164,"Beef, rib eye steak, boneless, lip off, separable lean and fat, trimmed to 0"" fat, all grades, cooked, grilled",http://purl.obolibrary.org/obo/FOODON_02000209,beef ribeye steak,accepted,,
172165,"Beef, rib eye steak, boneless, lip off, separable lean and fat, trimmed to 0"" fat, choice, cooked, grilled",http://purl.obolibrary.org/obo/FOODON_02000209,beef ribeye steak,accepted,,
172166,"Beef, rib, back ribs, bone-in, separable lean and fat, trimmed to 0"" fat, all grades, cooked, braised",http://purl.obolibrary.org/obo/FOODON_02000224,beef back rib,accepted,,
172167,"Beef, rib, back ribs, bone-in, separable lean and fat, trimmed to 0"" fat, choice, cooked, braised",http://purl.obolibrary.org/obo/FOODON_02000224,beef back rib,accepted,,
172168,"Beef, rib, back ribs, bone-in, separable lean and fat, trimmed to 0"" fat, select, cooked, braised",http://purl.obolibrary.org/obo/FOODON_02000224,beef back rib,accepted,,
172169,"Beef, rib, back ribs, bone-in, separable lean and fat, trimmed to 0"" fat, all grades, raw",http://purl.obolibrary.org/obo/FOODON_02000225,beef back rib (raw),accepted,,
172170,"Beef, loin, top sirloin cap steak, boneless, separable lean only, trimmed to 1/8"" fat, all grades, cooked, grilled",http://purl.obolibrary.org/obo/FOODON_02000157,beef culotte steak,accepted,,
172171,"Beef, loin, top sirloin cap steak, boneless, separable lean only, trimmed to 1/8"" fat, choice, cooked, grilled",http://purl.obolibrary.org/obo/FOODON_02000157,beef culotte steak,accepted,,
172172,"Beef, loin, top sirloin cap steak, boneless, separable lean only, trimmed to 1/8"" fat, select, cooked, grilled",http://purl.obolibrary.org/obo/FOODON_02000157,beef culotte steak,accepted,,
172173,"Beef, loin, top sirloin cap steak, boneless, separable lean only, trimmed to 1/8"" fat, all grades, raw",http://purl.obolibrary.org/obo/FOODON_02000158,beef culotte steak (raw),accepted,,
172174,"Beef, loin, top sirloin cap steak, boneless, separable lean only, trimmed to 1/8"" fat, choice, raw",http://purl.obolibrary.org/obo/FOODON_02000158,beef culotte steak (raw),accepted,,
172175,"Cheese, blue",,,none,,
172176,"Cheese, brick",http://purl.obolibrary.org/obo/FOODON_03310297,brick cheese,added,FoodOn names it through a safe un-inverted form,review loop 2026-09-28
172177,"Cheese, brie",http://purl.obolibrary.org/obo/FOODON_03303508,brie cheese,added,FoodOn names it through a safe un-inverted form,review loop 2026-09-28
172178,"Cheese, camembert",http://purl.obolibrary.org/obo/FOODON_03302995,camembert cheese,added,FoodOn names it through a safe un-inverted form,review loop 2026-09-28
172179,"Cheese, cottage, creamed, large or small curd",http://purl.obolibrary.org/obo/FOODON_03302973,cottage cheese (creamed),added,FoodOn names it through a safe un-inverted form,review loop 2026-09-28
172180,"Cheese, cottage, creamed, with fruit",http://purl.obolibrary.org/obo/FOODON_03302973,cottage cheese (creamed),added,FoodOn names it through a safe un-inverted form,review loop 2026-09-28
172181,"Cheese, cottage, nonfat, uncreamed, dry, large or small curd",http://purl.obolibrary.org/obo/FOODON_03301783,cottage cheese (dry),added,FoodOn names it through a safe un-inverted form,review loop 2026-09-28
172182,"Cheese, cottage, lowfat, 2% milkfat",http://purl.obolibrary.org/obo/FOODON_03303720,cottage cheese (lowfat),added,FoodOn names it through a safe un-inverted form,review loop 2026-09-28
172183,"Egg, white, raw, fresh",http://purl.obolibrary.org/obo/FOODON_02020156,chicken egg white (raw),accepted,,
172184,"Egg, yolk, raw, fresh",http://purl.obolibrary.org/obo/FOODON_02020158,chicken egg yolk (raw),accepted,,
172185,"Egg, whole, cooked, omelet",,,none,,
172186,"Egg, whole, cooked, poached",http://purl.obolibrary.org/obo/FOODON_00002799,chicken egg (poached),accepted,,
172187,"Egg, whole, cooked, scrambled",http://purl.obolibrary.org/obo/FOODON_03304791,scrambled chicken egg,accepted,,
172188,"Egg, whole, dried",http://purl.obolibrary.org/obo/FOODON_03311041,"chicken egg (shell off, solids, dried)",flagged,The FoodOn name names a part the USDA name does not (shell).,review loop 2026-09-28
172189,"Egg, duck, whole, fresh, raw",http://purl.obolibrary.org/obo/FOODON_02020117,duck egg (raw),accepted,,
172190,"Egg, goose, whole, fresh, raw",http://purl.obolibrary.org/obo/FOODON_02020377,goose egg (raw),accepted,,
172191,"Egg, quail, whole, fresh, raw",http://purl.obolibrary.org/obo/FOODON_02020723,quail egg (raw),accepted,,
172192,"Egg, turkey, whole, fresh, raw",http://purl.obolibrary.org/obo/FOODON_02020407,turkey egg (raw),accepted,,
172193,"Milk, reduced fat, fluid, 2% milkfat, with added nonfat milk solids, without added vitamin A",http://purl.obolibrary.org/obo/FOODON_00005483,"cow milk (reduced fat, Without added Vitamin A, nonfat milk solids added)",accepted,,
172194,"Milk, canned, evaporated, with added vitamin A",http://purl.obolibrary.org/obo/FOODON_00005485,evaporated milk (with added vitamin A),accepted,,
172195,"Milk, dry, nonfat, regular, with added vitamin A and vitamin D",http://purl.obolibrary.org/obo/FOODON_03316775,nonfat dry milk (vitamin a and d fortified),accepted,,
172196,"Milk, dry, nonfat, instant, without added vitamin A and vitamin D",http://purl.obolibrary.org/obo/FOODON_00005475,"nonfat dry milk (instant, without added vitamin A and D)",accepted,,
172197,"Cheese, goat, hard type",,,none,,
172198,"Cheese substitute, mozzarella",,,none,,
172199,"Yogurt, Greek, 2% fat, mango, CHOBANI",,,none,,
172200,"Cheese sauce, prepared from recipe",,,none,,
172201,"Cheese, mexican, queso anejo",,,none,,
172202,"Egg, whole, raw, frozen, pasteurized (Includes foods for USDA's Food Distribution Program)",http://purl.obolibrary.org/obo/FOODON_03301075,"chicken egg (shell off, raw)",flagged,The FoodOn name names a part the USDA name does not (shell).,review loop 2026-09-28
172203,"Egg, white, raw, frozen, pasteurized",http://purl.obolibrary.org/obo/FOODON_03304799,"chicken egg white (pasteurized, frozen)",accepted,,
172204,"Egg, white, dried",http://purl.obolibrary.org/obo/FOODON_03305612,chicken egg white (dried),accepted,,
172205,"Milk, reduced fat, fluid, 2% milkfat, without added vitamin A and vitamin D",http://purl.obolibrary.org/obo/FOODON_00005476,"cow milk (reduced fat, without added Vitamin A and Vitamin D)",accepted,,
172206,"Parmesan cheese topping, fat free",,,none,,
172207,"Cheese, cream, fat free",http://purl.obolibrary.org/obo/FOODON_03301889,cream cheese,added,FoodOn names it through a safe un-inverted form,review loop 2026-09-28
172208,"Yogurt, chocolate, nonfat milk",,,none,,
172209,KRAFT CHEEZ WHIZ Pasteurized Process Cheese Sauce,,,none,,
172210,KRAFT BREAKSTONE'S Reduced Fat Sour Cream,,,none,,
172211,KRAFT BREAKSTONE'S FREE Fat Free Sour Cream,,,none,,
172212,"Cream, half and half, fat free",,,none,,
172213,Reddi Wip Fat Free Whipped Topping,,,none,,
172214,"Cream substitute, flavored, powdered",,,none,,
172215,"Cheese, provolone, reduced fat",http://purl.obolibrary.org/obo/FOODON_03302916,provolone cheese,added,FoodOn names it through a safe un-inverted form,review loop 2026-09-28
172216,"Cheese, Mexican, blend, reduced fat",,,none,,
172217,"Milk, whole, 3.25% milkfat, without added vitamin A and vitamin D",http://purl.obolibrary.org/obo/FOODON_00005481,cow whole milk 3.5% fat (without added Vitamin A and Vitamin D),accepted,,
172218,"Yogurt, fruit, lowfat, with low calorie sweetener, fortified with vitamin D",,,none,,
172219,"Yogurt, vanilla, low fat, fortified with vitamin D",,,none,,
172220,"Yogurt, vanilla or lemon flavor, nonfat milk, sweetened with low-calorie sweetener, fortified with vitamin D",,,none,,
172221,"Yogurt, chocolate, nonfat milk, fortified with vitamin D",,,none,,
172222,"Cheese, dry white, queso seco",,,none,,
172223,"Cheese, fresh, queso fresco",http://purl.obolibrary.org/obo/FOODON_00004528,queso fresco,added,FoodOn names it through a safe un-inverted form,review loop 2026-09-28
172224,"Cheese, white, queso blanco",,,none,,
172225,"Milk, buttermilk, fluid, whole",,,none,,
172226,Ice cream sandwich,http://purl.obolibrary.org/obo/FOODON_03305472,ice cream sandwich,added,FoodOn names it through a safe un-inverted form,review loop 2026-09-28
172227,Ice cream cookie sandwich,,,none,,
172228,"Ice cream cone, chocolate covered, with nuts, flavors other than chocolate",,,none,,
172229,"Ice cream sandwich, made with light ice cream, vanilla",,,none,,
172230,"Ice cream sandwich, vanilla, light, no sugar added",,,none,,
172231,"Spices, turmeric, ground",http://purl.obolibrary.org/obo/FOODON_03310841,turmeric (ground),accepted,,
172232,"Basil, fresh",http://purl.obolibrary.org/obo/FOODON_00003629,basil leaf,flagged,The FoodOn name names a part the USDA name does not (leaf).,review loop 2026-09-28
172233,"Dill weed, fresh",http://purl.obolibrary.org/obo/FOODON_03310090,dill leaf (raw),accepted,,
172234,"Mustard, prepared, yellow",http://purl.obolibrary.org/obo/FOODON_03000286,yellow mustard (prepared),accepted,,
172235,"Vanilla extract, imitation, alcohol",http://purl.obolibrary.org/obo/FOODON_03316764,vanilla bean extract,accepted,,
172236,"Vanilla extract, imitation, no alcohol",http://purl.obolibrary.org/obo/FOODON_03316764,vanilla bean extract,accepted,,
172237,"Vinegar, distilled",http://purl.obolibrary.org/obo/FOODON_03301854,distilled vinegar,accepted,,
172238,"Capers, canned",http://purl.obolibrary.org/obo/FOODON_03303373,caper (canned),flagged,USDA term shares no content word with the USDA name,review loop 2026-09-28
172239,"Spearmint, dried",http://purl.obolibrary.org/obo/FOODON_00005236,spearmint leaf (dried),flagged,The FoodOn name names a part the USDA name does not (leaf).,review loop 2026-09-28
172240,"Vinegar, red wine",http://purl.obolibrary.org/obo/FOODON_03301228,wine vinegar,accepted,,
172241,"Vinegar, balsamic",http://purl.obolibrary.org/obo/FOODON_00005503,balsamic vinegar,accepted,,
172242,"Seasoning mix, dry, sazon, coriander & annatto",,,none,,
172243,"Seasoning mix, dry, taco, original",,,none,,
172244,"Babyfood, meat, beef, junior",http://purl.obolibrary.org/obo/FOODON_00001282,beef (ground),accepted,,
172245,"Babyfood, meat, veal, strained",http://purl.obolibrary.org/obo/FOODON_02021351,veal meat (ground),accepted,,
172246,"Babyfood, meat, pork, strained",http://purl.obolibrary.org/obo/FOODON_02021718,pork meat (ground),accepted,,
172247,"Babyfood, meat, ham, strained",http://purl.obolibrary.org/obo/FOODON_00002502,ham food product,accepted,,
172248,"Babyfood, meat, chicken, junior",http://purl.obolibrary.org/obo/FOODON_02020311,chicken meat (ground),accepted,,
172249,"Babyfood, meat, chicken sticks, junior",,,none,,
172250,"Babyfood, meat, turkey, strained",http://purl.obolibrary.org/obo/FOODON_02020577,turkey meat (ground),accepted,,
172251,"Babyfood, meat, turkey, junior",http://purl.obolibrary.org/obo/FOODON_02020577,turkey meat (ground),accepted,,
172252,"Babyfood, finger snacks, GERBER, GRADUATES, PUFFS, apple and cinnamon",,,none,,
172253,"Babyfood, water, bottled, GERBER, without added fluoride",,,none,,
172254,"Babyfood, GERBER, 3rd Foods, apple, mango and kiwi",,,none,,
172255,"Babyfood, tropical fruit medley",,,none,,
172256,"Babyfood, dinner, vegetables and dumplings and beef, strained",,,none,,
172257,"Babyfood, ravioli, cheese filled, with tomato sauce",,,none,,
172258,"Babyfood, dinner, beef noodle, strained",,,none,,
172259,"Babyfood, macaroni and cheese, toddler",,,none,,
172260,"Babyfood, dinner, beef and rice, toddler",,,none,,
172261,"Babyfood, dinner, beef with vegetables",,,none,,
172262,"Babyfood, dinner, vegetables and lamb, junior",,,none,,
172263,"Babyfood, dinner, chicken noodle, strained",,,none,,
172264,"Babyfood, dinner, chicken noodle, junior",,,none,,
172265,"Babyfood, dinner, vegetables, noodles and chicken, junior",,,none,,
172266,"Babyfood, dinner, pasta with vegetables",,,none,,
172267,"Babyfood, dinner, vegetables and noodles and turkey, strained",,,none,,
172268,"Babyfood, dinner, vegetables and noodles and turkey, junior",,,none,,
172269,"Babyfood, dinner, turkey and rice, strained",,,none,,
172270,"Babyfood, dinner, macaroni and cheese, junior",,,none,,
172271,"Babyfood, vegetables, green beans, strained",http://purl.obolibrary.org/obo/FOODON_03309819,green bean (strained),accepted,,
172272,"Babyfood, vegetables, green beans, junior",http://purl.obolibrary.org/obo/FOODON_00005443,green bean puree,accepted,,
172273,"Babyfood, green beans, dices, toddler",http://purl.obolibrary.org/obo/FOODON_03305806,green bean pod,accepted,,
172274,"Babyfood, vegetables, squash, strained",http://purl.obolibrary.org/obo/FOODON_00005492,squash puree,accepted,,
172275,"Babyfood, vegetables, squash, junior",http://purl.obolibrary.org/obo/FOODON_00005492,squash puree,accepted,,
172276,"Babyfood, vegetables, sweet potatoes strained",http://purl.obolibrary.org/obo/FOODON_00005493,sweet potato puree,flagged,The FoodOn name lacks the USDA food's main word (babyfood).,review loop 2026-09-28
172277,"Babyfood, vegetables, sweet potatoes, junior",http://purl.obolibrary.org/obo/FOODON_00005493,sweet potato puree,accepted,,
172278,"Babyfood, fruit, applesauce, junior",http://purl.obolibrary.org/obo/FOODON_03301126,applesauce,accepted,,
172279,"Babyfood, fruit, apricot with tapioca, strained",,,none,,
172280,"Babyfood, vegetables, corn, creamed, strained",http://purl.obolibrary.org/obo/FOODON_03303191,cream-style corn (canned),accepted,,
172281,"Babyfood, dinner, mixed vegetable, junior",,,none,,
172282,"Babyfood, fruit, bananas with tapioca, junior",,,none,,
172283,"Babyfood, vegetables, mix vegetables junior",,,none,,
172284,"Babyfood, vegetables, garden vegetable, strained",,,none,,
172285,"Babyfood, plums, bananas and rice, strained",,,none,,
172286,"Babyfood, dinner, turkey, rice, and vegetables, toddler",,,none,,
172287,"Babyfood, dinner, apples and chicken, strained",,,none,,
172288,"Babyfood, dinner, broccoli and chicken, junior",,,none,,
172289,"Infant formula, MEAD JOHNSON, Enfamil Premature High Protein 24 Calories, ready to feed, with ARA and DHA",,,none,,
172290,"Infant formula, MEAD JOHNSON, Enfamil Premature 30 Calories, ready to feed, with ARA and DHA",,,none,,
172291,"Infant formula, MEAD JOHNSON, Enfamil for Supplementing, powder, with ARA and DHA, not reconstituted",,,none,,
172292,"Infant formula, MEAD JOHNSON, Enfamil Reguline Powder, with ARA and DHA, not reconstituted",,,none,,
172293,"Infant formula, MEAD JOHNSON, Pregestimil 24 Calories, ready to feed, with ARA and DHA",,,none,,
172294,"Toddler drink, MEAD JOHNSON, PurAmino Toddler Powder, with ARA and DHA, not reconstituted",,,none,,
172295,"Infant formula, MEAD JOHNSON, Enfamil for Supplementing, ready to feed, with ARA and DHA",,,none,,
172296,"Babyfood, cereal, barley, prepared with whole milk",,,none,,
172297,"Babyfood, cereal, oatmeal, with bananas, prepared with whole milk",,,none,,
172298,"Babyfood, cereal, oatmeal, with honey, prepared with whole milk",,,none,,
172299,"Babyfood, cereal, rice, prepared with whole milk",,,none,,
172300,"Babyfood, cereal, rice, with honey, prepared with whole milk",,,none,,
172301,"Infant formula, MEAD JOHNSON, ENFAMIL, with iron, powder",,,none,,
172302,"Infant formula, MEAD JOHNSON, ENFAMIL, Infant, with iron, powder, with ARA and DHA",,,none,,
172303,"Infant formula, MEAD JOHNSON, ENFAMIL, Infant, with iron, liquid concentrate, with ARA and DHA, reconstituted",,,none,,
172304,"Infant formula, MEAD JOHNSON, ENFAMIL LIPIL, with iron, ready-to-feed, with ARA and DHA",,,none,,
172305,"Infant formula, MEAD JOHNSON, ENFAMIL, LIPIL, low iron, ready to feed, with ARA and DHA",,,none,,
172306,"Infant formula, MEAD JOHNSON, ENFAMIL, Infant, ready-to-feed, with ARA and DHA",,,none,,
172307,"Infant formula, ABBOTT NUTRITION, SIMILAC, PM 60/40, powder not reconstituted",,,none,,
172308,"Infant formula, MEAD JOHNSON, ENFAMIL, NUTRAMIGEN WITH LGG, with iron, powder, not reconstituted, with ARA and DHA",,,none,,
172309,"Infant formula, MEAD JOHNSON, ENFAMIL, NUTRAMIGEN, with iron, ready-to-feed, with ARA and DHA",,,none,,
172310,"Infant formula, ABBOTT NUTRITION, SIMILAC, ALIMENTUM, with iron, ready-to-feed",,,none,,
172311,"Infant formula, MEAD JOHNSON, ENFAMIL, ENFACARE, with iron, powder, with ARA and DHA",,,none,,
172312,"Infant formula, ABBOTT NUTRITION, SIMILAC, with iron, liquid concentrate, not reconstituted",,,none,,
172313,"Child formula, ABBOTT NUTRITION, PEDIASURE, ready-to-feed",,,none,,
172314,"Infant formula, MEAD JOHNSON, NEXT STEP, PROSOBEE LIPIL, powder, with ARA and DHA",,,none,,
172315,"Infant formula, MEAD JOHNSON, NEXT STEP, PROSOBEE, LIPIL, ready to feed, with ARA and DHA",,,none,,
172316,"Infant formula, NESTLE, GOOD START SOY, with ARA and DHA, powder",,,none,,
172317,"Babyfood, corn and sweet potatoes, strained",,,none,,
172318,"Infant formula, ABBOTT NUTRITION, SIMILAC, ALIMENTUM, ADVANCE, ready-to-feed, with ARA and DHA",,,none,,
172319,"Infant formula, PBM PRODUCTS, store brand, ready-to-feed",,,none,,
172320,"Infant formula, PBM PRODUCTS, store brand, liquid concentrate, not reconstituted",,,none,,
172321,"Infant formula, MEAD JOHNSON, ENFAMIL, AR, ready-to-feed, with ARA and DHA",,,none,,
172322,"Infant formula, MEAD JOHNSON, ENFAMIL, AR, powder, with ARA and DHA",,,none,,
172323,"Infant formula, ABBOTT NUTRITION, SIMILAC NEOSURE, ready-to-feed, with ARA and DHA",,,none,,
172324,"Infant formula, ABBOTT NUTRITION, SIMILAC, NEOSURE, powder, with ARA and DHA",,,none,,
172325,"Infant formula, ABBOTT NUTRITION, SIMILAC, SENSITIVE (LACTOSE FREE) ready-to-feed, with ARA and DHA",,,none,,
172326,"Infant formula, ABBOTT NUTRITION, SIMILAC, ADVANCE, with iron, liquid concentrate, not reconstituted",,,none,,
172327,"Shortening, household, lard and vegetable oil",,,none,,
172328,"Oil, sunflower, linoleic, (partially hydrogenated)",http://purl.obolibrary.org/obo/FOODON_03310357,sunflower seed oil,accepted,,
172329,"Shortening bread, soybean (hydrogenated) and cottonseed",,,none,,
172330,"Shortening cake mix, soybean (hydrogenated) and cottonseed (hydrogenated)",,,none,,
172331,"Shortening frying (heavy duty), palm (hydrogenated)",http://purl.obolibrary.org/obo/FOODON_03304167,shortening (hydrogenated),flagged,"The FoodOn name lacks the USDA food's main word (shortening, frying, heavy, duty). The FoodOn name names a part the USDA name does not (oil).",review loop 2026-09-28
172332,Shortening household soybean (hydrogenated) and palm,,,none,,
172333,"Shortening frying (heavy duty), soybean (hydrogenated), linoleic (less than 1%)",http://purl.obolibrary.org/obo/FOODON_03306665,soybean oil (hydrogenated),flagged,"The FoodOn name lacks the USDA food's main word (shortening, frying, heavy, duty). The FoodOn name names a part the USDA name does not (oil).",review loop 2026-09-28
172334,"Shortening, confectionery, fractionated palm",http://purl.obolibrary.org/obo/FOODON_03316585,confectioner's shortening,flagged,The FoodOn name lacks the USDA food's main word (shortening). The FoodOn name names a part the USDA name does not (oil).,review loop 2026-09-28
172335,"Oil, nutmeg butter",http://purl.obolibrary.org/obo/FOODON_00003223,nutmeg butter,accepted,,
172336,"Oil, canola",http://purl.obolibrary.org/obo/FOODON_03302578,canola oil,accepted,,
172337,"Oil, mustard",http://purl.obolibrary.org/obo/FOODON_03301152,mustard oil,accepted,,
172338,"Oil, sunflower, high oleic (70% and over)",http://purl.obolibrary.org/obo/FOODON_03310357,sunflower seed oil,accepted,,
172339,"Margarine-like, margarine-butter blend, soybean oil and butter",,,none,,
172340,"Fish oil, herring",http://purl.obolibrary.org/obo/FOODON_00005460,herring oil,accepted,,
172341,"Fish oil, menhaden",http://purl.obolibrary.org/obo/FOODON_03000465,menhaden oil,accepted,,
172342,"Fish oil, menhaden, fully hydrogenated",http://purl.obolibrary.org/obo/FOODON_03000466,menhaden oil (hydrogenated),accepted,,
172343,"Fish oil, salmon",http://purl.obolibrary.org/obo/FOODON_03311599,salmon oil,accepted,,
172344,"Butter, light, stick, without salt",http://purl.obolibrary.org/obo/FOODON_03301777,butter (unsalted),accepted,,
172345,"Animal fat, bacon grease",http://purl.obolibrary.org/obo/FOODON_02010033,animal fat,accepted,,
172346,"Margarine, regular, 80% fat, composite, stick, with salt",,,none,,
172347,"Margarine, regular, 80% fat, composite, tub, with salt",,,none,,
172348,"Margarine-like, vegetable oil spread, 60% fat, stick, with salt",,,none,,
172349,"Margarine, regular, 80% fat, composite, tub, without salt",,,none,,
172350,"Margarine-like, vegetable oil spread, 60% fat, stick/tub/bottle, without salt",,,none,,
172351,"Margarine-like, vegetable oil spread, fat free, liquid, with salt",,,none,,
172352,"Margarine-like spread with yogurt, 70% fat, stick, with salt",,,none,,
172353,"Margarine-like, vegetable oil spread, fat-free, tub",,,none,,
172354,"Margarine-like, vegetable oil spread, 20% fat, with salt",,,none,,
172355,"Margarine-like, vegetable oil spread, 20% fat, without salt",,,none,,
172356,"Salad dressing, thousand island dressing, fat-free",,,none,,
172357,"Oil, industrial, mid-oleic, sunflower",http://purl.obolibrary.org/obo/FOODON_03310357,sunflower seed oil,accepted,,
172358,"Oil, industrial, canola with antifoaming agent, principal uses salads, woks and light frying",http://purl.obolibrary.org/obo/FOODON_03302578,canola oil,accepted,,
172359,"Oil, industrial, canola for salads, woks and light frying",http://purl.obolibrary.org/obo/FOODON_03302578,canola oil,accepted,,
172360,"Oil, industrial, canola (partially hydrogenated) oil for deep fat frying",http://purl.obolibrary.org/obo/FOODON_03301694,canola oil (partially hydrogenated),accepted,,
172361,"Oil, industrial, soy (partially hydrogenated), multiuse for non-dairy butter flavor",http://purl.obolibrary.org/obo/FOODON_00003225,soybean oil (partly hydrogenated),accepted,,
172362,"Oil, industrial, soy ( partially hydrogenated), all purpose",http://purl.obolibrary.org/obo/FOODON_00003225,soybean oil (partly hydrogenated),accepted,,
172363,"Oil, industrial, soy (partially hydrogenated ) and soy (winterized), pourable clear fry",http://purl.obolibrary.org/obo/FOODON_00003225,soybean oil (partly hydrogenated),accepted,,
172364,"Oil, industrial, soy (partially hydrogenated)  and cottonseed, principal use as a tortilla shortening",,,none,,
172365,"Oil, industrial, coconut, confection fat, typical basis for ice cream coatings",http://purl.obolibrary.org/obo/FOODON_03310046,coconut oil,accepted,,
172366,"Oil, industrial, palm kernel (hydrogenated) , used for whipped toppings, non-dairy",http://purl.obolibrary.org/obo/FOODON_03310486,palm kernel oil,accepted,,
172367,"Oil, industrial, coconut (hydrogenated), used for whipped toppings and coffee whiteners",http://purl.obolibrary.org/obo/FOODON_03310046,coconut oil,accepted,,
172368,"Oil, industrial, palm and palm kernel, filling fat (non-hydrogenated)",http://purl.obolibrary.org/obo/FOODON_03310232,palm oil,accepted,,
172369,"Margarine, industrial, soy and partially hydrogenated soy oil, use for baking, sauces and candy",,,none,,
172370,"Oil, vegetable, soybean, refined",http://purl.obolibrary.org/obo/FOODON_03302776,soybean oil,accepted,,
172371,"Margarine-like spread, SMART BALANCE Regular Buttery Spread with flax oil",,,none,,
172372,"Margarine-like spread, SMART BALANCE Light Buttery Spread",,,none,,
172373,"Chicken, broilers or fryers, drumstick, meat and skin, raw",http://purl.obolibrary.org/obo/FOODON_02020268,"piece of chicken drumstick (with skin, raw)",accepted,,
172374,"Chicken, broilers or fryers, drumstick, meat and skin, cooked, fried, batter",,,none,,
172375,"Chicken, broilers or fryers, drumstick, meat only, cooked, fried",http://purl.obolibrary.org/obo/FOODON_02020269,piece of chicken drumstick (skinless),accepted,,
172376,"Chicken, broilers or fryers, dark meat, drumstick, meat only, cooked, roasted",http://purl.obolibrary.org/obo/FOODON_02020269,piece of chicken drumstick (skinless),accepted,,
172377,"Chicken, broilers or fryers, drumstick, meat only, cooked, stewed",http://purl.obolibrary.org/obo/FOODON_02020269,piece of chicken drumstick (skinless),accepted,,
172378,"Chicken, broilers or fryers, leg, meat and skin, raw",http://purl.obolibrary.org/obo/FOODON_02020264,"piece of chicken leg (with skin, raw)",accepted,,
172379,"Chicken, broilers or fryers, leg, meat only, cooked, fried",http://purl.obolibrary.org/obo/FOODON_02020265,piece of chicken leg (skinless),accepted,,
172380,"Chicken, broilers or fryers, leg, meat only, cooked, roasted",http://purl.obolibrary.org/obo/FOODON_02020265,piece of chicken leg (skinless),accepted,,
172381,"Chicken, broilers or fryers, leg, meat only, cooked, stewed",http://purl.obolibrary.org/obo/FOODON_02020265,piece of chicken leg (skinless),accepted,,
172382,"Chicken, broilers or fryers, neck, meat and skin, raw",http://purl.obolibrary.org/obo/FOODON_02020282,"piece of chicken neck (with skin, raw)",accepted,,
172383,"Chicken, broilers or fryers, neck, meat only, cooked, fried",http://purl.obolibrary.org/obo/FOODON_02020283,piece of chicken neck (skinless),accepted,,
172384,"Chicken, broilers or fryers, neck, meat only, cooked, simmered",http://purl.obolibrary.org/obo/FOODON_02020283,piece of chicken neck (skinless),accepted,,
172385,"Chicken, broilers or fryers, thigh, meat and skin, raw",http://purl.obolibrary.org/obo/FOODON_02020286,"piece of chicken thigh (with skin, raw)",accepted,,
172386,"Chicken, broilers or fryers, thigh, meat and skin, cooked, fried, batter",,,none,,
172387,"Chicken, broilers or fryers, thigh, meat only, cooked, fried",http://purl.obolibrary.org/obo/FOODON_02020287,piece of chicken thigh (skinless),accepted,,
172388,"Chicken, broilers or fryers, thigh, meat only, cooked, roasted",http://purl.obolibrary.org/obo/FOODON_02020287,piece of chicken thigh (skinless),accepted,,
172389,"Chicken, broilers or fryers, thigh, meat only, cooked, stewed",http://purl.obolibrary.org/obo/FOODON_02020287,piece of chicken thigh (skinless),accepted,,
172390,"Chicken, broilers or fryers, wing, meat and skin, raw",http://purl.obolibrary.org/obo/FOODON_02020290,"piece of chicken wing (with skin, raw)",accepted,,
172391,"Chicken, broilers or fryers, wing, meat only, cooked, fried",http://purl.obolibrary.org/obo/FOODON_02020291,piece of chicken wing (skinless),accepted,,
172392,"Chicken, broilers or fryers, wing, meat only, cooked, roasted",http://purl.obolibrary.org/obo/FOODON_02020291,piece of chicken wing (skinless),accepted,,
172393,"Chicken, broilers or fryers, wing, meat only, cooked, stewed",http://purl.obolibrary.org/obo/FOODON_02020291,piece of chicken wing (skinless),accepted,,
172394,"Chicken, roasting, meat and skin and giblets and neck, raw",http://purl.obolibrary.org/obo/FOODON_03301121,"chicken (whole or pieces, raw)",flagged,"The FoodOn name is a whole animal, a plant or a catalog code, not a food (chicken carcass (with giblets and neck, raw)).",review loop 2026-09-28
172395,"Chicken, roasting, meat only, cooked, roasted",http://purl.obolibrary.org/obo/FOODON_02020207,piece of chicken meat (skinless),accepted,,
172396,"Chicken, roasting, giblets, raw",http://purl.obolibrary.org/obo/FOODON_03305358,chicken giblet (raw),flagged,"The FoodOn name is a whole animal, a plant or a catalog code, not a food (chicken carcass (with giblets, raw)).",review loop 2026-09-28
172397,"Chicken, roasting, giblets, cooked, simmered",,,flagged,"The FoodOn name is a whole animal, a plant or a catalog code, not a food (chicken carcass (with giblets)).",review loop 2026-09-28
172398,"Chicken, roasting, light meat, meat only, raw",http://purl.obolibrary.org/obo/FOODON_02020304,"piece of light chicken meat (skinless, raw)",accepted,,
172399,"Chicken, stewing, meat and skin, and giblets and neck, cooked, stewed",http://purl.obolibrary.org/obo/FOODON_00004237,chicken (whole or pieces),flagged,"The FoodOn name is a whole animal, a plant or a catalog code, not a food (chicken carcass (with giblets and neck)).",review loop 2026-09-28
172400,"Chicken, stewing, meat and skin, raw",http://purl.obolibrary.org/obo/FOODON_02020210,"piece of chicken meat (with skin, raw)",accepted,,
172401,"Chicken, stewing, meat and skin, cooked, stewed",http://purl.obolibrary.org/obo/FOODON_02020209,piece of chicken meat (with skin),accepted,,
172402,"Chicken, stewing, meat only, raw",http://purl.obolibrary.org/obo/FOODON_02020208,"piece of chicken meat (skinless, raw)",accepted,,
172403,"Chicken, stewing, meat only, cooked, stewed",http://purl.obolibrary.org/obo/FOODON_02020207,piece of chicken meat (skinless),accepted,,
172404,"Chicken, stewing, dark meat, meat only, raw",http://purl.obolibrary.org/obo/FOODON_02020298,"piece of dark chicken meat (skinless, raw)",accepted,,
172405,"Chicken, stewing, dark meat, meat only, cooked, stewed",http://purl.obolibrary.org/obo/FOODON_02020297,piece of dark chicken meat (skinless),accepted,,
172406,"Chicken, capons, meat and skin and giblets and neck, raw",http://purl.obolibrary.org/obo/FOODON_03301121,"chicken (whole or pieces, raw)",flagged,"The FoodOn name is a whole animal, a plant or a catalog code, not a food (chicken carcass (with giblets and neck, raw)).",review loop 2026-09-28
172407,"Chicken, capons, meat and skin and giblets and neck, cooked, roasted",http://purl.obolibrary.org/obo/FOODON_00004237,chicken (whole or pieces),flagged,"The FoodOn name is a whole animal, a plant or a catalog code, not a food (chicken carcass (with giblets and neck)).",review loop 2026-09-28
172408,"Duck, domesticated, meat and skin, raw",http://purl.obolibrary.org/obo/FOODON_02020141,"piece of duck meat (with skin, raw)",accepted,,
172409,"Duck, domesticated, meat and skin, cooked, roasted",http://purl.obolibrary.org/obo/FOODON_02020140,piece of duck meat (with skin),accepted,,
172410,"Duck, domesticated, meat only, raw",http://purl.obolibrary.org/obo/FOODON_02022302,"piece of duck meat (skinless, raw)",accepted,,
172411,"Duck, domesticated, meat only, cooked, roasted",http://purl.obolibrary.org/obo/FOODON_02022301,piece of duck meat (skinless),accepted,,
172412,"Goose, domesticated, meat and skin, cooked, roasted",http://purl.obolibrary.org/obo/FOODON_02020400,piece of goose meat (with skin),accepted,,
172413,"Goose, domesticated, meat only, raw",http://purl.obolibrary.org/obo/FOODON_02022323,"piece of goose meat (skinless, raw)",accepted,,
172414,"Goose, domesticated, meat only, cooked, roasted",http://purl.obolibrary.org/obo/FOODON_02022322,piece of goose meat (skinless),accepted,,
172415,"Goose, liver, raw",http://purl.obolibrary.org/obo/FOODON_03305307,goose liver (raw),accepted,,
172416,"Guinea hen, meat and skin, raw",http://purl.obolibrary.org/obo/FOODON_02020654,"piece of guinea fowl meat (with skin, raw)",flagged,The FoodOn name lacks the USDA food's main word (hen).,review loop 2026-09-28
172417,"Pheasant, leg, meat only, raw",http://purl.obolibrary.org/obo/FOODON_02020682,"piece of pheasant leg (skinless, raw)",accepted,,
172418,"Quail, meat and skin, raw",http://purl.obolibrary.org/obo/FOODON_02022101,"piece of quail meat (with skin, raw)",accepted,,
172419,"Quail, meat only, raw",http://purl.obolibrary.org/obo/FOODON_03308514,piece of quail meat (raw),accepted,,
172420,"Lentils, raw",http://purl.obolibrary.org/obo/FOODON_03000103,lentil (raw),accepted,,
172421,"Lentils, mature seeds, cooked, boiled, without salt",http://purl.obolibrary.org/obo/FOODON_00005251,lentil (mature),accepted,,
172422,"Lima beans, thin seeded (baby), mature seeds, cooked, boiled, without salt",http://purl.obolibrary.org/obo/FOODON_00005285,baby lima bean (mature),accepted,,
172423,"Lupins, mature seeds, raw",http://purl.obolibrary.org/obo/FOODON_03000205,"lupine bean (raw, mature)",accepted,,
172424,"Lupins, mature seeds, cooked, boiled, without salt",http://purl.obolibrary.org/obo/FOODON_00003737,lupine bean,flagged,USDA term shares no content word with the USDA name,review loop 2026-09-28
172425,"Mothbeans, mature seeds, raw",http://purl.obolibrary.org/obo/FOODON_03000196,"moth bean (raw, mature)",flagged,The FoodOn name lacks the USDA food's main word (mothbean).,review loop 2026-09-28
172426,"Mothbeans, mature seeds, cooked, boiled, without salt",http://purl.obolibrary.org/obo/FOODON_00005286,moth bean (mature),accepted,,
172427,"Mungo beans, mature seeds, cooked, boiled, without salt",http://purl.obolibrary.org/obo/FOODON_00005287,black gram bean (mature),accepted,,
172428,"Peas, green, split, mature seeds, raw",http://purl.obolibrary.org/obo/FOODON_03000215,"split pea (dried, mature)",flagged,The FoodOn name says the opposite of the USDA name (dried).,review loop 2026-09-28
172429,"Peas, split, mature seeds, cooked, boiled, without salt",http://purl.obolibrary.org/obo/FOODON_03000215,"split pea (dried, mature)",accepted,,
172430,"Peanuts, all types, raw",,,none,,
172431,"Peanuts, spanish, oil-roasted, with salt",http://purl.obolibrary.org/obo/FOODON_03311833,spanish peanut (roasted),accepted,,
172432,"Peanuts, valencia, raw",http://purl.obolibrary.org/obo/FOODON_03311785,valencia peanut (raw),accepted,,
172433,"Peanuts, valencia, oil-roasted, with salt",http://purl.obolibrary.org/obo/FOODON_00003702,valencia peanut,accepted,,
172434,"Peanuts, virginia, raw",http://purl.obolibrary.org/obo/FOODON_03311784,virginia peanut (raw),accepted,,
172435,"Peanut flour, low fat",http://purl.obolibrary.org/obo/FOODON_00005586,peanut flour,accepted,,
172436,"Pigeon peas (red gram), mature seeds, raw",http://purl.obolibrary.org/obo/FOODON_00001196,pigeon pea (dried),flagged,"The FoodOn name lacks the USDA food's main word (red, gram). The FoodOn name says the opposite of the USDA name (dried).",review loop 2026-09-28
172437,"Pigeon peas (red gram), mature seeds, cooked, boiled, without salt",http://purl.obolibrary.org/obo/FOODON_00005275,pigeon pea (mature),flagged,"The FoodOn name lacks the USDA food's main word (red, gram).",review loop 2026-09-28
172438,"Refried beans, canned, traditional style",http://purl.obolibrary.org/obo/FOODON_03310088,refried beans (dish),accepted,,
172439,"Bacon, meatless",,,none,,
172440,"Soybeans, mature seeds, roasted, salted",http://purl.obolibrary.org/obo/FOODON_00005247,soybean (mature),accepted,,
172441,"Soybeans, mature seeds, dry roasted",http://purl.obolibrary.org/obo/FOODON_00005247,soybean (mature),accepted,,
172442,Miso,http://purl.obolibrary.org/obo/FOODON_00003208,miso,added,FoodOn names it through a safe un-inverted form,review loop 2026-09-28
172443,Natto,http://purl.obolibrary.org/obo/FOODON_00002870,nattō,flagged,USDA term shares no content word with the USDA name,review loop 2026-09-28
172444,"Soy flour, low-fat",http://purl.obolibrary.org/obo/FOODON_00005521,soybean flour (low fat),accepted,,
172445,"Soy meal, defatted, raw",http://purl.obolibrary.org/obo/FOODON_03000280,soybean meal (defatted),flagged,The FoodOn name lacks the USDA food's main word (soy).,review loop 2026-09-28
172446,"Soymilk, original and vanilla, unfortified",,,none,,
172447,"Soy protein concentrate, produced by alcohol extraction",http://purl.obolibrary.org/obo/FOODON_00005578,soy protein concentrate,accepted,,
172448,"Tofu, firm, prepared with calcium sulfate and magnesium chloride (nigari)",http://purl.obolibrary.org/obo/FOODON_00005540,firm tofu,accepted,,
172449,"Tofu, soft, prepared with calcium sulfate and magnesium chloride (nigari)",http://purl.obolibrary.org/obo/FOODON_00005539,soft tofu,accepted,,
172450,"Tofu, dried-frozen (koyadofu)",http://purl.obolibrary.org/obo/FOODON_00004697,tofu,accepted,,
172451,"Tofu, fried",http://purl.obolibrary.org/obo/FOODON_00004697,tofu,accepted,,
172452,Okara,http://purl.obolibrary.org/obo/FOODON_00002873,okara,added,FoodOn names it through a safe un-inverted form,review loop 2026-09-28
172453,"Winged beans, mature seeds, cooked, boiled, without salt",http://purl.obolibrary.org/obo/FOODON_00005257,winged bean (mature),accepted,,
172454,"Hummus, home prepared",,,none,,
172455,"Falafel, home-prepared",,,none,,
172456,"Soymilk, original and vanilla, with added calcium, vitamins A and D",,,none,,
172457,"Peanut spread, reduced sugar",,,none,,
172458,"Peanut butter, smooth, reduced fat",,,none,,
172459,"Peanut butter, smooth, vitamin and mineral fortified",,,none,,
172460,"Peanut butter, chunky, vitamin and mineral fortified",,,none,,
172461,"MORI-NU, Tofu, silken, firm",http://purl.obolibrary.org/obo/FOODON_00005543,silken firm tofu,accepted,,
172462,"MORI-NU, Tofu, silken, extra firm",http://purl.obolibrary.org/obo/FOODON_00005545,silken extra firm tofu,accepted,,
172463,"MORI-NU, Tofu, silken, lite firm",http://purl.obolibrary.org/obo/FOODON_00005546,silken lite firm tofu,accepted,,
172464,"MORI-NU, Tofu, silken, lite extra firm",http://purl.obolibrary.org/obo/FOODON_00005547,silken lite extra firm tofu,accepted,,
172465,"Refried beans, canned, fat-free",http://purl.obolibrary.org/obo/FOODON_03310088,refried beans (dish),accepted,,
172466,"Frijoles rojos volteados (Refried beans, red, canned)",,,none,,
172467,"Tempeh, cooked",,,none,,
172468,"Vitasoy USA, Nasoya Lite Firm Tofu",http://purl.obolibrary.org/obo/FOODON_00005540,firm tofu,flagged,"The FoodOn name lacks the USDA food's main word (vitasoy, nasoya, lite).",review loop 2026-09-28
172469,"Peanut butter, chunk style, without salt",http://purl.obolibrary.org/obo/FOODON_03306904,peanut butter (chunky),accepted,,
172470,"Peanut butter, smooth style, without salt",http://purl.obolibrary.org/obo/FOODON_03306903,peanut butter (creamy),accepted,,
172471,"Peanut butter with omega-3, creamy",,,none,,
172472,"Pigeon peas (red gram), mature seeds, cooked, boiled, with salt",http://purl.obolibrary.org/obo/FOODON_00005275,pigeon pea (mature),flagged,"The FoodOn name lacks the USDA food's main word (red, gram).",review loop 2026-09-28
172473,"Soy sauce made from soy and wheat (shoyu), low sodium",,,none,,
172474,"Soy sauce, reduced sodium, made from hydrolyzed vegetable protein",,,none,,
172475,"Tofu, raw, firm, prepared with calcium sulfate",http://purl.obolibrary.org/obo/FOODON_00005438,tofu (raw),accepted,,
172476,"Tofu, raw, regular, prepared with calcium sulfate",http://purl.obolibrary.org/obo/FOODON_00005438,tofu (raw),accepted,,
172477,"Winged beans, mature seeds, cooked, boiled, with salt",http://purl.obolibrary.org/obo/FOODON_00005257,winged bean (mature),accepted,,
172478,"Veal, Australian, rib, rib roast, separable lean only, raw",http://purl.obolibrary.org/obo/FOODON_02000357,veal rib roast (raw),accepted,,
172479,"Lamb, composite of trimmed retail cuts, separable lean and fat, trimmed to 1/4"" fat, choice, raw",http://purl.obolibrary.org/obo/FOODON_02021242,lamb retail cut (raw),accepted,,
172480,"Lamb, composite of trimmed retail cuts, separable lean and fat, trimmed to 1/4"" fat, choice, cooked",http://purl.obolibrary.org/obo/FOODON_02021241,lamb retail cut,accepted,,
172481,"Lamb, foreshank, separable lean and fat, trimmed to 1/4"" fat, choice, raw",http://purl.obolibrary.org/obo/FOODON_02000276,lamb foreshank (raw),accepted,,
172482,"Lamb, foreshank, separable lean and fat, trimmed to 1/4"" fat, choice, cooked, braised",http://purl.obolibrary.org/obo/FOODON_02000275,lamb foreshank,accepted,,
172483,"Lamb, foreshank, separable lean only, trimmed to 1/4"" fat, choice, raw",http://purl.obolibrary.org/obo/FOODON_02000276,lamb foreshank (raw),accepted,,
172484,"Lamb, foreshank, separable lean only, trimmed to 1/4"" fat, choice, cooked, braised",http://purl.obolibrary.org/obo/FOODON_02000275,lamb foreshank,accepted,,
172485,"Lamb, leg, shank half, separable lean and fat, trimmed to 1/4"" fat, choice, cooked, roasted",http://purl.obolibrary.org/obo/FOODON_02000256,lamb shank half,accepted,,
172486,"Lamb, leg, shank half, separable lean only, trimmed to 1/4"" fat, choice, raw",http://purl.obolibrary.org/obo/FOODON_02000257,lamb shank half (raw),accepted,,
172487,"Lamb, leg, shank half, separable lean only, trimmed to 1/4"" fat, choice, cooked, roasted",http://purl.obolibrary.org/obo/FOODON_02000256,lamb shank half,accepted,,
172488,"Lamb, leg, sirloin half, separable lean and fat, trimmed to 1/4"" fat, choice, raw",http://purl.obolibrary.org/obo/FOODON_02000259,lamb sirloin half (raw),accepted,,
172489,"Lamb, loin, separable lean and fat, trimmed to 1/4"" fat, choice, cooked, broiled",http://purl.obolibrary.org/obo/FOODON_02000277,lamb loin,accepted,,
172490,"Lamb, loin, separable lean and fat, trimmed to 1/4"" fat, choice, cooked, roasted",http://purl.obolibrary.org/obo/FOODON_02000277,lamb loin,accepted,,
172491,"Lamb, loin, separable lean only, trimmed to 1/4"" fat, choice, raw",http://purl.obolibrary.org/obo/FOODON_02000278,lamb loin (raw),accepted,,
172492,"Lamb, loin, separable lean only, trimmed to 1/4"" fat, choice, cooked, broiled",http://purl.obolibrary.org/obo/FOODON_02000277,lamb loin,accepted,,
172493,"Lamb, rib, separable lean only, trimmed to 1/4"" fat, choice, raw",http://purl.obolibrary.org/obo/FOODON_02000273,lamb rib (raw),accepted,,
172494,"Lamb, rib, separable lean only, trimmed to 1/4"" fat, choice, cooked, broiled",http://purl.obolibrary.org/obo/FOODON_02000272,lamb rib,accepted,,
172495,"Lamb, rib, separable lean only, trimmed to 1/4"" fat, choice, cooked, roasted",http://purl.obolibrary.org/obo/FOODON_02000272,lamb rib,accepted,,
172496,"Lamb, shoulder, whole (arm and blade), separable lean and fat, trimmed to 1/4"" fat, choice, raw",http://purl.obolibrary.org/obo/FOODON_02000240,lamb shoulder (raw),accepted,,
172497,"Lamb, shoulder, whole (arm and blade), separable lean and fat, trimmed to 1/4"" fat, choice, cooked, braised",http://purl.obolibrary.org/obo/FOODON_02000239,lamb shoulder,accepted,,
172498,"Lamb, shoulder, whole (arm and blade), separable lean only, trimmed to 1/4"" fat, choice, cooked, broiled",http://purl.obolibrary.org/obo/FOODON_02000239,lamb shoulder,accepted,,
172499,"Lamb, shoulder, whole (arm and blade), separable lean only, trimmed to 1/4"" fat, choice, cooked, roasted",http://purl.obolibrary.org/obo/FOODON_02000239,lamb shoulder,accepted,,
172500,"Lamb, shoulder, arm, separable lean and fat, trimmed to 1/4"" fat, choice, raw",http://purl.obolibrary.org/obo/FOODON_02000248,lamb shoulder arm (raw),accepted,,
172501,"Lamb, shoulder, arm, separable lean and fat, trimmed to 1/4"" fat, choice, cooked, braised",http://purl.obolibrary.org/obo/FOODON_02000247,lamb shoulder arm,accepted,,
172502,"Lamb, shoulder, arm, separable lean only, trimmed to 1/4"" fat, choice, cooked, broiled",http://purl.obolibrary.org/obo/FOODON_02000247,lamb shoulder arm,accepted,,
172503,"Lamb, shoulder, arm, separable lean only, trimmed to 1/4"" fat, choice, cooked, roasted",http://purl.obolibrary.org/obo/FOODON_02000247,lamb shoulder arm,accepted,,
172504,"Lamb, shoulder, blade, separable lean and fat, trimmed to 1/4"" fat, choice, raw",http://purl.obolibrary.org/obo/FOODON_02000242,lamb shoulder blade (raw),accepted,,
172505,"Lamb, shoulder, blade, separable lean and fat, trimmed to 1/4"" fat, choice, cooked, braised",http://purl.obolibrary.org/obo/FOODON_02000241,lamb shoulder blade,accepted,,
172506,"Lamb, shoulder, blade, separable lean only, trimmed to 1/4"" fat, choice, cooked, broiled",http://purl.obolibrary.org/obo/FOODON_02000241,lamb shoulder blade,accepted,,
172507,"Lamb, shoulder, blade, separable lean only, trimmed to 1/4"" fat, choice, cooked, roasted",http://purl.obolibrary.org/obo/FOODON_02000241,lamb shoulder blade,accepted,,
172508,"Lamb, cubed for stew or kabob (leg and shoulder), separable lean only, trimmed to 1/4"" fat, raw",http://purl.obolibrary.org/obo/FOODON_02021192,"piece of lamb meat (cubed, raw)",accepted,,
172509,"Lamb, cubed for stew or kabob (leg and shoulder), separable lean only, trimmed to 1/4"" fat, cooked, braised",http://purl.obolibrary.org/obo/FOODON_02021191,piece of lamb meat (cubed),accepted,,
172510,"Lamb, cubed for stew or kabob (leg and shoulder), separable lean only, trimmed to 1/4"" fat, cooked, broiled",http://purl.obolibrary.org/obo/FOODON_02021191,piece of lamb meat (cubed),accepted,,
172511,"Lamb, New Zealand, imported, frozen, composite of trimmed retail cuts, separable fat, raw",,,none,,
172512,"Lamb, New Zealand, imported, frozen, composite of trimmed retail cuts, separable fat, cooked",,,none,,
172513,"Lamb, New Zealand, imported, fore-shank, separable lean and fat, raw",http://purl.obolibrary.org/obo/FOODON_02000276,lamb foreshank (raw),accepted,,
172514,"Lamb, New Zealand, imported, fore-shank, separable lean and fat, cooked, braised",http://purl.obolibrary.org/obo/FOODON_02000275,lamb foreshank,accepted,,
172515,"Lamb, New Zealand, imported, leg chop/steak, bone-in, separable lean only, raw",http://purl.obolibrary.org/obo/FOODON_02000254,lamb leg (raw),accepted,,
172516,"Lamb, New Zealand, imported, frozen, leg, whole (shank and sirloin), separable lean only, cooked, roasted",http://purl.obolibrary.org/obo/FOODON_02000253,lamb leg,accepted,,
172517,"Lamb, New Zealand, imported, loin chop, separable lean and fat, raw",http://purl.obolibrary.org/obo/FOODON_02000278,lamb loin (raw),accepted,,
172518,"Game meat, muskrat, raw",http://purl.obolibrary.org/obo/FOODON_02021616,piece of muskrat meat (raw),accepted,,
172519,"Game meat, muskrat, cooked, roasted",http://purl.obolibrary.org/obo/FOODON_02021615,piece of muskrat meat,accepted,,
172520,"Game meat, opossum, cooked, roasted",http://purl.obolibrary.org/obo/FOODON_02022569,piece of opossum meat,accepted,,
172521,"Game meat, rabbit, domesticated, composite of cuts, raw",http://purl.obolibrary.org/obo/FOODON_02022338,butchery cut of rabbit (raw),accepted,,
172522,"Game meat, rabbit, domesticated, composite of cuts, cooked, roasted",http://purl.obolibrary.org/obo/FOODON_02021520,butchery cut of rabbit,accepted,,
172523,"Game meat, squirrel, raw",http://purl.obolibrary.org/obo/FOODON_02021625,piece of squirrel meat (raw),flagged,USDA term shares no content word with the USDA name,review loop 2026-09-28
172524,"Game meat, squirrel, cooked, roasted",http://purl.obolibrary.org/obo/FOODON_02021624,piece of squirrel meat,accepted,,
172525,"Lamb, variety meats and by-products, brain, raw",http://purl.obolibrary.org/obo/FOODON_02021160,lamb brain (raw),accepted,,
172526,"Lamb, variety meats and by-products, brain, cooked, braised",http://purl.obolibrary.org/obo/FOODON_02021149,lamb brain,accepted,,
172527,"Lamb, variety meats and by-products, heart, raw",http://purl.obolibrary.org/obo/FOODON_02021159,lamb heart (raw),accepted,,
172528,"Lamb, variety meats and by-products, heart, cooked, braised",http://purl.obolibrary.org/obo/FOODON_02021148,lamb heart,accepted,,
172529,"Veal, variety meats and by-products, heart, raw",http://purl.obolibrary.org/obo/FOODON_02021308,veal heart (raw),accepted,,
172530,"Veal, variety meats and by-products, heart, cooked, braised",http://purl.obolibrary.org/obo/FOODON_02021297,veal heart,accepted,,
172531,"Lamb, variety meats and by-products, liver, raw",http://purl.obolibrary.org/obo/FOODON_02021161,lamb liver (raw),accepted,,
172532,"Lamb, variety meats and by-products, liver, cooked, braised",http://purl.obolibrary.org/obo/FOODON_02021151,lamb liver,accepted,,
172533,"Lamb, variety meats and by-products, liver, cooked, pan-fried",http://purl.obolibrary.org/obo/FOODON_02021151,lamb liver,accepted,,
172534,"Veal, variety meats and by-products, liver, raw",http://purl.obolibrary.org/obo/FOODON_03311404,calf liver (raw),accepted,,
172535,"Veal, variety meats and by-products, liver, cooked, braised",http://purl.obolibrary.org/obo/FOODON_02021300,veal liver,accepted,,
172536,"Veal, variety meats and by-products, lungs, cooked, braised",http://purl.obolibrary.org/obo/FOODON_02021153,lamb lung,accepted,,
172537,"Lamb, variety meats and by-products, mechanically separated, raw",http://purl.obolibrary.org/obo/FOODON_02021209,piece(s) of lamb meat (mechanically deboned),accepted,,
172538,"Lamb, variety meats and by-products, pancreas, raw",http://purl.obolibrary.org/obo/FOODON_02021166,lamb pancreas (raw),accepted,,
172539,"Lamb, variety meats and by-products, pancreas, cooked, braised",http://purl.obolibrary.org/obo/FOODON_02021156,lamb pancreas,accepted,,
172540,"Veal, variety meats and by-products, spleen, raw",http://purl.obolibrary.org/obo/FOODON_02021312,veal spleen (raw),accepted,,
172541,"Veal, variety meats and by-products, spleen, cooked, braised",http://purl.obolibrary.org/obo/FOODON_02021301,veal spleen,accepted,,
172542,"Veal, variety meats and by-products, thymus, raw",http://purl.obolibrary.org/obo/FOODON_02021315,veal thymus (raw),accepted,,
172543,"Veal, variety meats and by-products, thymus, cooked, braised",http://purl.obolibrary.org/obo/FOODON_02021304,veal thymus,accepted,,
172544,"Lamb, ground, cooked, broiled",http://purl.obolibrary.org/obo/FOODON_03311593,lamb meat (ground),accepted,,
172545,"Lamb, composite of trimmed retail cuts, separable lean and fat, trimmed to 1/8"" fat, choice, raw",http://purl.obolibrary.org/obo/FOODON_02021242,lamb retail cut (raw),flagged,Found by hand: a composite of retail cuts is not the shoulder.,review loop 2026-09-28
172546,"Lamb, composite of trimmed retail cuts, separable lean and fat, trimmed to 1/8"" fat, choice, cooked",http://purl.obolibrary.org/obo/FOODON_02021241,lamb retail cut,accepted,,
172547,"Lamb, foreshank, separable lean and fat, trimmed to 1/8"" fat, choice, raw",http://purl.obolibrary.org/obo/FOODON_02000276,lamb foreshank (raw),accepted,,
172548,"Lamb, leg, shank half, separable lean and fat, trimmed to 1/8"" fat, choice, cooked, roasted",http://purl.obolibrary.org/obo/FOODON_02000256,lamb shank half,accepted,,
172549,"Lamb, leg, sirloin half, separable lean and fat, trimmed to 1/8"" fat, choice, raw",http://purl.obolibrary.org/obo/FOODON_02000259,lamb sirloin half (raw),accepted,,
172550,"Lamb, leg, sirloin half, separable lean and fat, trimmed to 1/8"" fat, choice, cooked, roasted",http://purl.obolibrary.org/obo/FOODON_02000258,lamb sirloin half,accepted,,
172551,"Lamb, loin, separable lean and fat, trimmed to 1/8"" fat, choice, raw",http://purl.obolibrary.org/obo/FOODON_02000278,lamb loin (raw),accepted,,
172552,"Lamb, rib, separable lean and fat, trimmed to 1/8"" fat, choice, cooked, roasted",http://purl.obolibrary.org/obo/FOODON_02000272,lamb rib,accepted,,
172553,"Lamb, shoulder, whole (arm and blade), separable lean and fat, trimmed to 1/8"" fat, choice, raw",http://purl.obolibrary.org/obo/FOODON_02000240,lamb shoulder (raw),accepted,,
172554,"Lamb, shoulder, whole (arm and blade), separable lean and fat, trimmed to 1/8"" fat, choice, cooked, braised",http://purl.obolibrary.org/obo/FOODON_02000239,lamb shoulder,accepted,,
172555,"Lamb, shoulder, whole (arm and blade), separable lean and fat, trimmed to 1/8"" fat, choice, cooked, broiled",http://purl.obolibrary.org/obo/FOODON_02000239,lamb shoulder,accepted,,
172556,"Lamb, shoulder, blade, separable lean and fat, trimmed to 1/8"" fat, choice, raw",http://purl.obolibrary.org/obo/FOODON_02000242,lamb shoulder blade (raw),accepted,,
172557,"Lamb, shoulder, blade, separable lean and fat, trimmed to 1/8"" fat, choice, cooked, braised",http://purl.obolibrary.org/obo/FOODON_02000241,lamb shoulder blade,accepted,,
172558,"Lamb, shoulder, blade, separable lean and fat, trimmed to 1/8"" fat, choice, cooked, broiled",http://purl.obolibrary.org/obo/FOODON_02000241,lamb shoulder blade,accepted,,
172559,"Lamb, shoulder, blade, separable lean and fat, trimmed to 1/8"" fat, choice, cooked, roasted",http://purl.obolibrary.org/obo/FOODON_02000241,lamb shoulder blade,accepted,,
172560,"Lamb, New Zealand, imported, frozen, leg, whole (shank and sirloin), separable lean and fat, trimmed to 1/8"" fat, raw",http://purl.obolibrary.org/obo/FOODON_02000254,lamb leg (raw),accepted,,
172561,"Lamb, New Zealand, imported, frozen, leg, whole (shank and sirloin), separable lean and fat, trimmed to 1/8"" fat, cooked, roasted",http://purl.obolibrary.org/obo/FOODON_02000253,lamb leg,accepted,,
172562,"Lamb, New Zealand, imported, frozen, loin, separable lean and fat, trimmed to 1/8"" fat, raw",http://purl.obolibrary.org/obo/FOODON_02000278,lamb loin (raw),accepted,,
172563,"Lamb, New Zealand, imported, frozen, loin, separable lean and fat, trimmed to 1/8"" fat, cooked, broiled",http://purl.obolibrary.org/obo/FOODON_02000277,lamb loin,accepted,,
172564,"Game meat, bison, top sirloin, separable lean only, trimmed to 0"" fat, raw",http://purl.obolibrary.org/obo/FOODON_02000442,bison top sirloin butt (raw),accepted,,
172565,"Game meat, bison, ribeye, separable lean only, trimmed to 0"" fat, raw",http://purl.obolibrary.org/obo/FOODON_02000452,bison ribeye steak (raw),accepted,,
172566,"Game meat, bison, shoulder clod, separable lean only, trimmed to 0"" fat, raw",http://purl.obolibrary.org/obo/FOODON_02000456,bison shoulder clod (raw),accepted,,
172567,"Veal, breast, separable fat, cooked",http://purl.obolibrary.org/obo/FOODON_02000358,veal breast,accepted,,
172568,"Veal, shank (fore and hind), separable lean and fat, raw",http://purl.obolibrary.org/obo/FOODON_02000362,veal foreshank,accepted,,
172569,"Veal, shank (fore and hind), separable lean and fat, cooked, braised",http://purl.obolibrary.org/obo/FOODON_02000362,veal foreshank,accepted,,
172570,"Veal, shank (fore and hind), separable lean only, raw",http://purl.obolibrary.org/obo/FOODON_02000351,veal hindshank (raw),accepted,,
172571,"Veal, shank (fore and hind), separable lean only, cooked, braised",http://purl.obolibrary.org/obo/FOODON_02000362,veal foreshank,accepted,,
172572,"Lamb, Australian, imported, fresh, separable fat, raw",http://purl.obolibrary.org/obo/FOODON_02021144,lamb fat (raw),accepted,,
172573,"Lamb, Australian, imported, fresh, separable fat, cooked",http://purl.obolibrary.org/obo/FOODON_02021141,lamb fat,accepted,,
172574,"Lamb, Australian, imported, fresh, foreshank, separable lean and fat, trimmed to 1/8"" fat, raw",http://purl.obolibrary.org/obo/FOODON_02000276,lamb foreshank (raw),accepted,,
172575,"Lamb, Australian, imported, fresh, foreshank, separable lean and fat, trimmed to 1/8"" fat, cooked, braised",http://purl.obolibrary.org/obo/FOODON_02000275,lamb foreshank,accepted,,
172576,"Lamb, Australian, imported, fresh, leg, whole (shank and sirloin), separable lean only, trimmed to 1/8"" fat, raw",http://purl.obolibrary.org/obo/FOODON_02000254,lamb leg (raw),accepted,,
172577,"Lamb, Australian, imported, fresh, leg, whole (shank and sirloin), separable lean only, trimmed to 1/8"" fat, cooked, roasted",http://purl.obolibrary.org/obo/FOODON_02000253,lamb leg,accepted,,
172578,"Lamb, Australian, imported, fresh, leg, shank half, separable lean and fat, trimmed to 1/8"" fat, raw",http://purl.obolibrary.org/obo/FOODON_02000257,lamb shank half (raw),accepted,,
172579,"Lamb, Australian, imported, fresh, leg, shank half, separable lean and fat, trimmed to 1/8"" fat, cooked, roasted",http://purl.obolibrary.org/obo/FOODON_02000256,lamb shank half,accepted,,
172580,"Lamb, Australian, imported, fresh, leg, shank half, separable lean only, trimmed to 1/8"" fat, raw",http://purl.obolibrary.org/obo/FOODON_02000257,lamb shank half (raw),accepted,,
172581,"Lamb, Australian, imported, fresh, leg, sirloin half, boneless, separable lean only, trimmed to 1/8"" fat, cooked, roasted",http://purl.obolibrary.org/obo/FOODON_02000260,"lamb sirloin half (shank off, semi-boneless)",accepted,,
172582,"Lamb, Australian, imported, fresh, leg, sirloin chops, boneless, separable lean and fat, trimmed to 1/8"" fat, raw",http://purl.obolibrary.org/obo/FOODON_02000267,"lamb sirloin chop (boneless, raw)",accepted,,
172583,"Lamb, Australian, imported, fresh, leg, sirloin chops, boneless, separable lean and fat, trimmed to 1/8"" fat, cooked, broiled",http://purl.obolibrary.org/obo/FOODON_02000266,lamb sirloin chop (boneless),accepted,,
172584,"Lamb, Australian, imported, fresh, leg, sirloin chops, boneless, separable lean only, trimmed to 1/8"" fat, raw",http://purl.obolibrary.org/obo/FOODON_02000267,"lamb sirloin chop (boneless, raw)",accepted,,
172585,"Lamb, Australian, imported, fresh, leg, center slice, bone-in, separable lean only, trimmed to 1/8"" fat, cooked, broiled",http://purl.obolibrary.org/obo/FOODON_02000270,leg of lamb center cut,accepted,,
172586,"Lamb, Australian, imported, fresh, loin, separable lean and fat, trimmed to 1/8"" fat, raw",http://purl.obolibrary.org/obo/FOODON_02000278,lamb loin (raw),accepted,,
172587,"Lamb, Australian, imported, fresh, loin, separable lean and fat, trimmed to 1/8"" fat, cooked, broiled",http://purl.obolibrary.org/obo/FOODON_02000277,lamb loin,accepted,,
172588,"Lamb, Australian, imported, fresh, loin, separable lean only, trimmed to 1/8"" fat, raw",http://purl.obolibrary.org/obo/FOODON_02000278,lamb loin (raw),accepted,,
172589,"Lamb, Australian, imported, fresh, rib chop, frenched, bone-in, separable lean only, trimmed to 1/8"" fat, cooked, grilled",http://purl.obolibrary.org/obo/FOODON_02000272,lamb rib,accepted,,
172590,"Lamb, Australian, imported, fresh, shoulder, whole (arm and blade), separable lean and fat, trimmed to 1/8"" fat, raw",http://purl.obolibrary.org/obo/FOODON_02000240,lamb shoulder (raw),accepted,,
172591,"Lamb, Australian, imported, fresh, shoulder, whole (arm and blade), separable lean and fat, trimmed to 1/8"" fat, cooked",http://purl.obolibrary.org/obo/FOODON_02000239,lamb shoulder,accepted,,
172592,"Lamb, Australian, imported, fresh, shoulder, whole (arm and blade), separable lean only,   trimmed to 1/8"" fat, raw",http://purl.obolibrary.org/obo/FOODON_02000240,lamb shoulder (raw),accepted,,
172593,"Lamb, Australian, imported, fresh, shoulder, whole (arm and blade), separable lean only, trimmed to 1/8"" fat, cooked",http://purl.obolibrary.org/obo/FOODON_02000239,lamb shoulder,accepted,,
172594,"Lamb, Australian, imported, fresh, shoulder, blade, separable lean and fat, trimmed to 1/8"" fat, raw",http://purl.obolibrary.org/obo/FOODON_02000242,lamb shoulder blade (raw),accepted,,
172595,"Lamb, Australian, imported, fresh, shoulder, blade, separable lean and fat, trimmed to 1/8"" fat, cooked, broiled",http://purl.obolibrary.org/obo/FOODON_02000241,lamb shoulder blade,accepted,,
172596,"Lamb, Australian, imported, fresh, shoulder, blade, separable lean only, trimmed to 1/8"" fat, raw",http://purl.obolibrary.org/obo/FOODON_02000242,lamb shoulder blade (raw),accepted,,
172597,"Lamb, Australian, imported, fresh, shoulder ,blade, separable lean only, trimmed to 1/8"" fat, cooked, broiled",http://purl.obolibrary.org/obo/FOODON_02000241,lamb shoulder blade,accepted,,
172598,"Game meat, bison, chuck, shoulder clod, separable lean only, raw",http://purl.obolibrary.org/obo/FOODON_02000456,bison shoulder clod (raw),accepted,,
172599,"Game meat, bison, ribeye, separable lean only, 1"" steak, cooked, broiled",http://purl.obolibrary.org/obo/FOODON_02000451,bison ribeye steak,accepted,,
172600,"Game meat, bison, top round, separable lean only, 1"" steak, cooked, broiled",http://purl.obolibrary.org/obo/FOODON_02000449,bison top round steak,accepted,,
172601,"Game meat, bison, top round, separable lean only, 1"" steak, raw",http://purl.obolibrary.org/obo/FOODON_02000450,bison top round steak (raw),accepted,,
172602,"Game meat, deer, ground, raw",http://purl.obolibrary.org/obo/FOODON_02022294,"deer meat (ground, raw)",accepted,,
172603,"Game meat, deer, ground, cooked, pan-broiled",http://purl.obolibrary.org/obo/FOODON_02022293,deer meat (ground),accepted,,
172604,"Game meat, deer, loin, separable lean only, 1"" steak, cooked, broiled",http://purl.obolibrary.org/obo/FOODON_00005428,deer loin,accepted,,
172605,"Game meat, deer, shoulder clod, separable lean only, cooked, braised",http://purl.obolibrary.org/obo/FOODON_00005435,deer shoulder clod,accepted,,
172606,"Veal, Australian, shank, hind, bone-in, separable lean only, raw",http://purl.obolibrary.org/obo/FOODON_02000351,veal hindshank (raw),accepted,,
172607,"Veal, Australian, shank, hind, bone-in, separable lean and fat, raw",http://purl.obolibrary.org/obo/FOODON_02000351,veal hindshank (raw),accepted,,
172608,"Lamb, Australian, ground,  85% lean / 15% fat, raw",http://purl.obolibrary.org/obo/FOODON_02021206,"lamb meat (ground, raw)",accepted,,
172609,"Lamb, New Zealand, imported, Intermuscular fat, cooked",http://purl.obolibrary.org/obo/FOODON_02021141,lamb fat,accepted,,
172610,"Lamb, New Zealand, imported, breast, separable lean only, cooked, braised",http://purl.obolibrary.org/obo/FOODON_02000274,lamb breast,accepted,,
172611,"Lamb, New Zealand, imported, breast, separable lean only, raw",http://purl.obolibrary.org/obo/FOODON_00005394,lamb breast (raw),accepted,,
172612,"Lamb, New Zealand, imported, chump, boneless, separable lean only, cooked, fast roasted",http://purl.obolibrary.org/obo/FOODON_00005401,lamb chump,accepted,,
172613,"Lamb, New Zealand, imported, subcutaneous fat, cooked",http://purl.obolibrary.org/obo/FOODON_02021141,lamb fat,accepted,,
172614,"Lamb, New Zealand, imported, liver, cooked, soaked and fried",http://purl.obolibrary.org/obo/FOODON_02021151,lamb liver,accepted,,
172615,"Lamb, New Zealand, imported, liver, raw",http://purl.obolibrary.org/obo/FOODON_02021161,lamb liver (raw),accepted,,
172616,"Lamb, New Zealand, imported, ground lamb, cooked, braised",http://purl.obolibrary.org/obo/FOODON_03311593,lamb meat (ground),accepted,,
172617,"Lamb, New Zealand, imported, ground lamb, raw",http://purl.obolibrary.org/obo/FOODON_02021206,"lamb meat (ground, raw)",accepted,,
172618,"Lamb, New Zealand, imported, testes, cooked, soaked and fried",http://purl.obolibrary.org/obo/FOODON_02021157,lamb testicle,accepted,,
172619,"Lamb, New Zealand, imported, testes, raw",http://purl.obolibrary.org/obo/FOODON_02021167,lamb testicle (raw),accepted,,
172620,"Lamb, New Zealand, imported, tongue - swiss cut, cooked, soaked and simmered",http://purl.obolibrary.org/obo/FOODON_02021154,lamb tongue,accepted,,
172621,"Lamb, New Zealand, imported, tongue - swiss cut, raw",http://purl.obolibrary.org/obo/FOODON_02021164,lamb tongue (raw),accepted,,
172622,"Lamb, New Zealand, imported, tenderloin, separable lean only, cooked, fast fried",http://purl.obolibrary.org/obo/FOODON_02000279,lamb tenderloin,accepted,,
172623,"Lamb, New Zealand, imported, tenderloin, separable lean only, raw",http://purl.obolibrary.org/obo/FOODON_02000280,lamb tenderloin (raw),accepted,,
172624,"Lamb, New Zealand, imported, loin saddle, separable lean only, cooked, fast roasted",http://purl.obolibrary.org/obo/FOODON_00005397,lamb loin saddle,accepted,,
172625,"Lamb, New Zealand, imported, loin saddle, separable lean only, raw",http://purl.obolibrary.org/obo/FOODON_00005397,lamb loin saddle,accepted,,
172626,"Lamb, New Zealand, imported, neck chops, separable lean only, cooked, braised",http://purl.obolibrary.org/obo/FOODON_00005385,lamb neck chop,accepted,,
172627,"Lamb, New Zealand, imported, netted shoulder, rolled, boneless, separable lean only, cooked, slow roasted",http://purl.obolibrary.org/obo/FOODON_00005388,lamb netted shoulder,accepted,,
172628,"Lamb, New Zealand, imported, netted shoulder, rolled, boneless, separable lean only, raw",http://purl.obolibrary.org/obo/FOODON_00005389,lamb netted shoulder (raw),accepted,,
172629,"Lamb, New Zealand, imported, rack - fully frenched, separable lean only, cooked, fast roasted",http://purl.obolibrary.org/obo/FOODON_00005393,rack of lamb,accepted,,
172630,"Lamb, New Zealand, imported, flap, boneless, separable lean and fat, cooked, braised",http://purl.obolibrary.org/obo/FOODON_00005395,lamb flap,accepted,,
172631,"Lamb, New Zealand, imported, flap, boneless, separable lean and fat, raw",http://purl.obolibrary.org/obo/FOODON_00005396,lamb flap (raw),accepted,,
172632,"Lamb, New Zealand, imported, hind-shank, separable lean and fat, cooked, braised",,,none,,
172633,"Lamb, New Zealand, imported, hind-shank, separable lean and fat, raw",,,none,,
172634,"Lamb, New Zealand, imported, loin, boneless, separable lean and fat, cooked, fast roasted",http://purl.obolibrary.org/obo/FOODON_02000277,lamb loin,accepted,,
172635,"Lamb, New Zealand, imported, loin, boneless, separable lean and fat, raw",http://purl.obolibrary.org/obo/FOODON_02000277,lamb loin,accepted,,
172636,"Lamb, New Zealand, imported, neck chops, separable lean and fat, cooked, braised",http://purl.obolibrary.org/obo/FOODON_00005385,lamb neck chop,accepted,,
172637,"Lamb, New Zealand, imported, neck chops, separable lean and fat, raw",http://purl.obolibrary.org/obo/FOODON_00005386,lamb neck chop (raw),accepted,,
172638,"Lamb, New Zealand, imported, netted shoulder, rolled, boneless, separable lean and fat, cooked, slow roasted",http://purl.obolibrary.org/obo/FOODON_00005388,lamb netted shoulder,accepted,,
172639,"Lamb, New Zealand, imported, tenderloin, separable lean and fat, cooked, fast fried",http://purl.obolibrary.org/obo/FOODON_02000279,lamb tenderloin,accepted,,
172640,"Lamb, New Zealand, imported, rack - fully frenched, separable lean and fat, cooked, fast roasted",http://purl.obolibrary.org/obo/FOODON_02000272,lamb rib,accepted,,
172641,"Lamb, New Zealand, imported, rack - fully frenched, separable lean and fat, raw",http://purl.obolibrary.org/obo/FOODON_02000272,lamb rib,accepted,,
172642,"Lamb, New Zealand, imported, tunnel-boned leg, chump off, shank off, separable lean and fat, cooked, slow roasted",http://purl.obolibrary.org/obo/FOODON_00005390,lamb tunnel boned leg,accepted,,
172643,"Veal, leg, top round, cap off, cutlet, boneless, raw",http://purl.obolibrary.org/obo/FOODON_02000348,veal top round,accepted,,
172644,"Veal, loin, chop, separable lean only, cooked, grilled",http://purl.obolibrary.org/obo/FOODON_02000352,veal loin,accepted,,
172645,"Veal, shank, separable lean only, raw",http://purl.obolibrary.org/obo/FOODON_00005415,veal shank (raw),accepted,,
172646,"Veal, foreshank, osso buco, separable lean only, cooked, braised",http://purl.obolibrary.org/obo/FOODON_02000362,veal foreshank,accepted,,
172647,"Veal, seam fat only, cooked",http://purl.obolibrary.org/obo/FOODON_02022359,veal seam fat,accepted,,
172648,"Veal, shank, separable lean and fat, raw",http://purl.obolibrary.org/obo/FOODON_00005415,veal shank (raw),accepted,,
172649,"Veal, foreshank, osso buco, separable lean and fat, cooked, braised",http://purl.obolibrary.org/obo/FOODON_02000362,veal foreshank,accepted,,
172650,"Veal, loin, chop, separable lean and fat, cooked, grilled",,,none,,
172651,"Veal, shoulder, blade chop, separable lean and fat, cooked, grilled",http://purl.obolibrary.org/obo/FOODON_00005416,veal shoulder blade chop,accepted,,
172652,"Lamb, Australian, imported, fresh, tenderloin, boneless, separable lean only, trimmed to 1/8"" fat, raw",http://purl.obolibrary.org/obo/FOODON_02000279,lamb tenderloin,accepted,,
172653,"Lamb, Australian, imported, fresh, leg, bottom, boneless, separable lean only, trimmed to 1/8"" fat, raw",http://purl.obolibrary.org/obo/FOODON_02000262,lamb leg bottom,accepted,,
172654,"Lamb, Australian, imported, fresh, leg, trotter off, bone-in, separable lean only, trimmed to 1/8"" fat, cooked, roasted",http://purl.obolibrary.org/obo/FOODON_02000253,lamb leg,accepted,,
172655,"Lamb, Australian, imported, fresh, leg, trotter off, bone-in, separable lean only, trimmed to 1/8"" fat, raw",http://purl.obolibrary.org/obo/FOODON_02000253,lamb leg,accepted,,
172656,"Lamb, Australian, imported, fresh, seam fat, cooked",http://purl.obolibrary.org/obo/FOODON_02021143,lamb seam fat,accepted,,
172657,"Lamb, Australian, imported, fresh, seam fat, raw",http://purl.obolibrary.org/obo/FOODON_02021146,lamb seam fat (raw),accepted,,
172658,"Lamb, Australian, imported, fresh, leg, bottom, boneless, separable lean and fat, trimmed to 1/8"" fat, cooked, roasted",http://purl.obolibrary.org/obo/FOODON_02000262,lamb leg bottom,accepted,,
172659,"Lamb, Australian, imported, fresh, leg, bottom, boneless, separable lean and fat, trimmed to 1/8"" fat, raw",http://purl.obolibrary.org/obo/FOODON_02000262,lamb leg bottom,accepted,,
172660,"Lamb, Australian, imported, fresh, tenderloin, boneless, separable lean and fat, trimmed to 1/8"" fat, raw",http://purl.obolibrary.org/obo/FOODON_02000279,lamb tenderloin,accepted,,
172661,"Lamb, Australian, imported, fresh, rib chop, frenched, denuded, bone-in, separable lean only, trimmed to 0"" fat, cooked, grilled",http://purl.obolibrary.org/obo/FOODON_00005391,lamb rib chop,accepted,,
172662,"Lamb, Australian, imported, fresh, rack, roast, frenched, denuded, bone-in, separable lean and fat, trimmed to 0"" fat, cooked, roasted",http://purl.obolibrary.org/obo/FOODON_00005393,rack of lamb,accepted,,
172663,"Lamb, Australian, imported, fresh, rack, roast, frenched, bone-in, separable lean and fat, trimmed to 1/8"" fat, cooked, roasted",http://purl.obolibrary.org/obo/FOODON_00005393,rack of lamb,accepted,,
172664,"Bagels, cinnamon-raisin",,,none,,
172665,"Bagels, cinnamon-raisin, toasted",,,none,,
172666,"Bagels, oat bran",,,none,,
172667,"Biscuits, plain or buttermilk, frozen, baked",,,none,,
172668,"Biscuits, plain or buttermilk, refrigerated dough, higher fat",,,none,,
172669,"Biscuits, plain or buttermilk, refrigerated dough, higher fat, baked",,,none,,
172670,"Biscuits, plain or buttermilk, prepared from recipe",,,none,,
172671,"Biscuits, mixed grain, refrigerated dough",,,none,,
172672,"Bread, cracked-wheat",http://purl.obolibrary.org/obo/FOODON_03302355,cracked wheat bread,added,FoodOn names it through a safe un-inverted form,review loop 2026-09-28
172673,"Bread, egg",,,none,,
172674,"Bread, egg, toasted",,,none,,
172675,"Bread, french or vienna (includes sourdough)",,,none,,
172676,"Bread, oat bran",,,none,,
172677,"Bread, oat bran, toasted",,,none,,
172678,"Bread, oatmeal",http://purl.obolibrary.org/obo/FOODON_03302473,oatmeal bread,added,FoodOn names it through a safe un-inverted form,review loop 2026-09-28
172679,"Bread, oatmeal, toasted",http://purl.obolibrary.org/obo/FOODON_03302473,oatmeal bread,added,FoodOn names it through a safe un-inverted form,review loop 2026-09-28
172680,"Bread, raisin, enriched",http://purl.obolibrary.org/obo/FOODON_03302693,raisin bread (enriched),added,FoodOn names it through a safe un-inverted form,review loop 2026-09-28
172681,"Bread, raisin, enriched, toasted",http://purl.obolibrary.org/obo/FOODON_03302693,raisin bread (enriched),added,FoodOn names it through a safe un-inverted form,review loop 2026-09-28
172682,"Bread, reduced-calorie, oat bran",,,none,,
172683,"Bread, reduced-calorie, oat bran, toasted",,,none,,
172684,"Bread, rye",,,none,,
172685,"Bread, rye, toasted",,,none,,
172686,"Bread, wheat",http://purl.obolibrary.org/obo/FOODON_03302200,wheat bread,added,FoodOn names it through a safe un-inverted form,review loop 2026-09-28
172687,"Bread, wheat, toasted",http://purl.obolibrary.org/obo/FOODON_03302200,wheat bread,added,FoodOn names it through a safe un-inverted form,review loop 2026-09-28
172688,"Bread, whole-wheat, commercially prepared",http://purl.obolibrary.org/obo/FOODON_03301119,whole wheat bread,added,FoodOn names it through a safe un-inverted form,review loop 2026-09-28
172689,"Bread, whole-wheat, commercially prepared, toasted",http://purl.obolibrary.org/obo/FOODON_03301119,whole wheat bread,added,FoodOn names it through a safe un-inverted form,review loop 2026-09-28
172690,"Bread, whole-wheat, prepared from recipe",http://purl.obolibrary.org/obo/FOODON_03301119,whole wheat bread,added,FoodOn names it through a safe un-inverted form,review loop 2026-09-28
172691,"Bread, whole-wheat, prepared from recipe, toasted",http://purl.obolibrary.org/obo/FOODON_03301119,whole wheat bread,added,FoodOn names it through a safe un-inverted form,review loop 2026-09-28
172692,"Bread, stuffing, cornbread, dry mix",,,none,,
172693,"Bread, stuffing, cornbread, dry mix, prepared",,,none,,
172694,"Cake, angelfood, commercially prepared",,,none,,
172695,"Cake, angelfood, dry mix, prepared",,,none,,
172696,"Cake, boston cream pie, commercially prepared",,,none,,
172697,"Cake, chocolate, prepared from recipe without frosting",http://purl.obolibrary.org/obo/FOODON_03305417,chocolate cake,added,FoodOn names it through a safe un-inverted form,review loop 2026-09-28
172698,"Cake, white, prepared from recipe with coconut frosting",,,none,,
172699,"Cake, coffeecake, cheese",,,none,,
172700,"Cake, coffeecake, cinnamon with crumb topping, commercially prepared, enriched",,,none,,
172701,"Cake, gingerbread, dry mix",,,none,,
172702,"Cake, gingerbread, prepared from recipe",,,none,,
172703,"Cake, pineapple upside-down, prepared from recipe",,,none,,
172704,"Cake, pound, commercially prepared, butter (includes fresh and frozen)",http://purl.obolibrary.org/obo/FOODON_03302768,butter pound cake,added,FoodOn names it through a safe un-inverted form,review loop 2026-09-28
172705,"Cake, white, dry mix, special dietary (includes lemon-flavored)",,,none,,
172706,"Cake, sponge, commercially prepared",,,none,,
172707,"Cake, sponge, prepared from recipe",,,none,,
172708,"Cake, pudding-type, white, enriched, dry mix",,,none,,
172709,"Cake, white, prepared from recipe without frosting",,,none,,
172710,"Cake, yellow, prepared from recipe without frosting",,,none,,
172711,"Cake, cheesecake, commercially prepared",,,none,,
172712,"Cake, cheesecake, prepared from mix, no-bake type",,,none,,
172713,"Cookies, brownies, commercially prepared",,,none,,
172714,"Cookies, chocolate wafers",,,none,,
172715,"Cookies, chocolate chip, commercially prepared, regular, lower fat",,,none,,
172716,"Cookies, chocolate chip, commercially prepared, regular, higher fat, enriched",,,none,,
172717,"Cookies, chocolate chip, commercially prepared, soft-type",,,none,,
172718,"Cookies, chocolate sandwich, with creme filling, regular",,,none,,
172719,"Cookies, chocolate sandwich, with creme filling, regular, chocolate-coated",,,none,,
172720,"Cookies, chocolate sandwich, with extra creme filling",,,none,,
172721,"Cookies, fig bars",,,none,,
172722,"Cookies, fortune",,,none,,
172723,"Cookies, marshmallow, chocolate-coated (includes marshmallow pies)",,,none,,
172724,"Cookies, molasses",,,none,,
172725,"Cookies, oatmeal, commercially prepared, regular",,,none,,
172726,"Cookies, oatmeal, commercially prepared, soft-type",,,none,,
172727,"Cookies, peanut butter, commercially prepared, regular",,,none,,
172728,"Cookies, peanut butter, commercially prepared, soft-type",,,none,,
172729,"Cookies, peanut butter, refrigerated dough",,,none,,
172730,"Cookies, peanut butter, refrigerated dough, baked",,,none,,
172731,"Cookies, brownies, dry mix, sugar free",,,none,,
172732,"Cookies, chocolate chip, commercially prepared, special dietary",,,none,,
172733,"Cookies, chocolate sandwich, with creme filling, special dietary",,,none,,
172734,"Cookies, oatmeal, commercially prepared, special dietary",,,none,,
172735,"Cookies, sugar, refrigerated dough, baked",,,none,,
172736,"Cookies, sugar wafers with creme filling, regular",,,none,,
172737,"Cookies, vanilla sandwich with creme filling",,,none,,
172738,"Puff pastry, frozen, ready-to-bake, baked",,,none,,
172739,"Crackers, crispbread, rye",,,none,,
172740,"Crackers, matzo, plain",,,none,,
172741,"Crackers, matzo, egg",,,none,,
172742,"Crackers, matzo, whole-wheat",,,none,,
172743,"Crackers, rye, sandwich-type with cheese filling",,,none,,
172744,"Crackers, rye, wafers, plain",,,none,,
172745,"Crackers, rye, wafers, seasoned",,,none,,
172746,"Crackers, saltines (includes oyster, soda, soup)",,,none,,
172747,"Crackers, wheat, sandwich, with cheese filling",,,none,,
172748,"Crackers, wheat, sandwich, with peanut butter filling",,,none,,
172749,"Crackers, whole-wheat",,,none,,
172750,"Cracker, meal",,,none,,
172751,"Croutons, plain",,,none,,
172752,"Croutons, seasoned",,,none,,
172753,"Danish pastry, cinnamon, enriched",,,none,,
172754,"Danish pastry, cheese",,,none,,
172755,"Danish pastry, fruit, enriched (includes apple, cinnamon, raisin, lemon, raspberry, strawberry)",,,none,,
172756,"Doughnuts, french crullers, glazed",,,none,,
172757,"Doughnuts, yeast-leavened, with creme filling",,,none,,
172758,"Doughnuts, yeast-leavened, glazed, enriched (includes honey buns)",,,none,,
172759,"Doughnuts, yeast-leavened, with jelly filling",,,none,,
172760,"Muffins, English, raisin-cinnamon, toasted (includes apple-cinnamon)",,,none,,
172761,"Muffins, English, wheat",,,none,,
172762,"Muffins, English, whole-wheat",,,none,,
172763,"French toast, frozen, ready-to-heat",,,none,,
172764,"Muffins, plain, prepared from recipe, made with low fat (2%) milk",,,none,,
172765,"Muffins, blueberry, commercially prepared (Includes mini-muffins)",,,none,,
172766,"Muffins, blueberry, dry mix",,,none,,
172767,"Muffins, blueberry, toaster-type",,,none,,
172768,"Muffins, blueberry, prepared from recipe, made with low fat (2%) milk",,,none,,
172769,"Muffins, oat bran",,,none,,
172770,"Muffins, wheat bran, dry mix",,,none,,
172771,"Pancakes plain, frozen, ready-to-heat (includes buttermilk)",,,none,,
172772,"Pancakes, plain, dry mix, complete (includes buttermilk)",,,none,,
172773,"Pancakes, blueberry, prepared from recipe",,,none,,
172774,"Pancakes, buckwheat, dry mix, incomplete",,,none,,
172775,"Pancakes, special dietary, dry mix",,,none,,
172776,"Pancakes, whole-wheat, dry mix, incomplete",,,none,,
172777,"Pie, banana cream, prepared from recipe",http://purl.obolibrary.org/obo/FOODON_03307352,banana cream pie,added,FoodOn names it through a safe un-inverted form,review loop 2026-09-28
172778,"Pie, blueberry, commercially prepared",,,none,,
172779,"Pie, blueberry, prepared from recipe",,,none,,
172780,"Pie, cherry, commercially prepared",http://purl.obolibrary.org/obo/FOODON_00001720,cherry pie,added,FoodOn names it through a safe un-inverted form,review loop 2026-09-28
172781,"Pie, cherry, prepared from recipe",http://purl.obolibrary.org/obo/FOODON_00001720,cherry pie,added,FoodOn names it through a safe un-inverted form,review loop 2026-09-28
172782,"Pie, coconut custard, commercially prepared",,,none,,
172783,"Pie, egg custard, commercially prepared",,,none,,
172784,"Pie, fried pies, fruit",,,none,,
172785,"Pie, lemon meringue, commercially prepared",,,none,,
172786,"Pie, pecan, prepared from recipe",http://purl.obolibrary.org/obo/FOODON_03306781,pecan pie,added,FoodOn names it through a safe un-inverted form,review loop 2026-09-28
172787,"Pie, pumpkin, commercially prepared",,,none,,
172788,"Pie, pumpkin, prepared from recipe",,,none,,
172789,"Pie, vanilla cream, prepared from recipe",,,none,,
172790,"Puff pastry, frozen, ready-to-bake",,,none,,
172791,Phyllo dough,http://purl.obolibrary.org/obo/FOODON_00003199,filo,added,FoodOn names it through a safe un-inverted form,review loop 2026-09-28
172792,"Popovers, dry mix, enriched",,,none,,
172793,"Rolls, dinner, plain, commercially prepared (includes brown-and-serve)",,,none,,
172794,"Rolls, dinner, whole-wheat",,,none,,
172795,"Rolls, french",,,none,,
172796,"Rolls, hamburger or hotdog, plain",,,none,,
172797,"Rolls, hamburger or hotdog, mixed-grain",,,none,,
172798,"Sweet rolls, cinnamon, refrigerated dough with frosting",,,none,,
172799,"Sweet rolls, cinnamon, refrigerated dough with frosting, baked",,,none,,
172800,"Taco shells, baked",,,none,,
172801,"Toaster pastries, brown-sugar-cinnamon",,,none,,
172802,Wonton wrappers (includes egg roll wrappers),,,none,,
172803,"Leavening agents, baking powder, double-acting, sodium aluminum sulfate",,,none,,
172804,"Leavening agents, baking powder, double-acting, straight phosphate",,,none,,
172805,"Leavening agents, baking powder, low-sodium",,,none,,
172806,"Bread, crumbs, dry, grated, seasoned",,,none,,
172807,"Cookies, oatmeal, prepared from recipe, without raisins",,,none,,
172808,"Cookies, chocolate chip, prepared from recipe, made with butter",,,none,,
172809,"Bread, protein, (includes gluten), toasted",http://purl.obolibrary.org/obo/FOODON_03302350,protein bread,added,FoodOn names it through a safe un-inverted form,review loop 2026-09-28
172810,"Rolls, dinner, plain, prepared from recipe, made with low fat (2%) milk",,,none,,
172811,"Pie crust, cookie-type, prepared from recipe, graham cracker, chilled",,,none,,
172812,"Crackers, matzo, egg and onion",,,none,,
172813,"Pie crust, cookie-type, prepared from recipe, vanilla wafer, chilled",,,none,,
172814,"Pie crust, standard-type, prepared from recipe, unbaked",,,none,,
172815,"Bread, cornbread, dry mix, unenriched (includes corn muffin mix)",,,none,,
172816,"Bread, pita, white, unenriched",http://purl.obolibrary.org/obo/FOODON_00003060,pita bread,added,FoodOn names it through a safe un-inverted form,review loop 2026-09-28
172817,"Bread, raisin, unenriched",http://purl.obolibrary.org/obo/FOODON_03301944,raisin bread,added,FoodOn names it through a safe un-inverted form,review loop 2026-09-28
172818,"Bread, white, commercially prepared, low sodium, no salt",http://purl.obolibrary.org/obo/FOODON_03301055,white bread,added,FoodOn names it through a safe un-inverted form,review loop 2026-09-28
172819,"Cookies, butter, commercially prepared, unenriched",,,none,,
172820,"Cookies, chocolate chip, commercially prepared, regular, higher fat, unenriched",,,none,,
172821,"Cookies, ladyfingers, without lemon juice and rind",,,none,,
172822,"Crackers, melba toast, plain, without salt",,,none,,
172823,"Crackers, whole-wheat, low salt",,,none,,
172824,"Danish pastry, cinnamon, unenriched",,,none,,
172825,"Danish pastry, fruit, unenriched (includes apple, cinnamon, raisin, strawberry)",,,none,,
172826,"Bread, white, commercially prepared, toasted, low sodium no salt",http://purl.obolibrary.org/obo/FOODON_03301055,white bread,added,FoodOn names it through a safe un-inverted form,review loop 2026-09-28
172827,"Danish pastry, lemon, unenriched",,,none,,
172828,"English muffins, plain, unenriched, with calcium propionate (includes sourdough)",,,none,,
172829,"Quail, breast, meat only, raw",http://purl.obolibrary.org/obo/FOODON_02020749,"piece of quail breast (skinless, raw)",accepted,,
172830,"Chicken, broiler, rotisserie, BBQ, wing, meat and skin",http://purl.obolibrary.org/obo/FOODON_02020289,piece of chicken wing (with skin),accepted,,
172831,"Ruffed Grouse, breast meat, skinless, raw",http://purl.obolibrary.org/obo/FOODON_02022364,"piece of ruffed grouse breast (skinless, raw)",accepted,,
172832,"Emu, ground, raw",http://purl.obolibrary.org/obo/FOODON_02020113,"emu meat (ground, raw)",accepted,,
172833,"Emu, ground, cooked, pan-broiled",http://purl.obolibrary.org/obo/FOODON_02020112,emu meat (ground),accepted,,
172834,"Emu, full rump, cooked, broiled",http://purl.obolibrary.org/obo/FOODON_02000376,emu full rump,accepted,,
172835,"Emu, inside drum, raw",http://purl.obolibrary.org/obo/FOODON_02000431,emu inside drum (raw),accepted,,
172836,"Emu, inside drums, cooked, broiled",http://purl.obolibrary.org/obo/FOODON_02000377,emu inside drum,accepted,,
172837,"Emu, outside drum, raw",http://purl.obolibrary.org/obo/FOODON_02000432,emu outside drum (raw),accepted,,
172838,"Emu, oyster, raw",http://purl.obolibrary.org/obo/FOODON_02000380,emu oyster (raw),accepted,,
172839,"Ostrich, inside leg, raw",http://purl.obolibrary.org/obo/FOODON_02000384,ostrich inside leg (raw),accepted,,
172840,"Ostrich, inside leg, cooked",http://purl.obolibrary.org/obo/FOODON_02000383,ostrich inside leg,accepted,,
172841,"Ostrich, inside strip, raw",http://purl.obolibrary.org/obo/FOODON_02000390,ostrich inside strip (raw),accepted,,
172842,"Ostrich, inside strip, cooked",http://purl.obolibrary.org/obo/FOODON_02000389,ostrich inside strip,accepted,,
172843,"Ostrich, oyster, cooked",http://purl.obolibrary.org/obo/FOODON_02000385,ostrich oyster,accepted,,
172844,"Ostrich, round, raw",http://purl.obolibrary.org/obo/FOODON_02000396,ostrich outside thigh (raw),accepted,,
172845,"Ostrich, tenderloin, raw",http://purl.obolibrary.org/obo/FOODON_02000434,ostrich tenderloin (raw),accepted,,
172846,"Ostrich, tip trimmed, raw",http://purl.obolibrary.org/obo/FOODON_02000394,ostrich tip (raw),accepted,,
172847,"Turkey, ground, fat free, raw",http://purl.obolibrary.org/obo/FOODON_02020578,"turkey meat (ground, raw)",flagged,USDA term is outside the edible branches,review loop 2026-09-28
172848,"Turkey, ground, fat free, pan-broiled crumbles",http://purl.obolibrary.org/obo/FOODON_02020577,turkey meat (ground),accepted,,
172849,"Turkey, ground, fat free, patties, broiled",http://purl.obolibrary.org/obo/FOODON_02020577,turkey meat (ground),accepted,,
172850,"Turkey, ground, 93% lean, 7% fat, raw",http://purl.obolibrary.org/obo/FOODON_02020577,turkey meat (ground),accepted,,
172851,"Turkey, ground, 93% lean, 7% fat, pan-broiled crumbles",http://purl.obolibrary.org/obo/FOODON_02020577,turkey meat (ground),accepted,,
172852,"Chicken, broilers or fryers, dark meat, drumstick, meat only, cooked, braised",http://purl.obolibrary.org/obo/FOODON_02020269,piece of chicken drumstick (skinless),accepted,,
172853,"Chicken, broilers or fryers, dark meat, thigh, meat only, cooked, braised",http://purl.obolibrary.org/obo/FOODON_02020287,piece of chicken thigh (skinless),accepted,,
172854,"Chicken, skin (drumsticks and thighs), cooked, braised",http://purl.obolibrary.org/obo/FOODON_00002673,piece of chicken skin,accepted,,
172855,"Chicken, skin (drumsticks and thighs), raw",http://purl.obolibrary.org/obo/FOODON_03303009,piece of chicken skin (raw),accepted,,
172856,"Chicken, dark meat, drumstick, meat only, with added solution, cooked, roasted",,,none,,
172857,"Chicken, dark meat, drumstick, meat only, with added solution, cooked, braised",,,none,,
172858,"Chicken, dark meat, thigh, meat only, with added solution, cooked, braised",,,none,,
172859,"Chicken, dark meat, thigh, meat only, with added solution, raw",,,none,,
172860,"Chicken, dark meat, drumstick, meat and skin, with added solution, raw",,,none,,
172861,"Chicken, dark meat, drumstick, meat and skin, with added solution, cooked, roasted",,,none,,
172862,"Chicken, dark meat, thigh, meat and skin, with added solution, cooked, braised",,,none,,
172863,"Chicken, dark meat, thigh, meat and skin, with added solution, raw",,,none,,
172864,"Turkey from whole, light meat, meat only, with added solution, raw",,,none,,
172865,"Turkey from whole, light meat, meat only, with added solution, cooked, roasted",,,none,,
172866,"Turkey, skin from whole (light and dark), with added solution, raw",,,none,,
172867,"Turkey, skin from whole, (light and dark), with added solution, roasted",,,none,,
172868,"Turkey, whole, meat only, with added solution, raw",,,none,,
172869,"Turkey, whole, meat only, with added solution, roasted",,,none,,
172870,"Turkey, whole, meat and skin, with added solution, raw",,,none,,
172871,"Turkey, whole, meat and skin, with added solution, roasted",,,none,,
172872,"Turkey, retail parts, wing, meat only, cooked, roasted",http://purl.obolibrary.org/obo/FOODON_02020620,piece(s) of turkey wing (skinless),accepted,,
172873,"Turkey, skin, from retail parts, from dark meat, raw",http://purl.obolibrary.org/obo/FOODON_02020596,piece(s) of turkey skin (raw),accepted,,
172874,"Turkey, skin, from retail parts, from dark meat, cooked, roasted",http://purl.obolibrary.org/obo/FOODON_02020588,piece(s) of turkey skin,accepted,,
172875,"Turkey, retail parts, drumstick, meat only, raw",http://purl.obolibrary.org/obo/FOODON_02020622,"piece(s) of turkey drumstick (skinless, raw)",accepted,,
172876,"Turkey, breast, from whole bird, meat only, with added solution, raw",,,none,,
172877,"Turkey, retail parts, thigh, meat only, cooked, roasted",http://purl.obolibrary.org/obo/FOODON_02020617,piece(s) of turkey thigh (skinless),accepted,,
172878,"Turkey, retail parts, drumstick, meat only, cooked, roasted",http://purl.obolibrary.org/obo/FOODON_02020618,piece(s) of turkey drumstick (skinless),accepted,,
172879,"Sauce, plum, ready-to-serve",,,none,,
172880,"Sauce, pizza, canned, ready-to-serve",http://purl.obolibrary.org/obo/FOODON_03306786,pizza sauce,added,FoodOn names it through a safe un-inverted form,review loop 2026-09-28
172881,"Soup, tomato bisque, canned, condensed",,,none,,
172882,"Soup, tomato, canned, condensed",http://purl.obolibrary.org/obo/FOODON_03304909,tomato soup,added,FoodOn names it through a safe un-inverted form,review loop 2026-09-28
172883,"Soup, stock, beef, home-prepared",,,none,,
172884,"Soup, stock, chicken, home-prepared",,,none,,
172885,"Soup, stock, fish, home-prepared",,,none,,
172886,"Sauce, hoisin, ready-to-serve",http://purl.obolibrary.org/obo/FOODON_00002526,hoisin sauce,added,FoodOn names it through a safe un-inverted form,review loop 2026-09-28
172887,"Soup, cream of mushroom, canned, condensed, reduced sodium",http://purl.obolibrary.org/obo/FOODON_03305128,cream of mushroom soup,added,FoodOn names it through a safe un-inverted form,review loop 2026-09-28
172888,"Soup, chicken broth, less/reduced sodium, ready to serve",,,none,,
172889,"Soup, beef broth, less/reduced sodium, ready to serve",,,none,,
172890,"Sauce, teriyaki, ready-to-serve, reduced sodium",http://purl.obolibrary.org/obo/FOODON_03306566,teriyaki sauce,added,FoodOn names it through a safe un-inverted form,review loop 2026-09-28
172891,"Soup, cream of asparagus, canned, prepared with equal volume milk",http://purl.obolibrary.org/obo/FOODON_03305126,cream of asparagus soup,added,FoodOn names it through a safe un-inverted form,review loop 2026-09-28
172892,"Soup, chicken vegetable with potato and cheese, chunky, ready-to-serve",,,none,,
172893,"Soup, cream of celery, canned, prepared with equal volume milk",http://purl.obolibrary.org/obo/FOODON_03310560,cream of celery soup,added,FoodOn names it through a safe un-inverted form,review loop 2026-09-28
172894,"Soup, cheese, canned, prepared with equal volume milk",http://purl.obolibrary.org/obo/FOODON_00003018,cheese soup,added,FoodOn names it through a safe un-inverted form,review loop 2026-09-28
172895,"Soup, oyster stew, canned, prepared with equal volume milk",,,none,,
172896,"Soup, pea, green, canned, prepared with equal volume milk",http://purl.obolibrary.org/obo/FOODON_03304927,pea soup,added,FoodOn names it through a safe un-inverted form,review loop 2026-09-28
172897,"Soup, cream of potato, canned, prepared with equal volume milk",http://purl.obolibrary.org/obo/FOODON_03305133,cream of potato soup,added,FoodOn names it through a safe un-inverted form,review loop 2026-09-28
172898,"Soup, cream of shrimp, canned, prepared with equal volume low fat (2%) milk",,,none,,
172899,"Soup, HEALTHY CHOICE Chicken and Rice Soup, canned",,,none,,
172900,"Soup, HEALTHY CHOICE Garden Vegetable Soup, canned",,,none,,
172901,"CAMPBELL'S, Cream of Mushroom Soup, condensed",,,none,,
172902,"Soup, tomato bisque, canned, prepared with equal volume milk",,,none,,
172903,"Soup, black bean, canned, prepared with equal volume water",,,none,,
172904,"Soup, bean with pork, canned, prepared with equal volume water",,,none,,
172905,"Soup, bean with frankfurters, canned, prepared with equal volume water",,,none,,
172906,"Soup, beef noodle, canned, prepared with equal volume water",http://purl.obolibrary.org/obo/FOODON_03304924,beef noodle soup,added,FoodOn names it through a safe un-inverted form,review loop 2026-09-28
172907,"Soup, cream of celery, canned, prepared with equal volume water",http://purl.obolibrary.org/obo/FOODON_03310560,cream of celery soup,added,FoodOn names it through a safe un-inverted form,review loop 2026-09-28
172908,"Soup, chicken gumbo, canned, prepared with equal volume water",http://purl.obolibrary.org/obo/FOODON_03304903,chicken gumbo soup,added,FoodOn names it through a safe un-inverted form,review loop 2026-09-28
172909,"Soup, chicken noodle, canned, prepared with equal volume water",http://purl.obolibrary.org/obo/FOODON_03302730,chicken noodle soup,added,FoodOn names it through a safe un-inverted form,review loop 2026-09-28
172910,"Soup, chicken with rice, canned, prepared with equal volume water",,,none,,
172911,"Soup, chili beef, canned, prepared with equal volume water",,,none,,
172912,"CAMPBELL'S CHUNKY, Old Fashioned Vegetable Beef Soup",,,none,,
172913,"Soup, minestrone, canned, prepared with equal volume water",http://purl.obolibrary.org/obo/FOODON_03304952,minestrone soup,added,FoodOn names it through a safe un-inverted form,review loop 2026-09-28
172914,"Soup, mushroom barley, canned, prepared with equal volume water",,,none,,
172915,"Soup, cream of mushroom, canned, prepared with equal volume water",http://purl.obolibrary.org/obo/FOODON_03305128,cream of mushroom soup,added,FoodOn names it through a safe un-inverted form,review loop 2026-09-28
172916,"Soup, pea, split with ham, canned, prepared with equal volume water",http://purl.obolibrary.org/obo/FOODON_03304927,pea soup,added,FoodOn names it through a safe un-inverted form,review loop 2026-09-28
172917,"Soup, cream of potato, canned, prepared with equal volume water",http://purl.obolibrary.org/obo/FOODON_03305133,cream of potato soup,added,FoodOn names it through a safe un-inverted form,review loop 2026-09-28
172918,"Soup, cream of shrimp, canned, prepared with equal volume water",,,none,,
172919,"Soup, tomato beef with noodle, canned, prepared with equal volume water",,,none,,
172920,"Soup, tomato rice, canned, prepared with equal volume water",,,none,,
172921,"Soup, vegetable with beef broth, canned, prepared with equal volume water",,,none,,
172922,"Soup, beef broth or bouillon, powder, prepared with water",,,none,,
172923,"Soup, beef broth, cubed, prepared with water",,,none,,
172924,"Soup, chicken broth or bouillon, dry, prepared with water",,,none,,
172925,"Soup, chicken noodle, dry, mix, prepared with water",http://purl.obolibrary.org/obo/FOODON_03302730,chicken noodle soup,added,FoodOn names it through a safe un-inverted form,review loop 2026-09-28
172926,"Olive loaf, pork",,,none,,
172927,"Pastrami, turkey",http://purl.obolibrary.org/obo/FOODON_00005554,turkey pastrami,accepted,,
172928,"Pate, chicken liver, canned",http://purl.obolibrary.org/obo/FOODON_03303695,liver paste (canned),flagged,The FoodOn name lacks the USDA food's main word (pate).,review loop 2026-09-28
172929,"Pate, goose liver, smoked, canned",http://purl.obolibrary.org/obo/FOODON_03306998,goose liver paste,flagged,The FoodOn name lacks the USDA food's main word (pate).,review loop 2026-09-28
172930,"Pate, liver, not specified, canned",,,none,,
172931,"Luxury loaf, pork",http://purl.obolibrary.org/obo/FOODON_00005588,pork loaf,flagged,USDA term shares no content word with the USDA name,review loop 2026-09-28
172932,"Mother's loaf, pork",http://purl.obolibrary.org/obo/FOODON_00005588,pork loaf,flagged,"The FoodOn name lacks the USDA food's main word (mother, s).",review loop 2026-09-28
172933,"Picnic loaf, pork, beef",,,none,,
172934,"Pork sausage, link/patty, unprepared",http://purl.obolibrary.org/obo/FOODON_00005560,pork sausage link,accepted,,
172935,"Salami, cooked, beef",http://purl.obolibrary.org/obo/FOODON_00005534,beef salami,accepted,,
172936,"Salami, cooked, beef and pork",,,none,,
172937,"Salami, cooked, turkey",http://purl.obolibrary.org/obo/FOODON_00005535,turkey salami,accepted,,
172938,"Salami, dry or hard, pork",http://purl.obolibrary.org/obo/FOODON_00005536,pork salami,accepted,,
172939,"Sausage, smoked link sausage, pork and beef (nonfat dry milk added)",,,none,,
172940,"Thuringer, cervelat, summer sausage, beef, pork",,,none,,
172941,"Turkey breast, sliced, prepackaged",http://purl.obolibrary.org/obo/FOODON_02020514,piece of turkey breast,accepted,,
172942,"Sausage, Vienna, canned, chicken, beef, pork",http://purl.obolibrary.org/obo/FOODON_03302012,frankfurter,added,FoodOn names it through a safe un-inverted form,review loop 2026-09-28
172943,"Honey roll sausage, beef",,,none,,
172944,"Oscar Mayer, Braunschweiger Liver Sausage (sliced)",,,none,,
172945,"Oscar Mayer, Chicken Breast (honey glazed)",,,none,,
172946,"Oscar Mayer, Ham (chopped with natural juice)",,,none,,
172947,"Oscar Mayer, Salami (hard)",,,none,,
172948,"Sausage, turkey, pork, and beef, low fat, smoked",,,added,FoodOn names it through a safe un-inverted form,review loop 2026-09-28
172949,"Frankfurter, beef, pork, and turkey, fat free",http://purl.obolibrary.org/obo/FOODON_03302012,frankfurter,added,FoodOn names it through a safe un-inverted form,review loop 2026-09-28
172950,"Luncheon meat, pork, ham, and chicken, minced, canned, reduced sodium, added ascorbic acid, includes SPAM, 25% less sodium",,,none,,
172951,"Luncheon meat, pork with ham, minced, canned, includes Spam (Hormel)",,,none,,
172952,"Sausage, Italian, sweet, links",http://purl.obolibrary.org/obo/FOODON_03317294,italian sausage,added,FoodOn names it through a safe un-inverted form,review loop 2026-09-28
172953,"Sausage, Polish, beef with chicken, hot",http://purl.obolibrary.org/obo/FOODON_00002728,Kielbasa,added,FoodOn names it through a safe un-inverted form,review loop 2026-09-28
172954,"Sausage, Polish, pork and beef, smoked",http://purl.obolibrary.org/obo/FOODON_00002728,Kielbasa,added,FoodOn names it through a safe un-inverted form,review loop 2026-09-28
172955,"Sausage, pork and beef, with cheddar cheese, smoked",,,none,,
172956,"Bratwurst, beef and pork, smoked",,,none,,
172957,"Bratwurst, chicken, cooked",http://purl.obolibrary.org/obo/FOODON_00005525,chicken bratwurst,accepted,,
172958,"Bratwurst, pork, beef and turkey, lite, smoked",http://purl.obolibrary.org/obo/FOODON_00002911,bratwurst,added,FoodOn names it through a safe un-inverted form,review loop 2026-09-28
172959,"Pastrami, beef, 98% fat-free",http://purl.obolibrary.org/obo/FOODON_00003884,pastrami,accepted,,
172960,"Yachtwurst, with pistachio nuts, cooked",,,none,,
172961,"Beerwurst, pork and beef",,,none,,
172962,"Chicken breast, fat-free, mesquite flavor, sliced",http://purl.obolibrary.org/obo/FOODON_02020250,piece of chicken breast,accepted,,
172963,"Chicken breast, oven-roasted, fat-free, sliced",http://purl.obolibrary.org/obo/FOODON_02020250,piece of chicken breast,accepted,,
172964,"Frankfurter, pork",http://purl.obolibrary.org/obo/FOODON_00004095,pork frankfurter,added,FoodOn names it through a safe un-inverted form,review loop 2026-09-28
172965,"Macaroni and cheese loaf, chicken, pork and beef",,,none,,
172966,"Salami, Italian, pork and beef, dry, sliced, 50% less sodium",,,none,,
172967,"Pate, truffle flavor",,,none,,
172968,"Frankfurter, meat",,,none,,
172969,"Scrapple, pork",,,none,,
172970,"Bologna, chicken, turkey, pork",http://purl.obolibrary.org/obo/FOODON_03306503,bologna,added,FoodOn names it through a safe un-inverted form,review loop 2026-09-28
172971,"Pork sausage, link/patty, fully cooked, microwaved",http://purl.obolibrary.org/obo/FOODON_00005560,pork sausage link,accepted,,
172972,"Cereals, QUAKER, QUAKER MultiGrain Oatmeal, dry",,,none,,
172973,"Cereals ready-to-eat, chocolate-flavored frosted puffed corn",,,none,,
172974,"Cereals ready-to-eat, QUAKER, Toasted Multigrain Crisps",,,none,,
172975,"Cereals ready-to-eat, QUAKER, QUAKER 100% Natural Granola with Oats, Wheat, Honey, and Raisins",,,none,,
172976,"Cereals ready-to-eat, QUAKER, Low Fat 100% Natural Granola with Raisins",,,none,,
172977,"Cereals, QUAKER, Instant Grits, Butter flavor, dry",,,none,,
172978,"Cereals, Oat Bran, QUAKER, QUAKER/MOTHER'S Oat Bran, prepared with water, salt",http://purl.obolibrary.org/obo/FOODON_00003774,oat bran,accepted,,
172979,"Cereals, QUAKER, QUAKER MultiGrain Oatmeal, prepared with water, no salt",,,none,,
172980,"Cereals, QUAKER, QUAKER MultiGrain Oatmeal, prepared with water, salt",,,none,,
172981,"Cereals ready-to-eat, HEALTH VALLEY, FIBER 7 Flakes",,,none,,
172982,"Cereals ready-to-eat, MALT-O-MEAL, BERRY COLOSSAL CRUNCH",,,none,,
172983,"Cereals ready-to-eat, MALT-O-MEAL, Crispy Rice",,,none,,
172984,"Cereals ready-to-eat, MALT-O-MEAL, TOOTIE FRUITIES",,,none,,
172985,"Cereals ready-to-eat, QUAKER, MOTHER'S PEANUT BUTTER BUMPERS Cereal",,,none,,
172986,"Cereals ready-to-eat, QUAKER, MOTHER'S Toasted Oat Bran cereal",http://purl.obolibrary.org/obo/FOODON_00005553,oat bran cereal,flagged,"The FoodOn name lacks the USDA food's main word (ready, eat).",review loop 2026-09-28
172987,"Cereals ready-to-eat, QUAKER, Shredded Wheat, bagged cereal",http://purl.obolibrary.org/obo/FOODON_03303943,shredded wheat breakfast cereal,accepted,,
172988,"Cereals ready-to-eat, SUN COUNTRY, KRETSCHMER Wheat Germ, Regular",http://purl.obolibrary.org/obo/FOODON_00005558,wheat germ cereal,accepted,,
172989,"Cereals, QUAKER, Quick Oats, Dry",http://purl.obolibrary.org/obo/FOODON_00005568,quick oats,accepted,,
172990,"Cereals ready-to-eat, MALT-O-MEAL, Frosted Flakes",,,none,,
172991,"Cereals, QUAKER, Instant Oatmeal, Raisin and Spice, dry",,,none,,
172992,"Cereals, QUAKER, Instant Grits, Redeye Gravy & Country Ham flavor, dry",,,none,,
172993,"Cereals, QUAKER, Instant Grits Product with American Cheese Flavor, dry",,,none,,
172994,"Cereals, QUAKER, Instant Grits, Ham 'n' Cheese flavor, dry",,,none,,
172995,"Cereals ready-to-eat, MALT-O-MEAL, HONEY GRAHAM SQUARES",,,none,,
172996,"Cereals ready-to-eat, MALT-O-MEAL, Raisin Bran Cereal",,,none,,
172997,"Cereals ready-to-eat, MALT-O-MEAL, Blueberry MUFFIN TOPS Cereal",,,none,,
172998,"Cereals, MALT-O-MEAL, Farina Hot Wheat Cereal, dry",http://purl.obolibrary.org/obo/FOODON_03302621,farina,accepted,,
172999,"Cereals, MALT-O-MEAL, Maple & Brown Sugar Hot Wheat Cereal, dry",,,none,,
173000,"Cereals ready-to-eat, MALT-O-MEAL, Frosted Mini SPOONERS",,,none,,
173001,"Cereals ready-to-eat, MALT-O-MEAL, Fruity DYNO-BITES",,,none,,
173002,"Cereals ready-to-eat, RALSTON Enriched Wheat Bran flakes",,,none,,
173003,"Cereals ready-to-eat, RALSTON Corn Biscuits",,,none,,
173004,"Cereals, MALT-O-MEAL, chocolate, prepared with water, without salt",,,none,,
173005,"Cereals ready-to-eat, POST GREAT GRAINS Cranberry Almond Crunch",,,none,,
173006,Rice and Wheat cereal bar,,,none,,
173007,"Cereals ready-to-eat, QUAKER, QUAKER Honey Graham LIFE Cereal",,,none,,
173008,"Cereals, CREAM OF WHEAT, 2 1/2 minute cook time, cooked with water, stove-top, without salt",http://purl.obolibrary.org/obo/FOODON_00005563,cream of wheat,accepted,,
173009,"Cereals, CREAM OF WHEAT, 2 1/2 minute cook time, cooked with water, microwaved, without salt",http://purl.obolibrary.org/obo/FOODON_00005563,cream of wheat,accepted,,
173010,"Cereals, CREAM OF WHEAT, 1 minute cook time, dry",http://purl.obolibrary.org/obo/FOODON_03309886,cream of wheat (dry),accepted,,
173011,"Cereals, CREAM OF WHEAT, 1 minute cook time, cooked with water, stove-top, without salt",http://purl.obolibrary.org/obo/FOODON_00005563,cream of wheat,accepted,,
173012,"Cereals, CREAM OF WHEAT, 1 minute cook time, cooked with water, microwaved, without salt",http://purl.obolibrary.org/obo/FOODON_00005563,cream of wheat,accepted,,
173013,"Cereals ready-to-eat, QUAKER, Cap'n Crunch's OOPS! All Berries Cereal",,,none,,
173014,"Cereals ready-to-eat, QUAKER Oatmeal Squares, Golden Maple",,,none,,
173015,"Cereals ready-to-eat, POST, HONEY BUNCHES OF OATS with vanilla bunches",,,none,,
173016,"Cereals, QUAKER, Instant Oatmeal, Cinnamon Spice, reduced sugar",,,none,,
173017,"Cereals ready-to-eat, NATURE'S PATH, Organic FLAX PLUS flakes",,,none,,
173018,"Cereals ready-to-eat, BARBARA'S PUFFINS, original",,,none,,
173019,"Cereals ready-to-eat, POST, HONEY BUNCHES OF OATS, with real strawberries",,,none,,
173020,"Cereals ready-to-eat, POST HONEY BUNCHES OF OATS with cinnamon bunches",,,none,,
173021,"Figs, raw",http://purl.obolibrary.org/obo/FOODON_03301804,fig (raw),accepted,,
173022,"Figs, canned, water pack, solids and liquids",http://purl.obolibrary.org/obo/FOODON_03316796,fig (canned),accepted,,
173023,"Figs, canned, light syrup pack, solids and liquids",,,none,,
173024,"Figs, canned, heavy syrup pack, solids and liquids",,,none,,
173025,"Figs, canned, extra heavy syrup pack, solids and liquids",,,none,,
173026,"Fruit cocktail, (peach and pineapple and pear and grape and cherry), canned, extra light syrup, solids and liquids",,,none,,
173027,"Fruit cocktail, (peach and pineapple and pear and grape and cherry), canned, light syrup, solids and liquids",,,none,,
173028,"Fruit cocktail, (peach and pineapple and pear and grape and cherry), canned, heavy syrup, solids and liquids",,,none,,
173029,"Fruit cocktail, (peach and pineapple and pear and grape and cherry), canned, extra heavy syrup, solids and liquids",,,none,,
173030,"Gooseberries, raw",http://purl.obolibrary.org/obo/FOODON_00005310,gooseberry (raw),accepted,,
173031,"Gooseberries, canned, light syrup pack, solids and liquids",,,none,,
173032,"Goji berries, dried",http://purl.obolibrary.org/obo/FOODON_00004359,goji berry food product,flagged,USDA term is outside the edible branches,review loop 2026-09-28
173033,"Grapefruit, raw, pink and red and white, all areas",http://purl.obolibrary.org/obo/FOODON_03301702,grapefruit (raw),accepted,,
173034,"Grapefruit, raw, white, Florida",http://purl.obolibrary.org/obo/FOODON_03311297,white grapefruit (raw),accepted,,
173035,"Grapefruit, sections, canned, water pack, solids and liquids",http://purl.obolibrary.org/obo/FOODON_03305994,grapefruit (canned),accepted,,
173036,"Grapefruit, sections, canned, juice pack, solids and liquids",http://purl.obolibrary.org/obo/FOODON_03305994,grapefruit (canned),accepted,,
173037,"Grapefruit, sections, canned, light syrup pack, solids and liquids",,,none,,
173038,"Grapefruit juice, pink or red, with added calcium",http://purl.obolibrary.org/obo/FOODON_03309762,pink grapefruit juice,accepted,,
173039,"Grapefruit juice, white, raw",http://purl.obolibrary.org/obo/FOODON_00003293,white grapefruit juice,accepted,,
173040,"Grapes, muscadine, raw",http://purl.obolibrary.org/obo/FOODON_03304854,muscadine grape (raw),accepted,,
173041,"Grape juice, canned or bottled, unsweetened, with added ascorbic acid",http://purl.obolibrary.org/obo/FOODON_03301127,grape juice,flagged,The FoodOn name adds a process the USDA name does not state (reconstituted).,review loop 2026-09-28
173042,"Grape juice, canned or bottled, unsweetened, without added ascorbic acid",http://purl.obolibrary.org/obo/FOODON_03301127,grape juice,accepted,,
173043,"Groundcherries, (cape-gooseberries or poha), raw",http://purl.obolibrary.org/obo/FOODON_00005187,ground cherry (raw),flagged,USDA term shares no content word with the USDA name,review loop 2026-09-28
173044,"Guavas, common, raw",http://purl.obolibrary.org/obo/FOODON_03305317,guava (raw),accepted,,
173045,"Guavas, strawberry, raw",http://purl.obolibrary.org/obo/FOODON_00004225,strawberry guava (raw),accepted,,
173046,"Beef, top loin petite roast, boneless, separable lean only, trimmed to 1/8"" fat, all grades, cooked, roasted",http://purl.obolibrary.org/obo/FOODON_02000131,beef strip petite roast,accepted,,
173047,"Beef, top loin petite roast, boneless, separable lean only, trimmed to 1/8"" fat, choice, cooked, roasted",http://purl.obolibrary.org/obo/FOODON_02000131,beef strip petite roast,accepted,,
173048,"Beef, top loin petite roast, boneless, separable lean only, trimmed to 1/8"" fat, select, cooked, roasted",http://purl.obolibrary.org/obo/FOODON_02000131,beef strip petite roast,accepted,,
173049,"Beef, top loin petite roast/filet, boneless, separable lean only, trimmed to 1/8"" fat, all grades, raw",http://purl.obolibrary.org/obo/FOODON_02000132,beef strip petite roast (raw),accepted,,
173050,"Beef, loin, top sirloin filet, boneless, separable lean only, trimmed to 0"" fat, select, cooked, grilled",http://purl.obolibrary.org/obo/FOODON_02000155,beef top sirloin fillet,accepted,,
173051,"Beef, loin, top sirloin petite roast, boneless, separable lean only, trimmed to 0"" fat, all grades, cooked, roasted",http://purl.obolibrary.org/obo/FOODON_02000153,beef top sirloin petite roast,accepted,,
173052,"Beef, loin, top sirloin petite roast, boneless, separable lean only, trimmed to 0"" fat, select, cooked, roasted",http://purl.obolibrary.org/obo/FOODON_02000153,beef top sirloin petite roast,accepted,,
173053,"Beef, loin, top sirloin petite roast/filet, boneless, separable lean only, trimmed to 0"" fat, all grades, raw",http://purl.obolibrary.org/obo/FOODON_02000154,beef top sirloin petite roast (raw),accepted,,
173054,"Beef, ribeye cap steak, boneless, separable lean only, trimmed to 0"" fat, all grades, cooked, grilled",http://purl.obolibrary.org/obo/FOODON_02000217,beef ribeye cap steak,accepted,,
173055,"Beef, ribeye cap steak, boneless, separable lean only, trimmed to 0"" fat, choice, cooked, grilled",http://purl.obolibrary.org/obo/FOODON_02000217,beef ribeye cap steak,accepted,,
173056,"Beef, ribeye cap steak, boneless, separable lean only, trimmed to 0"" fat, select, cooked, grilled",http://purl.obolibrary.org/obo/FOODON_02000217,beef ribeye cap steak,accepted,,
173057,"Beef, ribeye cap steak, boneless, separable lean only, trimmed to 0"" fat, all grades, raw",http://purl.obolibrary.org/obo/FOODON_02000218,beef ribeye cap steak (raw),accepted,,
173058,"Beef, ribeye petite roast, boneless, separable lean only, trimmed to 0"" fat, all grades, cooked, roasted",http://purl.obolibrary.org/obo/FOODON_02000213,beef ribeye petite roast,accepted,,
173059,"Beef, ribeye petite roast, boneless, separable lean only, trimmed to 0"" fat, choice, cooked, roasted",http://purl.obolibrary.org/obo/FOODON_02000213,beef ribeye petite roast,accepted,,
173060,"Beef, ribeye petite roast, boneless, separable lean only, trimmed to 0"" fat, select, cooked, roasted",http://purl.obolibrary.org/obo/FOODON_02000213,beef ribeye petite roast,accepted,,
173061,"Beef, loin, top sirloin cap steak, boneless, separable lean and fat, trimmed to 1/8"" fat, all grades, cooked, grilled",http://purl.obolibrary.org/obo/FOODON_02000157,beef culotte steak,accepted,,
173062,"Beef, loin, top sirloin cap steak, boneless, separable lean and fat, trimmed to 1/8"" fat, select, raw",http://purl.obolibrary.org/obo/FOODON_02000158,beef culotte steak (raw),accepted,,
173063,"Beef, top loin filet, boneless, separable lean and fat, trimmed to 1/8"" fat, all grades, cooked, grilled",http://purl.obolibrary.org/obo/FOODON_02000133,beef strip fillet,accepted,,
173064,"Beef, top loin filet, boneless, separable lean and fat, trimmed to 1/8"" fat, choice, cooked, grilled",http://purl.obolibrary.org/obo/FOODON_02000133,beef strip fillet,accepted,,
173065,"Beef, top loin filet, boneless, separable lean and fat, trimmed to 1/8"" fat, select, cooked, grilled",http://purl.obolibrary.org/obo/FOODON_02000133,beef strip fillet,accepted,,
173066,"Beef, top loin petite roast/filet, boneless, separable lean and fat, trimmed to 1/8"" fat, choice, raw",http://purl.obolibrary.org/obo/FOODON_02000132,beef strip petite roast (raw),accepted,,
173067,"Beef, top loin petite roast/filet, boneless, separable lean and fat, trimmed to 1/8"" fat, select, raw",http://purl.obolibrary.org/obo/FOODON_02000132,beef strip petite roast (raw),accepted,,
173068,"Beef, Australian, imported, grass-fed, ground, 85% lean / 15% fat, raw",http://purl.obolibrary.org/obo/FOODON_00001282,beef (ground),accepted,,
173069,"Beef, loin, top loin steak, boneless, lip-on, separable lean only, trimmed to 1/8"" fat, choice, cooked, grilled",http://purl.obolibrary.org/obo/FOODON_02000127,beef strip steak (boneless),accepted,,
173070,"Beef, loin, top loin steak, boneless, lip-on, separable lean only, trimmed to 1/8"" fat, select, cooked, grilled",http://purl.obolibrary.org/obo/FOODON_02000127,beef strip steak (boneless),accepted,,
173071,"Beef, loin, top loin steak, boneless, lip-on, separable lean only, trimmed to 1/8"" fat, all grades, cooked, grilled",http://purl.obolibrary.org/obo/FOODON_02000127,beef strip steak (boneless),accepted,,
173072,"Beef, loin, top loin steak, boneless, lip-on, separable lean and fat, trimmed to 1/8"" fat, choice, raw",http://purl.obolibrary.org/obo/FOODON_02000128,"beef strip steak (boneless, raw)",accepted,,
173073,"Beef, New Zealand, imported, brisket point end, separable lean only, cooked, braised",http://purl.obolibrary.org/obo/FOODON_02000195,beef brisket point half,accepted,,
173074,"Beef, New Zealand, imported, brisket point end, separable lean only, raw",http://purl.obolibrary.org/obo/FOODON_02000196,beef brisket point half (raw),accepted,,
173075,"Beef, New Zealand, imported, chuck eye roll, separable lean only, raw",http://purl.obolibrary.org/obo/FOODON_02000055,beef chuck eye roll (raw),accepted,,
173076,"Beef, New Zealand, imported, chuck eye roll, separable lean only, cooked, braised",http://purl.obolibrary.org/obo/FOODON_02000054,beef chuck eye roll,accepted,,
173077,"Beef, New Zealand, imported, flank, separable lean only, cooked, braised",http://purl.obolibrary.org/obo/FOODON_02000175,beef flank,accepted,,
173078,"Beef, New Zealand, imported, flank, separable lean only, raw",http://purl.obolibrary.org/obo/FOODON_02000176,beef flank (raw),accepted,,
173079,"Beef, New Zealand, imported, flat, separable lean only, cooked, braised",,,none,,
173080,"Beef, New Zealand, imported, flat, separable lean only, raw",,,none,,
173081,"Beef, New Zealand, imported, variety meats and by-products, heart, cooked, boiled",http://purl.obolibrary.org/obo/FOODON_00004410,beef heart,accepted,,
173082,"Beef, New Zealand, imported, intermuscular fat, cooked",http://purl.obolibrary.org/obo/FOODON_03302092,beef fat,accepted,,
173083,"Beef, New Zealand, imported, intermuscular fat, raw",http://purl.obolibrary.org/obo/FOODON_02020907,beef fat (raw),accepted,,
173084,"Beef, New Zealand, imported, variety meats and by-products, kidney, cooked, boiled",http://purl.obolibrary.org/obo/FOODON_02020912,beef kidney,accepted,,
173085,"Beef, New Zealand, imported, knuckle, cooked, fast fried",http://purl.obolibrary.org/obo/FOODON_02000025,beef sirloin tip,accepted,,
173086,"Beef, New Zealand, imported, manufacturing beef, raw",http://purl.obolibrary.org/obo/FOODON_02000403,piece of beef,accepted,,
173087,"Beef, New Zealand, imported, oyster blade, separable lean only, cooked, braised",http://purl.obolibrary.org/obo/FOODON_00005378,beef oyster blade,accepted,,
173088,"Beef, New Zealand, imported, oyster blade, separable lean only, raw",http://purl.obolibrary.org/obo/FOODON_00005379,beef oyster blade (raw),accepted,,
173089,"Beef, New Zealand, imported, ribs prepared, cooked, fast roasted",http://purl.obolibrary.org/obo/FOODON_02000203,beef rib,accepted,,
173090,"Beef, New Zealand, imported, subcutaneous fat, cooked",http://purl.obolibrary.org/obo/FOODON_03302092,beef fat,accepted,,
173091,"Beef, New Zealand, imported, subcutaneous fat, raw",http://purl.obolibrary.org/obo/FOODON_02020907,beef fat (raw),accepted,,
173092,"Beef, New Zealand, imported, sweetbread, cooked, boiled",http://purl.obolibrary.org/obo/FOODON_00005380,beef sweetbread,accepted,,
173093,"Beef, New Zealand, imported, sweetbread, raw",http://purl.obolibrary.org/obo/FOODON_00005381,beef sweetbread (raw),accepted,,
173094,"Beef, New Zealand, imported, tenderloin, separable lean only, cooked, fast fried",http://purl.obolibrary.org/obo/FOODON_00003302,beef tenderloin,accepted,,
173095,"Beef, New Zealand, imported, variety meats and by-products, tripe cooked, boiled",http://purl.obolibrary.org/obo/FOODON_03315155,tripe food product,flagged,USDA term is outside the edible branches,review loop 2026-09-28
173096,"Beef, New Zealand, imported, variety meats and by-products, tripe uncooked, raw",http://purl.obolibrary.org/obo/FOODON_03304093,beef tripe (raw),accepted,,
173097,"Beef, New Zealand, imported, bolar blade, separable lean and fat, cooked, fast roasted",http://purl.obolibrary.org/obo/FOODON_00005376,beef bolar blade,accepted,,
173098,"Beef, New Zealand, imported, bolar blade, separable lean and fat, raw",http://purl.obolibrary.org/obo/FOODON_00005376,beef bolar blade,accepted,,
173099,"Beef, New Zealand, imported, chuck eye roll, separable lean and fat, cooked, braised",http://purl.obolibrary.org/obo/FOODON_02000054,beef chuck eye roll,accepted,,
173100,"Beef, New Zealand, imported, chuck eye roll, separable lean and fat, raw",http://purl.obolibrary.org/obo/FOODON_02000055,beef chuck eye roll (raw),accepted,,
173101,"Beef, New Zealand, imported, cube roll, separable lean and fat, cooked, fast roasted",http://purl.obolibrary.org/obo/FOODON_02000211,beef ribeye roll,accepted,,
173102,"Beef, New Zealand, imported, cube roll, separable lean and fat, raw",http://purl.obolibrary.org/obo/FOODON_02000212,beef ribeye roll (raw),accepted,,
173103,"Beef, New Zealand, imported, flat, separable lean and fat, raw",,,none,,
173104,"Beef, New Zealand, imported, hind shin, separable lean and fat, cooked, braised",http://purl.obolibrary.org/obo/FOODON_02000197,beef shank,accepted,,
173105,"Beef, New Zealand, imported, hind shin, separable lean and fat, raw",http://purl.obolibrary.org/obo/FOODON_02000198,beef shank (raw),accepted,,
173106,"Beef, New Zealand, imported, oyster blade, separable lean and fat, cooked, braised",http://purl.obolibrary.org/obo/FOODON_00005378,beef oyster blade,accepted,,
173107,"Beef, New Zealand, imported, striploin, separable lean and fat, raw",http://purl.obolibrary.org/obo/FOODON_02000121,beef strip loin (bone-in),accepted,,
173108,"Beef, New Zealand, imported, tenderloin, separable lean and fat, cooked, fast fried",http://purl.obolibrary.org/obo/FOODON_00003302,beef tenderloin,accepted,,
173109,"Beef, New Zealand, imported, tenderloin, separable lean and fat, raw",http://purl.obolibrary.org/obo/FOODON_02000402,beef tenderloin (raw),accepted,,
173110,"Beef, ground, 93% lean meat / 7% fat, raw",http://purl.obolibrary.org/obo/FOODON_03301886,"beef (ground, raw)",accepted,,
173111,"Beef, ground, 97% lean meat / 3% fat, raw",http://purl.obolibrary.org/obo/FOODON_03301886,"beef (ground, raw)",accepted,,
173112,"Beef, ground, 97% lean meat / 3% fat, patty, cooked, broiled",http://purl.obolibrary.org/obo/FOODON_00001282,beef (ground),accepted,,
173113,"Beef, ground, 97% lean meat /3% fat, patty, cooked, pan-broiled",http://purl.obolibrary.org/obo/FOODON_00001282,beef (ground),accepted,,
173114,"Beef, ground, 97% lean meat / 3% fat, loaf, cooked, baked",http://purl.obolibrary.org/obo/FOODON_00001282,beef (ground),accepted,,
173115,"Beef, round, bottom round, steak, separable lean only, trimmed to 1/8"" fat, choice, cooked, braised",http://purl.obolibrary.org/obo/FOODON_02000004,beef bottom round steak,accepted,,
173116,"Beef, short loin, top loin, steak, separable lean only, trimmed to 1/8"" fat, choice, raw",http://purl.obolibrary.org/obo/FOODON_02000130,"beef strip steak (bone-in, raw)",accepted,,
173117,"Beef, tenderloin, steak, separable lean only, trimmed to 1/8"" fat, choice, cooked, broiled",http://purl.obolibrary.org/obo/FOODON_02000143,beef tenderloin steak,accepted,,
173118,"Beef, top sirloin, steak, separable lean only, trimmed to 1/8"" fat, choice, cooked, broiled",http://purl.obolibrary.org/obo/FOODON_02000149,beef top sirloin steak,accepted,,
173119,"Beef, short loin, top loin, steak, separable lean only, trimmed to 1/8"" fat, choice, cooked, broiled",http://purl.obolibrary.org/obo/FOODON_02000127,beef strip steak (boneless),accepted,,
173120,"Beef, round, eye of round, roast, separable lean only, trimmed to 1/8"" fat, select, raw",http://purl.obolibrary.org/obo/FOODON_02000042,beef eye of round roast (raw),accepted,,
173121,"Beef, round, top round, steak, separable lean only, trimmed to 1/8"" fat, select, raw",http://purl.obolibrary.org/obo/FOODON_02000015,beef top round steak (raw),flagged,Found by hand: a top round steak is not an eye of round roast.,review loop 2026-09-28
173122,"Beef, round, bottom round, roast, separable lean only, trimmed to 1/8"" fat, select, raw",http://purl.obolibrary.org/obo/FOODON_02000009,beef bottom round roast (raw),flagged,Found by hand: a bottom round roast is not an eye of round roast.,review loop 2026-09-28
173123,"Beef, rib, small end (ribs 10-12), separable lean only, trimmed to 1/8"" fat, all grades, cooked, broiled",http://purl.obolibrary.org/obo/FOODON_02000229,beef small end rib roast,accepted,,
173124,"Beef, bottom sirloin, tri-tip roast, separable lean only, trimmed to 0"" fat, select, raw",http://purl.obolibrary.org/obo/FOODON_02000164,beef tri-tip roast (raw),accepted,,
173125,"Beef, round, tip round, roast, separable lean only, trimmed to 0"" fat, all grades, raw",http://purl.obolibrary.org/obo/FOODON_02000028,beef sirloin tip roast (raw),accepted,,
173126,"Beef, round, tip round, roast, separable lean only, trimmed to 0"" fat, choice, raw",http://purl.obolibrary.org/obo/FOODON_02000028,beef sirloin tip roast (raw),accepted,,
173127,"Beef, round, tip round, roast, separable lean only, trimmed to 0"" fat, select, raw",http://purl.obolibrary.org/obo/FOODON_02000028,beef sirloin tip roast (raw),accepted,,
173128,"Beef, brisket, flat half, separable lean and fat, trimmed to 1/8"" fat, choice, raw",http://purl.obolibrary.org/obo/FOODON_02000192,beef brisket flat half (raw),accepted,,
173129,"Beef, brisket, flat half, separable lean and fat, trimmed to 1/8"" fat, select, raw",http://purl.obolibrary.org/obo/FOODON_02000192,beef brisket flat half (raw),accepted,,
173130,"Beef, brisket, flat half, separable lean and fat, trimmed to 1/8"" fat, choice, cooked, braised",http://purl.obolibrary.org/obo/FOODON_02000191,beef brisket flat half,accepted,,
173131,"Snacks, popcorn, microwave, 94% fat free",,,none,,
173132,"Formulated bar, MARS SNACKFOOD US, SNICKERS MARATHON Double Chocolate Nut Bar",,,none,,
173133,"Snacks, M&M MARS, KUDOS Whole Grain Bars, peanut butter",,,none,,
173134,"Formulated bar, MARS SNACKFOOD US, SNICKERS MARATHON Honey Nut Oat Bar",,,none,,
173135,"Snacks, M&M MARS, KUDOS Whole Grain Bar, M&M's milk chocolate",,,none,,
173136,"Formulated bar, MARS SNACKFOOD US, SNICKERS MARATHON Energy Bar, all flavors",,,none,,
173137,"Formulated bar, POWER BAR, chocolate",,,none,,
173138,"Formulated bar, MARS SNACKFOOD US, COCOAVIA, Chocolate Blueberry Snack Bar",,,none,,
173139,"Formulated bar, SLIM-FAST OPTIMA meal bar, milk chocolate peanut",,,none,,
173140,"Snacks, soy chips or crisps, salted",,,none,,
173141,"Popcorn, microwave, regular (butter) flavor, made with palm oil",,,none,,
173142,"Snacks, plantain chips, salted",,,none,,
173143,"Tortilla chips, yellow, plain, salted",,,none,,
173144,"Snacks, granola bar, KASHI GOLEAN, crunchy, mixed flavors",,,none,,
173145,"Snacks, granola bar, chewy, reduced sugar, all flavors",,,none,,
173146,"Snacks, granola bites, mixed flavors",,,none,,
173147,"Snacks, pita chips, salted",,,none,,
173148,"Snacks, granola bars, soft, almond, confectioners coating",,,none,,
173149,"Formulated bar, high fiber, chewy, oats and chocolate",,,none,,
173150,"Snacks, bagel chips, plain",,,none,,
173151,"Snacks, NUTRI-GRAIN FRUIT AND NUT BAR",,,none,,
173152,"Snacks, yucca (cassava) chips, salted",,,none,,
173153,"Snacks, granola bar, GENERAL MILLS, NATURE VALLEY, CHEWY TRAIL MIX",,,none,,
173154,"Snacks, granola bar, QUAKER, DIPPS, all flavors",,,none,,
173155,"Snacks, brown rice chips",,,none,,
173156,"Snack, Pretzel, hard chocolate coated",,,none,,
173157,"Snacks, peas, roasted, wasabi-flavored",,,none,,
173158,"Formulated Bar, SOUTH BEACH protein bar",,,none,,
173159,"Snack, BALANCE, original bar",,,none,,
173160,"Snacks, shrimp cracker",,,none,,
173161,Rice crackers,,,none,,
173162,"Beverages, MONSTER energy drink, low carb",,,none,,
173163,"Beverages, Whiskey sour mix, powder",,,none,,
173164,"Alcoholic beverage, whiskey sour, prepared with water, whiskey and powder mix",,,none,,
173165,"Beverages, THE COCA-COLA COMPANY, NOS energy drink, Original, grape, loaded cherry, charged citrus, fortified with vitamins B6 and B12",,,none,,
173166,"Beverages, water, bottled, yumberry, pomegranate with anti-oxidants, zero calories",,,none,,
173167,"Beverages, ABBOTT, EAS whey protein powder",,,none,,
173168,"Alcoholic beverage, creme de menthe, 72 proof",,,none,,
173169,"Beverages, NESTLE, Boost plus, nutritional drink, ready-to-drink",,,none,,
173170,"Beverages, SLIMFAST, Meal replacement,  High Protein Shake, Ready-To-Drink, 3-2-1 plan",,,none,,
173171,"Beverages, UNILEVER, SLIMFAST, meal replacement, regular, ready-to-drink,  3-2-1 Plan",,,none,,
173172,"Beverages, UNILEVER, SLIMFAST Shake Mix, powder, 3-2-1 Plan",,,none,,
173173,"Beverages, FUZE, orange mango, fortified with vitamins A, C, E, B6",,,none,,
173174,"Beverages, UNILEVER, SLIMFAST Shake Mix, high protein, whey powder, 3-2-1 Plan,",,,none,,
173175,"Beverages, Acai berry drink, fortified",,,none,,
173176,"Alcoholic beverage, wine, dessert, sweet",,,none,,
173177,"Beverages, Whey protein powder isolate",http://purl.obolibrary.org/obo/FOODON_00005524,whey protein isolate,flagged,The FoodOn name lacks the USDA food's main word (beverage).,review loop 2026-09-28
173178,"Beverages, Orange juice, light, No pulp",http://purl.obolibrary.org/obo/FOODON_00005497,orange juice (without pulp),accepted,,
173179,"Beverages, The COCA-COLA company, Hi-C Flashin' Fruit Punch",,,none,,
173180,"Beverages, Protein powder whey based",http://purl.obolibrary.org/obo/FOODON_00005590,whey-based protein powder,accepted,,
173181,"Beverages, Protein powder soy based",http://purl.obolibrary.org/obo/FOODON_00005589,soy-based protein powder,accepted,,
173182,"Beverages, rich chocolate, powder",,,none,,
173183,"Beverages, GEROLSTEINER BRUNNEN GmbH & Co. KG (Gerolsteiner), naturally sparkling, mineral bottled water",,,none,,
173184,"Beverages, chocolate malt, powder, prepared with fat free milk",,,none,,
173185,"Alcoholic beverage, wine, table, all",,,none,,
173186,"Beverages, V8 SPLASH Smoothies, Peach Mango",,,none,,
173187,"Beverages, chocolate almond milk, unsweetened, shelf-stable, fortified with vitamin D2 and E",,,none,,
173188,"Beverages, The COCA-COLA company, Glaceau Vitamin Water, Revive Fruit Punch, fortified",,,none,,
173189,"Beverages, MINUTE MAID, Lemonada, Limeade",,,none,,
173190,"Alcoholic beverage, wine, table, red",,,none,,
173191,"Alcoholic Beverage, wine, table, red, Barbera",http://purl.obolibrary.org/obo/FOODON_00002629,Barbera wine,accepted,,
173192,"Alcoholic Beverage, wine, table, red, Zinfandel",http://purl.obolibrary.org/obo/FOODON_00002617,Zinfandel wine,accepted,,
173193,"Alcoholic Beverage, wine, table, red, Petite Sirah",http://purl.obolibrary.org/obo/FOODON_00005373,Petite Sirah wine,accepted,,
173194,"Alcoholic Beverage, wine, table, red, Claret",http://purl.obolibrary.org/obo/FOODON_00002641,Bordeaux wine,accepted,,
173195,"Alcoholic beverage, wine, table, white, Chenin Blanc",http://purl.obolibrary.org/obo/FOODON_00002586,Chenin blanc wine,accepted,,
173196,"Alcoholic beverage, wine, table, white, Fume Blanc",http://purl.obolibrary.org/obo/FOODON_00002605,Sauvignon blanc wine,accepted,,
173197,"Beverages, Mixed vegetable and fruit juice drink, with added nutrients",,,none,,
173198,"Alcoholic beverage, wine, table, white, Muller Thurgau",http://purl.obolibrary.org/obo/FOODON_00005372,Muller Thurgau,accepted,,
173199,"Carbonated beverage, cream soda",,,none,,
173200,"Alcoholic beverage, wine, table, white, Riesling",http://purl.obolibrary.org/obo/FOODON_00002601,Riesling wine,accepted,,
173201,"Alcoholic beverage, wine, table, white, Sauvignon Blanc",http://purl.obolibrary.org/obo/FOODON_00002605,Sauvignon blanc wine,accepted,,
173202,"Alcoholic beverage, wine, table, white, late harvest",http://purl.obolibrary.org/obo/FOODON_00005375,late harvest wine,accepted,,
173203,"Beverages, carbonated, grape soda",,,none,,
173204,"Beverages, carbonated, low calorie, other than cola or pepper,  without caffeine",,,none,,
173205,"Beverages, carbonated, lemon-lime soda, no caffeine",,,none,,
173206,"Beverages, carbonated, SPRITE, lemon-lime, without caffeine",,,none,,
173207,"Beverages, carbonated, low calorie, other than cola or pepper, with aspartame, contains caffeine",,,none,,
173208,"Alcoholic Beverage, wine, table, red, Burgundy",http://purl.obolibrary.org/obo/FOODON_00005371,red Burgundy wine,accepted,,
173209,"Beverages, carbonated, pepper-type, contains caffeine",,,none,,
173210,"Beverages, Energy drink, RED BULL",,,none,,
173211,"Beverages, tea, black, ready to drink, decaffeinated, diet",http://purl.obolibrary.org/obo/FOODON_00005518,black tea (decaffeinated),accepted,,
173212,"Beverages, tea, black, ready to drink, decaffeinated",http://purl.obolibrary.org/obo/FOODON_00005518,black tea (decaffeinated),accepted,,
173213,"Beverages, grape juice drink, canned",,,none,,
173214,"Beverages, Cranberry juice cocktail",,,none,,
173215,"Beverages, SNAPPLE, tea, black and green, ready to drink, peach, diet",,,none,,
173216,"Lemonade, frozen concentrate, white",,,none,,
173217,"Lemonade, frozen concentrate, white, prepared with water",,,none,,
173218,"Beverages, SNAPPLE, tea, black and green, ready to drink, lemon, diet",,,none,,
173219,"Beverages, Malted drink mix, natural, with added nutrients, powder, prepared with whole milk",,,none,,
173220,"Beverages, Malted drink mix, natural, powder, dairy based.",,,none,,
173221,"Beverages, Malted drink mix, natural, powder, prepared with whole milk",,,none,,
173222,"Beverages, OVALTINE, chocolate malt powder",,,none,,
173223,"Beverages, orange and apricot juice drink, canned",,,none,,
173224,"Beverages, pineapple and grapefruit juice drink, canned",,,none,,
173225,"Beverages, pineapple and orange juice drink, canned",,,none,,
173226,"Shake, fast food, vanilla",,,none,,
173227,"Beverages, tea, black, brewed, prepared with tap water",http://purl.obolibrary.org/obo/FOODON_00005243,black tea (steeped),accepted,,
173228,"Beverages, tea, instant, decaffeinated, lemon, diet",,,none,,
173229,"Beverages, tea, instant, decaffeinated, lemon, sweetened",,,none,,
173230,"Beverages, tea, instant, unsweetened, powder",,,none,,
173231,"Beverages, tea, instant, lemon, diet",http://purl.obolibrary.org/obo/FOODON_00005519,"lemon tea (dry, instant)",accepted,,
173232,"Beverages, tea, herb, other than chamomile, brewed",http://purl.obolibrary.org/obo/FOODON_03311585,herbal tea,accepted,,
173233,"Beverages, water, bottled, PERRIER",http://purl.obolibrary.org/obo/FOODON_03307411,mineral water (bottled),accepted,,
173234,"Beverages, water, bottled, POLAND SPRING",http://purl.obolibrary.org/obo/FOODON_03307409,spring water (bottled),accepted,,
173235,"Beverages, orange-flavor drink, breakfast type, powder",,,none,,
173236,"Beverages, orange-flavor drink, breakfast type, powder, prepared with water",,,none,,
173237,"Beverages, Orange-flavor drink, breakfast type, low calorie, powder",,,none,,
173238,"English muffins, plain, unenriched, without calcium propionate (includes sourdough)",,,none,,
173239,"Pie, apple, commercially prepared, unenriched flour",http://purl.obolibrary.org/obo/FOODON_00002475,apple pie,added,FoodOn names it through a safe un-inverted form,review loop 2026-09-28
173240,"Pie, fried pies, cherry",,,none,,
173241,"Tortillas, ready-to-bake or -fry, corn, without added salt",,,none,,
173242,"Tortillas, ready-to-bake or -fry, flour, without added calcium",,,none,,
173243,"Cake, pound, commercially prepared, fat-free",http://purl.obolibrary.org/obo/FOODON_03302767,pound cake,added,FoodOn names it through a safe un-inverted form,review loop 2026-09-28
173244,"Cake, yellow, light, dry mix",,,none,,
173245,"Archway Home Style Cookies, Coconut Macaroon",,,none,,
173246,"Archway Home Style Cookies, Date Filled Oatmeal",,,none,,
173247,"Archway Home Style Cookies, Dutch Cocoa",,,none,,
173248,"Archway Home Style Cookies, Frosty Lemon",,,none,,
173249,"Archway Home Style Cookies, Iced Molasses",,,none,,
173250,"Archway Home Style Cookies, Old Fashioned Molasses",,,none,,
173251,"Archway Home Style Cookies, Old Fashioned Windmill Cookies",,,none,,
173252,"Archway Home Style Cookies, Peanut Butter",,,none,,
173253,"Archway Home Style Cookies, Raspberry Filled",,,none,,
173254,"George Weston Bakeries, Brownberry Sage and Onion Stuffing Mix, dry",,,none,,
173255,"Keebler, Keebler Chocolate Graham SELECTS",,,none,,
173256,"Continental Mills, Krusteaz Almond Poppyseed Muffin Mix, Artificially Flavored, dry",,,none,,
173257,"Mckee Baking, Little Debbie Nutty Bars, Wafers with Peanut Butter, Chocolate Covered",,,none,,
173258,"Nabisco, Nabisco Ritz Crackers",,,none,,
173259,"Pillsbury, Buttermilk Biscuits, Artificial Flavor, refrigerated dough",,,none,,
173260,"Pillsbury, Chocolate Chip Cookies, refrigerated dough",,,none,,
173261,"Pillsbury, Crusty French Loaf, refrigerated dough",,,none,,
173262,"Sorghum flour, refined, unenriched",http://purl.obolibrary.org/obo/FOODON_03304495,sorghum flour,accepted,,
173263,"Rice, brown, parboiled, cooked, UNCLE BENS",http://purl.obolibrary.org/obo/FOODON_00004678,brown rice kernel (cooked),flagged,The FoodOn name names a part the USDA name does not (kernel).,review loop 2026-09-28
173264,"Pasta, gluten-free, rice flour and rice bran extract, cooked, DE BOLES",http://purl.obolibrary.org/obo/FOODON_00005437,gluten-free pasta,added,FoodOn names it through a safe un-inverted form,review loop 2026-09-28
173265,"Pasta, gluten-free, corn and rice flour, cooked",http://purl.obolibrary.org/obo/FOODON_00005437,gluten-free pasta,added,FoodOn names it through a safe un-inverted form,review loop 2026-09-28
173266,"Fast foods, biscuit, with egg and bacon",,,none,,
173267,"Fast foods, biscuit, with egg and ham",,,none,,
173268,"Fast foods, biscuit, with crispy chicken fillet",,,none,,
173269,"Fast foods, croissant, with egg, cheese, and bacon",,,none,,
173270,"Fast foods, croissant, with egg, cheese, and ham",,,none,,
173271,"Fast foods, croissant, with egg, cheese, and sausage",,,none,,
173272,"Fast foods, egg, scrambled",,,none,,
173273,"Fast foods, potatoes, hash browns, round pieces or patty",,,none,,
173274,"Fast foods, vanilla, light, soft-serve ice cream, with cone",,,none,,
173275,"Fast foods, sundae, caramel",,,none,,
173276,"Fast foods, sundae, hot fudge",,,none,,
173277,"Fast foods, burrito, with beans and beef",,,none,,
173278,"Fast foods, burrito, with beans, cheese, and beef",,,none,,
173279,"PIZZA HUT 12"" Pepperoni Pizza, Hand-Tossed Crust",,,none,,
173280,"PIZZA HUT 12"" Pepperoni Pizza, Pan Crust",,,none,,
173281,"PIZZA HUT 12"" Super Supreme Pizza, Hand-Tossed Crust",,,none,,
173282,"DOMINO'S 14"" Cheese Pizza, Classic Hand-Tossed Crust",,,none,,
173283,"DOMINO'S 14"" Cheese Pizza, Ultimate Deep Dish Crust",,,none,,
173284,"PAPA JOHN'S 14"" Cheese Pizza, Original Crust",,,none,,
173285,"PAPA JOHN'S 14"" Pepperoni Pizza, Original Crust",,,none,,
173286,"PAPA JOHN'S 14"" The Works Pizza, Original Crust",,,none,,
173287,"PAPA JOHN'S 14"" Cheese Pizza, Thin Crust",,,none,,
173288,"LITTLE CAESARS 14"" Pepperoni Pizza, Large Deep Dish Crust",,,none,,
173289,"LITTLE CAESARS 14"" Cheese Pizza, Thin Crust",,,none,,
173290,"PIZZA HUT 14"" Cheese Pizza, Hand-Tossed Crust",,,none,,
173291,"PIZZA HUT 14"" Cheese Pizza, Pan Crust",,,none,,
173292,"Fast Food, Pizza Chain, 14"" pizza, cheese topping, regular crust",,,none,,
173293,"Fast Food, Pizza Chain, 14"" pizza, cheese topping, thick crust",,,none,,
173294,"Fast Food, Pizza Chain, 14"" pizza, cheese topping, thin crust",,,none,,
173295,"Fast Food, Pizza Chain, 14"" pizza, pepperoni topping, regular crust",,,none,,
173296,"Fast Food, Pizza Chain, 14"" pizza, pepperoni topping, thick crust",,,none,,
173297,"McDONALD'S, Chicken McNUGGETS",,,none,,
173298,"McDONALD'S, Hash Brown",,,none,,
173299,"McDONALD'S, Hotcakes (plain)",,,none,,
173300,"McDONALD'S, Bacon, Egg & Cheese McGRIDDLES",,,none,,
173301,"McDONALD'S, Hot Caramel Sundae",,,none,,
173302,"McDONALD'S, Hot Fudge Sundae",,,none,,
173303,"McDONALD'S, McFLURRY with M&M'S CANDIES",,,none,,
173304,"McDONALD'S, McFLURRY with OREO cookies",,,none,,
173305,"McDONALD'S, McCHICKEN Sandwich",,,none,,
173306,"McDONALD'S, McCHICKEN Sandwich (without mayonnaise)",,,none,,
173307,"McDONALD'S, Egg McMUFFIN",,,none,,
173308,"McDONALD'S, Sausage McMUFFIN",,,none,,
173309,"McDONALD'S, Deluxe Breakfast, with syrup and margarine",,,none,,
173310,"McDONALD'S, Hotcakes and Sausage",,,none,,
173311,"McDONALD'S, Hotcakes (with 2 pats margarine & syrup)",,,none,,
173312,"McDONALD'S, Bacon Ranch Salad with Grilled Chicken",,,none,,
173313,"McDONALD'S, Fruit 'n Yogurt Parfait (without granola)",,,none,,
173314,"McDONALD'S, FILET-O-FISH (without tartar sauce)",,,none,,
173315,"BURGER KING, CROISSAN'WICH with Sausage, Egg and Cheese",,,none,,
173316,"BURGER KING, CROISSAN'WICH with Sausage and Cheese",,,none,,
173317,"Fast foods, hamburger; single, large patty; with condiments, vegetables and mayonnaise",,,none,,
173318,"Fast foods, hamburger; single, regular patty; double decker bun with condiments and special sauce",,,none,,
173319,"Fast foods, cheeseburger; double, regular patty; with condiments",,,none,,
173320,"Fast foods, cheeseburger; double, large patty; with condiments",,,none,,
173321,"Fast foods, chicken tenders",,,none,,
173322,"Fast foods, bagel, with egg, sausage patty, cheese, and condiments",,,none,,
173323,"Fast foods, bagel, with breakfast steak, egg, cheese, and condiments",,,none,,
173324,"Light Ice Cream, soft serve, blended with milk chocolate candies",,,none,,
173325,"Macaroni and Cheese, canned entree",,,none,,
173326,"HOT POCKETS, CROISSANT POCKETS Chicken, Broccoli, and Cheddar Stuffed Sandwich, frozen",,,none,,
173327,"HOT POCKETS Ham 'N Cheese Stuffed Sandwich, frozen",,,none,,
173328,"Ravioli, cheese-filled, canned",,,none,,
173329,"Ravioli, meat-filled, with tomato sauce or meat sauce, canned",,,none,,
173330,"Beef stew, canned entree",,,none,,
173331,"Chicken pot pie, frozen entree, prepared",,,none,,
173332,"Beef, corned beef hash, with potato, canned",,,none,,
173333,"Lasagna, cheese, frozen, prepared",,,none,,
173334,"Lasagna with meat & sauce, frozen entree",,,none,,
173335,"Burrito, beef and bean, frozen",,,none,,
173336,"Burrito, bean and cheese, frozen",,,none,,
173337,"Macaroni and Cheese, canned, microwavable",,,none,,
173338,"Turkey, stuffing, mashed potatoes w/gravy, assorted vegetables, frozen, microwaved",,,none,,
173339,"Rice bowl with chicken, frozen entree, prepared (includes fried, teriyaki, and sweet and sour varieties)",,,none,,
173340,"Macaroni and cheese dinner with dry sauce mix, boxed, uncooked",,,none,,
173341,"Macaroni and cheese, dry mix, prepared with 2% milk and 80% stick margarine from dry mix",,,none,,
173342,"Macaroni and cheese, frozen entree",,,none,,
173343,Potato salad with egg,http://purl.obolibrary.org/obo/FOODON_03307696,potato salad (with egg),added,FoodOn names it through a safe un-inverted form,review loop 2026-09-28
173344,Pulled pork in barbecue sauce,,,none,,
173345,"Corn dogs, frozen, prepared",,,none,,
173346,"Chicken tenders, breaded, frozen, prepared",,,none,,
173347,"RICE-A-RONI, chicken flavor, unprepared",,,none,,
173348,"Rice and vermicelli mix, chicken flavor, prepared with 80% margarine",,,none,,
173349,"Beef, shoulder pot roast or steak, boneless, separable lean and fat, trimmed to 0"" fat, all grades, raw",http://purl.obolibrary.org/obo/FOODON_02000076,beef shoulder roast (raw),accepted,,
173350,"Beef, short loin, porterhouse steak, separable lean and fat, trimmed to 1/8"" fat, all grades, raw",http://purl.obolibrary.org/obo/FOODON_02000401,beef porterhouse steak (raw),accepted,,
173351,"Beef, short loin, t-bone steak, separable lean and fat, trimmed to 1/8"" fat, all grades, cooked, grilled",http://purl.obolibrary.org/obo/FOODON_00003304,beef T-bone steak,accepted,,
173352,"Beef, short loin, t-bone steak, separable lean and fat, trimmed to 1/8"" fat, select, raw",http://purl.obolibrary.org/obo/FOODON_02000120,beef T-bone steak (raw),accepted,,
173353,"Beef, short loin, t-bone steak, separable lean and fat, trimmed to 1/8"" fat, select, cooked, grilled",http://purl.obolibrary.org/obo/FOODON_00003304,beef T-bone steak,accepted,,
173354,"Beef, round, knuckle, tip side, steak, separable lean and fat, trimmed to 0"" fat, choice, raw",http://purl.obolibrary.org/obo/FOODON_02000034,beef sirloin tip side steak (raw),accepted,,
173355,"Beef, chuck, shoulder clod, shoulder tender, medallion, separable lean and fat, trimmed to 0"" fat, choice, cooked, grilled",http://purl.obolibrary.org/obo/FOODON_02000081,beef shoulder petite tender medallion,accepted,,
173356,"Beef, chuck, shoulder clod, shoulder tender, medallion, separable lean and fat, trimmed to 0"" fat, select, raw",http://purl.obolibrary.org/obo/FOODON_02000082,beef shoulder petite tender medallion (raw),accepted,,
173357,"Beef, chuck, shoulder clod, shoulder top and center steaks, separable lean and fat, trimmed to 0"" fat, choice, raw",http://purl.obolibrary.org/obo/FOODON_02000086,beef top blade steak (raw),accepted,,
173358,"Beef, chuck, shoulder clod, shoulder top and center steaks, separable lean and fat, trimmed to 0"" fat, choice, cooked, grilled",http://purl.obolibrary.org/obo/FOODON_02000085,beef top blade steak,accepted,,
173359,"Beef, chuck, shoulder clod, top blade, steak, separable lean and fat, trimmed to 0"" fat, select, raw",http://purl.obolibrary.org/obo/FOODON_02000086,beef top blade steak (raw),accepted,,
173360,"Beef, chuck, shoulder clod, top blade, steak, separable lean and fat, trimmed to 0"" fat, select, cooked, grilled",http://purl.obolibrary.org/obo/FOODON_02000085,beef top blade steak,accepted,,
173361,"Beef, round, knuckle, tip center, steak, separable lean and fat, trimmed to 0"" fat, choice, raw",http://purl.obolibrary.org/obo/FOODON_02000038,beef sirloin tip center steak (raw),accepted,,
173362,"Beef, round, knuckle, tip center, steak, separable lean and fat, trimmed to 0"" fat, choice, cooked, grilled",http://purl.obolibrary.org/obo/FOODON_02000037,beef sirloin tip center steak,accepted,,
173363,"Beef, round, knuckle, tip center, steak, separable lean and fat, trimmed to 0"" fat, select, raw",http://purl.obolibrary.org/obo/FOODON_02000038,beef sirloin tip center steak (raw),accepted,,
173364,"Beef, round, outside round, bottom round, steak, separable lean and fat, trimmed to 0"" fat, select, cooked, grilled",http://purl.obolibrary.org/obo/FOODON_02000004,beef bottom round steak,accepted,,
173365,"Beef, chuck, shoulder clod, shoulder tender, medallion, separable lean and fat, trimmed to 0"" fat, all grades, raw",http://purl.obolibrary.org/obo/FOODON_02000082,beef shoulder petite tender medallion (raw),accepted,,
173366,"Beef, chuck, shoulder clod, shoulder tender, medallion, separable lean and fat, trimmed to 0"" fat, all grades, cooked, grilled",http://purl.obolibrary.org/obo/FOODON_02000081,beef shoulder petite tender medallion,accepted,,
173367,"Beef, round, knuckle, tip side, steak, separable lean and fat, trimmed to 0"" fat, all grades, raw",http://purl.obolibrary.org/obo/FOODON_02000034,beef sirloin tip side steak (raw),accepted,,
173368,"Beef, chuck, shoulder clod, top blade, steak, separable lean and fat, trimmed to 0"" fat, all grades, cooked, grilled",http://purl.obolibrary.org/obo/FOODON_02000085,beef top blade steak,accepted,,
173369,"Beef, round, knuckle, tip center, steak, separable lean and fat, trimmed to 0"" fat, all grades, raw",http://purl.obolibrary.org/obo/FOODON_02000038,beef sirloin tip center steak (raw),accepted,,
173370,"Beef, round, knuckle, tip center, steak, separable lean and fat, trimmed to 0"" fat, all grades, cooked, grilled",http://purl.obolibrary.org/obo/FOODON_02000037,beef sirloin tip center steak,accepted,,
173371,"Beef, round, outside round, bottom round, steak, separable lean and fat, trimmed to 0"" fat, all grades, raw",http://purl.obolibrary.org/obo/FOODON_02000005,beef bottom round steak (raw),accepted,,
173372,"Beef, rib eye roast, boneless, lip-on, separable lean only, trimmed to 1/8"" fat, select, cooked, roasted",http://purl.obolibrary.org/obo/FOODON_02000207,beef ribeye roast,accepted,,
173373,"Beef, plate steak, boneless, inside skirt, separable lean only, trimmed to 0"" fat, all grades, cooked, grilled",http://purl.obolibrary.org/obo/FOODON_02000181,beef inside skirt steak,accepted,,
173374,"Beef, plate steak, boneless, inside skirt, separable lean only, trimmed to 0"" fat, all grades, raw",http://purl.obolibrary.org/obo/FOODON_02000182,beef inside skirt steak (raw),accepted,,
173375,"Beef, plate steak, boneless, inside skirt, separable lean only, trimmed to 0"" fat, choice, cooked, grilled",http://purl.obolibrary.org/obo/FOODON_02000181,beef inside skirt steak,accepted,,
173376,"Beef, plate steak, boneless, outside skirt, separable lean only, trimmed to 0"" fat, all grades, raw",http://purl.obolibrary.org/obo/FOODON_02000184,beef outside skirt steak (raw),accepted,,
173377,"Beef, plate steak, boneless, outside skirt, separable lean only, trimmed to 0"" fat, choice, cooked, grilled",http://purl.obolibrary.org/obo/FOODON_02000183,beef outside skirt steak,accepted,,
173378,"Beef, plate steak, boneless, outside skirt, separable lean only, trimmed to 0"" fat, choice, raw",http://purl.obolibrary.org/obo/FOODON_02000184,beef outside skirt steak (raw),accepted,,
173379,"Beef, plate steak, boneless, outside skirt, separable lean only, trimmed to 0"" fat, select, cooked, grilled",http://purl.obolibrary.org/obo/FOODON_02000183,beef outside skirt steak,accepted,,
173380,"Beef, rib eye steak, boneless, lip off, separable lean only, trimmed to 0"" fat, choice, raw",http://purl.obolibrary.org/obo/FOODON_02000210,beef ribeye steak (raw),accepted,,
173381,"Beef, rib eye steak, boneless, lip off, separable lean only, trimmed to 0"" fat, select, cooked, grilled",http://purl.obolibrary.org/obo/FOODON_02000209,beef ribeye steak,accepted,,
173382,"Beef, rib eye steak, boneless, lip off, separable lean only, trimmed to 0"" fat, select, raw",http://purl.obolibrary.org/obo/FOODON_02000210,beef ribeye steak (raw),accepted,,
173383,"Beef, rib, back ribs, bone-in, separable lean only, trimmed to 0"" fat, all grades, cooked, braised",http://purl.obolibrary.org/obo/FOODON_02000224,beef back rib,accepted,,
173384,"Beef, rib, back ribs, bone-in, separable lean only, trimmed to 0"" fat, select, raw",http://purl.obolibrary.org/obo/FOODON_02000225,beef back rib (raw),accepted,,
173385,"Beef, rib eye steak, bone-in, lip-on, separable lean and fat, trimmed to 1/8"" fat, choice, cooked, grilled",http://purl.obolibrary.org/obo/FOODON_02000209,beef ribeye steak,accepted,,
173386,"Beef, rib eye steak, bone-in, lip-on, separable lean and fat, trimmed to 1/8"" fat, select, cooked, grilled",http://purl.obolibrary.org/obo/FOODON_02000209,beef ribeye steak,accepted,,
173387,"Beef, rib eye steak, bone-in, lip-on, separable lean and fat, trimmed to 1/8"" fat, all grades, cooked, grilled",http://purl.obolibrary.org/obo/FOODON_02000209,beef ribeye steak,accepted,,
173388,"Beef, rib eye roast, bone-in, lip-on, separable lean and fat, trimmed to 1/8"" fat, choice, cooked, roasted",http://purl.obolibrary.org/obo/FOODON_02000207,beef ribeye roast,accepted,,
173389,"Beef, rib eye steak/roast, bone-in, lip-on, separable lean and fat, trimmed to 1/8"" fat, select, raw",http://purl.obolibrary.org/obo/FOODON_02000210,beef ribeye steak (raw),accepted,,
173390,"Beef, rib eye steak, boneless, lip-on, separable lean and fat, trimmed to 1/8"" fat, choice, cooked, grilled",http://purl.obolibrary.org/obo/FOODON_02000209,beef ribeye steak,accepted,,
173391,"Beef, rib eye steak, boneless, lip-on, separable lean and fat, trimmed to 1/8"" fat, select, cooked, grilled",http://purl.obolibrary.org/obo/FOODON_02000209,beef ribeye steak,accepted,,
173392,"Beef, rib eye steak, boneless, lip-on, separable lean and fat, trimmed to 1/8"" fat, all grades, cooked, grilled",http://purl.obolibrary.org/obo/FOODON_02000209,beef ribeye steak,accepted,,
173393,"Beef, rib eye steak/roast, boneless, lip-on, separable lean and fat, trimmed to 1/8"" fat, choice, raw",http://purl.obolibrary.org/obo/FOODON_02000210,beef ribeye steak (raw),accepted,,
173394,"Beef, rib eye steak/roast, boneless, lip-on, separable lean and fat, trimmed to 1/8"" fat, select, raw",http://purl.obolibrary.org/obo/FOODON_02000210,beef ribeye steak (raw),accepted,,
173395,"Beef, plate steak, boneless, inside skirt, separable lean and fat, trimmed to 0"" fat, all grades, cooked, grilled",http://purl.obolibrary.org/obo/FOODON_02000181,beef inside skirt steak,accepted,,
173396,"Beef, plate steak, boneless, inside skirt, separable lean and fat, trimmed to 0"" fat, choice, cooked, grilled",http://purl.obolibrary.org/obo/FOODON_02000181,beef inside skirt steak,accepted,,
173397,"Beef, plate steak, boneless, outside skirt, separable lean and fat, trimmed to 0"" fat, all grades, cooked, grilled",http://purl.obolibrary.org/obo/FOODON_02000183,beef outside skirt steak,accepted,,
173398,"Beef, plate steak, boneless, outside skirt, separable lean and fat, trimmed to 0"" fat, choice, cooked, grilled",http://purl.obolibrary.org/obo/FOODON_02000183,beef outside skirt steak,accepted,,
173399,"Beef, plate steak, boneless, outside skirt, separable lean and fat, trimmed to 0"" fat, select, cooked, grilled",http://purl.obolibrary.org/obo/FOODON_02000183,beef outside skirt steak,accepted,,
173400,"Beef, plate steak, boneless, outside skirt, separable lean and fat, trimmed to 0"" fat, all grades, raw",http://purl.obolibrary.org/obo/FOODON_02000184,beef outside skirt steak (raw),accepted,,
173401,"Beef, rib eye steak, boneless, lip off, separable lean and fat, trimmed to 0"" fat, select, cooked, grilled",http://purl.obolibrary.org/obo/FOODON_02000209,beef ribeye steak,accepted,,
173402,"Beef, rib eye steak, boneless, lip off, separable lean and fat, trimmed to 0"" fat, all grades, raw",http://purl.obolibrary.org/obo/FOODON_02000184,beef outside skirt steak (raw),accepted,,
173403,"Beef, rib eye steak, boneless, lip off, separable lean and fat, trimmed to 0"" fat, choice, raw",http://purl.obolibrary.org/obo/FOODON_02000210,beef ribeye steak (raw),accepted,,
173404,"Beef, rib eye steak, boneless, lip off, separable lean and fat, trimmed to 0"" fat, select, raw",http://purl.obolibrary.org/obo/FOODON_02000210,beef ribeye steak (raw),accepted,,
173405,"Beef, rib, back ribs, bone-in, separable lean and fat, trimmed to 0"" fat, choice, raw",http://purl.obolibrary.org/obo/FOODON_02000225,beef back rib (raw),accepted,,
173406,"Beef, rib, back ribs, bone-in, separable lean and fat, trimmed to 0"" fat, select, raw",http://purl.obolibrary.org/obo/FOODON_02000225,beef back rib (raw),accepted,,
173407,"Beef, loin, top sirloin petite roast, boneless, separable lean only, trimmed to 0"" fat, choice, cooked, roasted",http://purl.obolibrary.org/obo/FOODON_02000153,beef top sirloin petite roast,accepted,,
173408,"Beef, loin, top sirloin petite roast/filet, boneless, separable lean only, trimmed to 0"" fat, choice, raw",http://purl.obolibrary.org/obo/FOODON_02000153,beef top sirloin petite roast,accepted,,
173409,"Beef, loin, top sirloin cap steak, boneless, separable lean only, trimmed to 1/8"" fat, select, raw",http://purl.obolibrary.org/obo/FOODON_02000158,beef culotte steak (raw),accepted,,
173410,"Butter, salted",http://purl.obolibrary.org/obo/FOODON_03302643,butter (salted),accepted,,
173411,"Butter, whipped, with salt",http://purl.obolibrary.org/obo/FOODON_03000476,"butter (whipped, salted)",accepted,,
173412,"Butter oil, anhydrous",http://purl.obolibrary.org/obo/FOODON_03302508,butter oil,accepted,,
173413,"Cheese, caraway",http://purl.obolibrary.org/obo/FOODON_03303878,caraway cheese,added,FoodOn names it through a safe un-inverted form,review loop 2026-09-28
173414,"Cheese, cheddar (Includes foods for USDA's Food Distribution Program)",,,none,,
173415,"Cheese, cheshire",http://purl.obolibrary.org/obo/FOODON_03310410,cheshire cheese,added,FoodOn names it through a safe un-inverted form,review loop 2026-09-28
173416,"Cheese, colby",http://purl.obolibrary.org/obo/FOODON_03303856,colby cheese,added,FoodOn names it through a safe un-inverted form,review loop 2026-09-28
173417,"Cheese, cottage, lowfat, 1% milkfat",http://purl.obolibrary.org/obo/FOODON_03303720,cottage cheese (lowfat),added,FoodOn names it through a safe un-inverted form,review loop 2026-09-28
173418,"Cheese, cream",http://purl.obolibrary.org/obo/FOODON_03301889,cream cheese,added,FoodOn names it through a safe un-inverted form,review loop 2026-09-28
173419,"Cheese, edam",http://purl.obolibrary.org/obo/FOODON_03302971,edam cheese,added,FoodOn names it through a safe un-inverted form,review loop 2026-09-28
173420,"Cheese, feta",http://purl.obolibrary.org/obo/FOODON_03307280,feta cheese,added,FoodOn names it through a safe un-inverted form,review loop 2026-09-28
173421,"Egg, yolk, raw, frozen, pasteurized",http://purl.obolibrary.org/obo/FOODON_03304626,chicken egg yolk (frozen),accepted,,
173422,"Egg, yolk, raw, frozen, sugared, pasteurized",,,none,,
173423,"Egg, whole, cooked, fried",http://purl.obolibrary.org/obo/FOODON_00002461,chicken egg (fried),accepted,,
173424,"Egg, whole, cooked, hard-boiled",http://purl.obolibrary.org/obo/FOODON_03304615,"chicken egg (shell on, hard boiled)",flagged,The FoodOn name names a part the USDA name does not (shell).,review loop 2026-09-28
173425,"Egg, whole, dried, stabilized, glucose reduced",http://purl.obolibrary.org/obo/FOODON_03311041,"chicken egg (shell off, solids, dried)",flagged,The FoodOn name names a part the USDA name does not (shell).,review loop 2026-09-28
173426,"Egg, white, dried, flakes, stabilized, glucose reduced",http://purl.obolibrary.org/obo/FOODON_03305612,chicken egg white (dried),accepted,,
173427,"Egg, white, dried, powder, stabilized, glucose reduced",http://purl.obolibrary.org/obo/FOODON_03305612,chicken egg white (dried),accepted,,
173428,"Egg, yolk, dried",http://purl.obolibrary.org/obo/FOODON_03305042,chicken egg yolk (dried),accepted,,
173429,"Egg substitute, powder",,,none,,
173430,"Butter, without salt",http://purl.obolibrary.org/obo/FOODON_03301777,butter (unsalted),accepted,,
173431,"Cheese, parmesan, shredded",,,none,,
173432,"Milk, nonfat, fluid, without added vitamin A and vitamin D (fat free or skim)",http://purl.obolibrary.org/obo/FOODON_00005474,skim milk (without added vitamin a and d),accepted,,
173433,"Cheese, goat, semisoft type",,,none,,
173434,"Yogurt, Greek, 2% fat, key lime blend, CHOBANI",,,none,,
173435,"Cheese, goat, soft type",,,none,,
173436,"Egg, yolk, raw, frozen, salted, pasteurized",http://purl.obolibrary.org/obo/FOODON_02020158,chicken egg yolk (raw),accepted,,
173437,"Cheese, mexican, queso asadero",,,none,,
173438,"Cheese, mexican, queso chihuahua",,,none,,
173439,"Cheese, low fat, cheddar or colby",,,none,,
173440,"Cheese, low-sodium, cheddar or colby",,,none,,
173441,"Milk, fluid, 1% fat, without added vitamin A and vitamin D",http://purl.obolibrary.org/obo/FOODON_00005477,"lowfat cow milk (1% fat,  without added Vitamin A and Vitamin D)",accepted,,
173442,"Sour cream, reduced fat",http://purl.obolibrary.org/obo/FOODON_03000477,light sour cream,added,FoodOn names it through a safe un-inverted form,review loop 2026-09-28
173443,"Sour cream, light",http://purl.obolibrary.org/obo/FOODON_03000477,light sour cream,added,FoodOn names it through a safe un-inverted form,review loop 2026-09-28
173444,"Sour cream, fat free",,,none,,
173445,"Yogurt, vanilla or lemon flavor, nonfat milk, sweetened with low-calorie sweetener",,,none,,
173446,KRAFT CHEEZ WHIZ LIGHT Pasteurized Process Cheese Product,,,none,,
173447,KRAFT FREE Singles American Nonfat Pasteurized Process Cheese Product,,,none,,
173448,KRAFT VELVEETA Pasteurized Process Cheese Spread,,,none,,
173449,KRAFT VELVEETA LIGHT Reduced Fat Pasteurized Process Cheese Product,,,none,,
173450,"Milk, chocolate, fluid, commercial, reduced fat, with added calcium",http://purl.obolibrary.org/obo/FOODON_03000289,chocolate milk (reduced fat),added,FoodOn names it through a safe un-inverted form,review loop 2026-09-28
173451,"Yogurt, fruit, lowfat, with low calorie sweetener",,,none,,
173452,"Cheese, parmesan, dry grated, reduced fat",,,none,,
173453,"Cream substitute, flavored, liquid",,,none,,
173454,"Milk, dry, whole, without added vitamin D",,,none,,
173455,"Cheese product, pasteurized process, American, reduced fat, fortified with vitamin D",,,none,,
173456,"Yogurt, fruit, low fat, 9 grams protein per 8 ounce, fortified with vitamin D",,,none,,
173457,"Yogurt, fruit, low fat, 10 grams protein per 8 ounce, fortified with vitamin D",,,none,,
173458,"Yogurt, fruit variety, nonfat, fortified with vitamin D",,,none,,
173459,"Protein supplement, milk based, Muscle Milk, powder",,,none,,
173460,"Protein supplement, milk based, Muscle Milk Light, powder",,,none,,
173461,Dulce de Leche,http://purl.obolibrary.org/obo/FOODON_00003138,dulce de leche,added,FoodOn names it through a safe un-inverted form,review loop 2026-09-28
173462,"Egg substitute, liquid or frozen, fat free",,,none,,
173463,"Yogurt, vanilla flavor, lowfat milk, sweetened with low calorie sweetener",,,none,,
173464,"Yogurt, frozen, flavors not chocolate, nonfat milk, with low-calorie sweetener",http://purl.obolibrary.org/obo/FOODON_03307445,frozen yogurt,added,FoodOn names it through a safe un-inverted form,review loop 2026-09-28
173465,"Ice cream, soft serve, chocolate",,,none,,
173466,"Ice cream, bar or stick, chocolate covered",,,none,,
173467,"Fat free ice cream, no sugar added, flavors other than chocolate",,,none,,
173468,"Salt, table",http://purl.obolibrary.org/obo/FOODON_03309954,table salt,accepted,,
173469,"Vinegar, cider",http://purl.obolibrary.org/obo/FOODON_03307916,cider vinegar,accepted,,
173470,"Thyme, fresh",http://purl.obolibrary.org/obo/FOODON_03301562,thyme leaf,flagged,The FoodOn name names a part the USDA name does not (leaf).,review loop 2026-09-28
173471,Vanilla extract,http://purl.obolibrary.org/obo/FOODON_03316764,vanilla bean extract,accepted,,
173472,"Horseradish, prepared",http://purl.obolibrary.org/obo/FOODON_03316284,horseradish,accepted,,
173473,"Rosemary, fresh",http://purl.obolibrary.org/obo/FOODON_00003809,rosemary leaf,flagged,The FoodOn name names a part the USDA name does not (leaf).,review loop 2026-09-28
173474,"Peppermint, fresh",http://purl.obolibrary.org/obo/FOODON_03303920,peppermint,accepted,,
173475,"Spearmint, fresh",http://purl.obolibrary.org/obo/FOODON_03303921,spearmint leaf,flagged,The FoodOn name names a part the USDA name does not (leaf).,review loop 2026-09-28
173476,"Seasoning mix, dry, chili, original",,,none,,
173477,Clif Z bar,,,none,,
173478,"Babyfood, juice treats, fruit medley, toddler",,,none,,
173479,"Babyfood, meat, beef, strained",http://purl.obolibrary.org/obo/FOODON_00001282,beef (ground),accepted,,
173480,"Babyfood, meat, ham, junior",http://purl.obolibrary.org/obo/FOODON_00002502,ham food product,accepted,,
173481,"Babyfood, meat, lamb, strained",http://purl.obolibrary.org/obo/FOODON_03311593,lamb meat (ground),accepted,,
173482,"Babyfood, meat, lamb, junior",http://purl.obolibrary.org/obo/FOODON_03311593,lamb meat (ground),accepted,,
173483,"Babyfood, meat, chicken, strained",http://purl.obolibrary.org/obo/FOODON_02020311,chicken meat (ground),accepted,,
173484,"Babyfood, meat, turkey sticks, junior",,,none,,
173485,"Babyfood, snack, GERBER GRADUATE FRUIT  STRIPS, Real Fruit Bars",,,none,,
173486,"Babyfood, meat, meat sticks, junior",,,none,,
173487,"Babyfood, GERBER, 2nd Foods, apple, carrot and squash, organic",,,none,,
173488,"Babyfood, dinner, vegetables and dumplings and beef, junior",,,none,,
173489,"Babyfood, dinner, beef lasagna, toddler",,,none,,
173490,"Babyfood, dinner, macaroni and tomato and beef, strained",,,none,,
173491,"Babyfood, dinner, macaroni and tomato and beef, junior",,,none,,
173492,"Babyfood, dinner, spaghetti and tomato and meat, junior",,,none,,
173493,"Babyfood, dinner, spaghetti and tomato and meat, toddler",,,none,,
173494,"Babyfood, dinner, vegetables and beef, strained",,,none,,
173495,"Babyfood, dinner, vegetables and beef, junior",,,none,,
173496,"Babyfood, dinner, chicken soup, strained",,,none,,
173497,"Babyfood, dinner, chicken stew, toddler",,,none,,
173498,"Babyfood, dinner, vegetables chicken, strained",,,none,,
173499,"Babyfood, dinner, vegetables, noodles and chicken, strained",,,none,,
173500,"Babyfood, dinner, turkey and rice, junior",,,none,,
173501,"Babyfood, dinner, vegetables and turkey, strained",,,none,,
173502,"Babyfood, dinner, vegetables and turkey, junior",,,none,,
173503,"Babyfood, dinner, macaroni and cheese, strained",,,none,,
173504,"Babyfood, vegetable, green beans and potatoes",,,none,,
173505,"Babyfood, vegetables, beets, strained",http://purl.obolibrary.org/obo/FOODON_00005494,beet puree,accepted,,
173506,"Babyfood, vegetables, carrots, strained",http://purl.obolibrary.org/obo/FOODON_00005490,carrot puree,accepted,,
173507,"Babyfood, vegetables, carrots, junior",http://purl.obolibrary.org/obo/FOODON_00005490,carrot puree,accepted,,
173508,"Babyfood, potatoes, toddler",http://purl.obolibrary.org/obo/FOODON_00005203,piece(s) of potato,accepted,,
173509,"Babyfood, cereal, Oatmeal, dry, GERBER, SINGLE GRAIN, fortified",http://purl.obolibrary.org/obo/FOODON_03310608,oatmeal cereal for infants (dry),accepted,,
173510,"Babyfood, vegetable, butternut squash and corn",,,none,,
173511,"Babyfood, apples, dices, toddler",http://purl.obolibrary.org/obo/FOODON_03305813,apple (finely chopped),accepted,,
173512,"Babyfood, fruit, applesauce, strained",http://purl.obolibrary.org/obo/FOODON_03301126,applesauce,accepted,,
173513,"Babyfood, dinner, vegetables and chicken, junior",,,none,,
173514,"Babyfood, dinner, mixed vegetable, strained",,,none,,
173515,"Babyfood, vegetables, mix vegetables strained",,,none,,
173516,"Babyfood, dinner, beef noodle, junior",,,none,,
173517,"Babyfood, apples with ham, strained",,,none,,
173518,"Babyfood, carrots and beef, strained",,,none,,
173519,"Babyfood, beverage, GERBER, GRADUATES, FRUIT SPLASHERS",,,none,,
173520,"Babyfood, snack, GERBER, GRADUATES, YOGURT MELTS",,,none,,
173521,"Babyfood, dinner, sweet potatoes and chicken, strained",,,none,,
173522,"Infant formula, MEAD JOHNSON, Enfamil 24, ready to feed, with ARA and DHA",,,none,,
173523,"Infant formula, MEAD JOHNSON, Enfamil Enspire Powder, with ARA and DHA, not reconstituted",,,none,,
173524,"Infant formula, MEAD JOHNSON, Enfamil Reguline, ready to feed, with ARA and DHA",,,none,,
173525,"Infant formula, MEAD JOHNSON, Gentlease, ready to feed, with ARA and DHA",,,none,,
173526,"Toddler formula, MEAD JOHNSON, Nutramigen Toddler with LGG Powder, with ARA and DHA, not reconstituted",,,none,,
173527,"Infant formula, MEAD JOHNSON, Pregestimil 20 Calories, ready to feed, with ARA and DHA",,,none,,
173528,"Babyfood, cereal, high protein, prepared with whole milk",,,none,,
173529,"Babyfood, cereal, mixed, prepared with whole milk",,,none,,
173530,"Babyfood, cereal, mixed, with bananas, prepared with whole milk",,,none,,
173531,"Babyfood, cereal, oatmeal, prepared with whole milk",,,none,,
173532,"Babyfood, cereal, mixed, with honey, prepared with whole milk",,,none,,
173533,"Babyfood, cereal, high protein, with apple and orange, prepared with whole milk",,,none,,
173534,"Babyfood, cereal, rice, with bananas, prepared with whole milk",,,none,,
173535,"Infant formula, NESTLE, GOOD START SUPREME, with iron, liquid concentrate, not reconstituted",,,none,,
173536,"Infant formula, NESTLE, GOOD START SUPREME, with iron, powder",,,none,,
173537,"Infant formula, MEAD JOHNSON, ENFAMIL, LIPIL, low iron, liquid concentrate, with ARA and DHA",,,none,,
173538,"Infant formula, MEAD JOHNSON, PREGESTIMIL, with iron, powder, with ARA and DHA, not reconstituted",,,none,,
173539,"Infant formula, MEAD JOHNSON, PREGESTIMIL, with iron, with ARA and DHA, prepared from powder",,,none,,
173540,"Infant formula, MEAD JOHNSON, PROSOBEE, with iron, ready-to-feed",,,none,,
173541,"Infant formula, ABBOTT NUTRITION, SIMILAC, ISOMIL, with iron, ready-to-feed",,,none,,
173542,"Infant formula, ABBOTT NUTRITION, SIMILAC, ISOMIL, with iron, liquid concentrate",,,none,,
173543,"Infant formula, ABBOTT NUTRITION, SIMILAC, ISOMIL, with iron, powder, not reconstituted",,,none,,
173544,"Infant formula, MEAD JOHNSON, ENFAMIL, NUTRAMIGEN, with iron, liquid concentrate not reconstituted, with ARA and DHA",,,none,,
173545,"Infant formula, MEAD JOHNSON, ENFAMIL, PROSOBEE, with iron, powder, not reconstituted, with ARA and DHA",,,none,,
173546,"Infant formula, ABBOTT NUTRITION, SIMILAC, with iron, powder, not reconstituted",,,none,,
173547,"Infant formula, MEAD JOHNSON, ENFAMIL, PROSOBEE, liquid concentrate, reconstituted, with ARA and DHA",,,none,,
173548,"Infant formula, MEAD JOHNSON, PROSOBEE, with iron, ready to feed, with ARA and DHA",,,none,,
173549,"Infant formula, NESTLE, GOOD START SOY, with DHA and ARA, ready-to-feed",,,none,,
173550,"Child formula, ABBOTT NUTRITION, PEDIASURE, ready-to-feed, with iron and fiber",,,none,,
173551,"Infant formula, NESTLE, GOOD START ESSENTIALS SOY, with iron, powder",,,none,,
173552,"Infant formula, MEAD JOHNSON, NEXT STEP PROSOBEE, powder, not reconstituted",,,none,,
173553,"Infant formula, MEAD JOHNSON,NEXT STEP PROSOBEE, prepared from powder",,,none,,
173554,"Infant formula, PBM PRODUCTS, store brand, powder",,,none,,
173555,"Infant formula, PBM PRODUCTS, store brand, soy, ready-to-feed",,,none,,
173556,"Infant formula, PBM PRODUCTS, store brand, soy, liquid concentrate, not reconstituted",,,none,,
173557,"Infant formula, PBM PRODUCTS, store brand, soy, powder",,,none,,
173558,"Infant formula, ABBOTT NUTRITION, SIMILAC, SENSITIVE, (LACTOSE FREE), liquid concentrate, with ARA and DHA",,,none,,
173559,"Infant formula, ABBOTT NUTRITION, SIMILAC, SENSITIVE, (LACTOSE FREE), powder, with ARA and DHA",,,none,,
173560,"Infant formula, ABBOTT NUTRITION, SIMILAC, ADVANCE, with iron, ready-to-feed",,,none,,
173561,"Infant formula, ABBOTT NUTRITION, SIMILAC, ADVANCE, with iron, powder, not reconstituted",,,none,,
173562,"Salad dressing, blue or roquefort cheese dressing, commercial, regular",,,none,,
173563,"Oil, cupu assu",http://purl.obolibrary.org/obo/FOODON_00003222,cupuaçu oil,flagged,USDA term shares no content word with the USDA name,review loop 2026-09-28
173564,"Fat, chicken",http://purl.obolibrary.org/obo/FOODON_03305091,chicken fat,accepted,,
173565,"Oil, soybean, salad or cooking, (partially hydrogenated) and cottonseed",,,added,FoodOn names it through a safe un-inverted form,review loop 2026-09-28
173566,"Shortening industrial, lard and vegetable oil",,,none,,
173567,"Shortening frying (heavy duty), beef tallow and cottonseed",,,none,,
173568,"Shortening confectionery, coconut (hydrogenated) and or palm kernel (hydrogenated)",,,none,,
173569,"Shortening industrial, soybean (hydrogenated) and cottonseed",http://purl.obolibrary.org/obo/FOODON_03304167,shortening (hydrogenated),flagged,"The FoodOn name lacks the USDA food's main word (shortening, industrial). The FoodOn name names a part the USDA name does not (oil).",review loop 2026-09-28
173570,"Oil, ucuhuba butter",http://purl.obolibrary.org/obo/FOODON_03000295,ucuhuba butter oil,accepted,,
173571,"Fat, turkey",http://purl.obolibrary.org/obo/FOODON_02020434,turkey fat,accepted,,
173572,"Fat, goose",http://purl.obolibrary.org/obo/FOODON_02020394,goose fat,accepted,,
173573,"Oil, avocado",http://purl.obolibrary.org/obo/FOODON_03311438,avocado oil,accepted,,
173574,"Shortening, special purpose for cakes and frostings, soybean (hydrogenated)",,,none,,
173575,"Shortening, special purpose for baking, soybean (hydrogenated) palm and cottonseed",,,none,,
173576,"Oil, oat",http://purl.obolibrary.org/obo/FOODON_03311725,oat bran oil,accepted,,
173577,"Fish oil, cod liver",http://purl.obolibrary.org/obo/FOODON_03000463,cod liver oil,accepted,,
173578,"Fish oil, sardine",http://purl.obolibrary.org/obo/FOODON_03000464,sardine oil,accepted,,
173579,"Shortening, multipurpose, soybean (hydrogenated) and palm (hydrogenated)",,,none,,
173580,"Margarine-like, vegetable oil-butter spread, tub, with salt",,,none,,
173581,"Butter, light, stick, with salt",http://purl.obolibrary.org/obo/FOODON_00005582,butter (light),accepted,,
173582,"Margarine-like, vegetable oil spread, 60% fat, tub, with salt",,,none,,
173583,"Margarine-like, vegetable oil spread, 60% fat, stick/tub/bottle, with salt",,,none,,
173584,"Shortening, vegetable, household, composite",http://purl.obolibrary.org/obo/FOODON_03302604,vegetable shortening,added,FoodOn names it through a safe un-inverted form,review loop 2026-09-28
173585,"Margarine, regular, 80% fat, composite, stick, without salt",,,none,,
173586,"Margarine-like spread with yogurt, approximately 40% fat, tub, with salt",,,none,,
173587,"Margarine, 80% fat, stick, includes regular and hydrogenated corn and soybean oils",,,none,,
173588,"Margarine, margarine-type vegetable oil spread, 70% fat, soybean and partially hydrogenated soybean, stick",,,none,,
173589,"Margarine Spread, 40-49% fat, tub",,,none,,
173590,"Salad dressing, italian dressing, fat-free",,,none,,
173591,"Salad dressing, ranch dressing, fat-free",,,none,,
173592,"Salad dressing, ranch dressing, regular",,,none,,
173593,"Salad dressing, ranch dressing, reduced fat",,,none,,
173594,"Salad dressing, mayonnaise, light",,,none,,
173595,"Oil, industrial, coconut, principal uses candy coatings, oil sprays, roasting nuts",http://purl.obolibrary.org/obo/FOODON_03310046,coconut oil,accepted,,
173596,"Oil, industrial, soy (partially hydrogenated), principal uses popcorn and flavoring vegetables",http://purl.obolibrary.org/obo/FOODON_00003225,soybean oil (partly hydrogenated),accepted,,
173597,"Shortening, industrial, soy (partially hydrogenated), pourable liquid fry shortening",http://purl.obolibrary.org/obo/FOODON_00003225,soybean oil (partly hydrogenated),flagged,The FoodOn name lacks the USDA food's main word (shortening). The FoodOn name names a part the USDA name does not (oil).,review loop 2026-09-28
173598,"Oil, industrial, soy, refined, for woks and light frying",http://purl.obolibrary.org/obo/FOODON_03302776,soybean oil,flagged,USDA term shares no content word with the USDA name,review loop 2026-09-28
173599,"Margarine-like shortening, industrial, soy (partially hydrogenated), cottonseed, and soy, principal use flaky pastries",,,none,,
173600,"Oil, industrial, palm kernel, confection fat, uses similar to high quality cocoa butter",http://purl.obolibrary.org/obo/FOODON_03310486,palm kernel oil,accepted,,
173601,"Oil, industrial, palm kernel (hydrogenated), confection fat, uses similar to 95 degree hard butter",http://purl.obolibrary.org/obo/FOODON_03310486,palm kernel oil,accepted,,
173602,"Oil, industrial, palm kernel (hydrogenated), confection fat, intermediate grade product",http://purl.obolibrary.org/obo/FOODON_03310486,palm kernel oil,accepted,,
173603,"Oil, industrial, palm kernel (hydrogenated), filling fat",http://purl.obolibrary.org/obo/FOODON_03310486,palm kernel oil,accepted,,
173604,"Oil, industrial, soy (partially hydrogenated ), palm, principal uses icings and fillings",,,none,,
173605,"Margarine, industrial, non-dairy, cottonseed, soy oil (partially hydrogenated ), for flaky pastries",,,none,,
173606,"Shortening, industrial, soy (partially hydrogenated ) and corn for frying",,,none,,
173607,"Shortening, industrial, soy (partially hydrogenated ) for baking and confections",http://purl.obolibrary.org/obo/FOODON_00003225,soybean oil (partly hydrogenated),flagged,The FoodOn name lacks the USDA food's main word (shortening). The FoodOn name names a part the USDA name does not (oil).,review loop 2026-09-28
173608,"Margarine-like spread, SMART BEAT Super Light without saturated fat",,,none,,
173609,"Margarine-like spread, SMART BEAT Smart Squeeze",,,none,,
173610,"Margarine-like spread, SMART BALANCE Omega Plus Spread (with plant sterols & fish oil)",,,none,,
173611,"Chicken, broilers or fryers, drumstick, meat and skin, cooked, fried, flour",,,none,,
173612,"Chicken, broilers or fryers, drumstick, meat and skin, cooked, roasted",http://purl.obolibrary.org/obo/FOODON_02020267,piece of chicken drumstick (with skin),accepted,,
173613,"Chicken, broilers or fryers, drumstick, meat and skin, cooked, stewed",http://purl.obolibrary.org/obo/FOODON_02020267,piece of chicken drumstick (with skin),accepted,,
173614,"Chicken, broilers or fryers, dark meat, drumstick, meat only, raw",http://purl.obolibrary.org/obo/FOODON_02020270,"piece of chicken drumstick (skinless, raw)",accepted,,
173615,"Chicken, broilers or fryers, leg, meat and skin, cooked, fried, batter",,,none,,
173616,"Chicken, broilers or fryers, leg, meat and skin, cooked, fried, flour",,,none,,
173617,"Chicken, broilers or fryers, leg, meat and skin, cooked, roasted",http://purl.obolibrary.org/obo/FOODON_02020263,piece of chicken leg (with skin),accepted,,
173618,"Chicken, broilers or fryers, leg, meat and skin, cooked, stewed",http://purl.obolibrary.org/obo/FOODON_02020263,piece of chicken leg (with skin),accepted,,
173619,"Chicken, broilers or fryers, leg, meat only, raw",http://purl.obolibrary.org/obo/FOODON_02020266,"piece of chicken leg (skinless, raw)",accepted,,
173620,"Chicken, broilers or fryers, neck, meat and skin, cooked, fried, batter",,,none,,
173621,"Chicken, broilers or fryers, neck, meat and skin, cooked, fried, flour",,,none,,
173622,"Chicken, broilers or fryers, neck, meat and skin, cooked simmered",http://purl.obolibrary.org/obo/FOODON_02020281,piece of chicken neck (with skin),accepted,,
173623,"Chicken, broilers or fryers, neck, meat only, raw",http://purl.obolibrary.org/obo/FOODON_02020284,"piece of chicken neck (skinless, raw)",accepted,,
173624,"Chicken, broilers or fryers, thigh, meat and skin, cooked, fried, flour",,,none,,
173625,"Chicken, broilers or fryers, thigh, meat and skin, cooked, roasted",http://purl.obolibrary.org/obo/FOODON_02020285,piece of chicken thigh (with skin),accepted,,
173626,"Chicken, broilers or fryers, thigh, meat and skin, cooked, stewed",http://purl.obolibrary.org/obo/FOODON_02020285,piece of chicken thigh (with skin),accepted,,
173627,"Chicken, broilers or fryers, dark meat, thigh, meat only, raw",http://purl.obolibrary.org/obo/FOODON_02020288,"piece of chicken thigh (skinless, raw)",accepted,,
173628,"Chicken, broilers or fryers, wing, meat and skin, cooked, fried, batter",,,none,,
173629,"Chicken, broilers or fryers, wing, meat and skin, cooked, fried, flour",,,none,,
173630,"Chicken, broilers or fryers, wing, meat and skin, cooked, roasted",http://purl.obolibrary.org/obo/FOODON_02020289,piece of chicken wing (with skin),accepted,,
173631,"Chicken, broilers or fryers, wing, meat and skin, cooked, stewed",http://purl.obolibrary.org/obo/FOODON_02020289,piece of chicken wing (with skin),accepted,,
173632,"Chicken, broilers or fryers, wing, meat only, raw",http://purl.obolibrary.org/obo/FOODON_02020292,"piece of chicken wing (skinless, raw)",accepted,,
173633,"Chicken, roasting, meat and skin and giblets and neck, cooked, roasted",http://purl.obolibrary.org/obo/FOODON_00004237,chicken (whole or pieces),flagged,"The FoodOn name is a whole animal, a plant or a catalog code, not a food (chicken carcass (with giblets and neck)).",review loop 2026-09-28
173634,"Canada Goose, breast meat only, skinless, raw",http://purl.obolibrary.org/obo/FOODON_02022592,"piece of Canada goose breast (skinless, raw)",accepted,,
173635,"Chicken, roasting, meat and skin, cooked, roasted",http://purl.obolibrary.org/obo/FOODON_02020209,piece of chicken meat (with skin),accepted,,
173636,"Chicken, roasting, meat only, raw",http://purl.obolibrary.org/obo/FOODON_02020208,"piece of chicken meat (skinless, raw)",accepted,,
173637,"Chicken, roasting, light meat, meat only, cooked, roasted",http://purl.obolibrary.org/obo/FOODON_02020303,piece of light chicken meat (skinless),accepted,,
173638,"Chicken, roasting, dark meat, meat only, raw",http://purl.obolibrary.org/obo/FOODON_02020298,"piece of dark chicken meat (skinless, raw)",accepted,,
173639,"Chicken, roasting, dark meat, meat only, cooked, roasted",http://purl.obolibrary.org/obo/FOODON_02020297,piece of dark chicken meat (skinless),accepted,,
173640,"Chicken, stewing, meat and skin, and giblets and neck, raw",http://purl.obolibrary.org/obo/FOODON_03301121,"chicken (whole or pieces, raw)",flagged,"The FoodOn name is a whole animal, a plant or a catalog code, not a food (chicken carcass (with giblets and neck, raw)).",review loop 2026-09-28
173641,"Chicken, stewing, giblets, raw",http://purl.obolibrary.org/obo/FOODON_03305358,chicken giblet (raw),flagged,"The FoodOn name is a whole animal, a plant or a catalog code, not a food (chicken carcass (with giblets, raw)).",review loop 2026-09-28
173642,"Chicken, stewing, giblets, cooked, simmered",,,flagged,"The FoodOn name is a whole animal, a plant or a catalog code, not a food (chicken carcass (with giblets)).",review loop 2026-09-28
173643,"Chicken, stewing, light meat, meat only, raw",http://purl.obolibrary.org/obo/FOODON_02020304,"piece of light chicken meat (skinless, raw)",accepted,,
173644,"Chicken, stewing, light meat, meat only, cooked, stewed",http://purl.obolibrary.org/obo/FOODON_02020303,piece of light chicken meat (skinless),accepted,,
173645,"Chicken, capons, meat and skin, raw",http://purl.obolibrary.org/obo/FOODON_02020210,"piece of chicken meat (with skin, raw)",accepted,,
173646,"Chicken, capons, meat and skin, cooked, roasted",http://purl.obolibrary.org/obo/FOODON_02020209,piece of chicken meat (with skin),accepted,,
173647,"Beverages, water, tap, drinking",,,flagged,USDA term is outside the edible branches,review loop 2026-09-28
173648,"Beverages, coffee substitute, cereal grain beverage, powder, prepared with whole milk",,,none,,
173649,"Beverages, Dairy drink mix, chocolate, reduced calorie, with low-calorie sweeteners, powder",,,none,,
173650,"Beverages, dairy drink mix, chocolate, reduced calorie, with aspartame, powder, prepared with water and ice",,,none,,
173651,"Beverages, Orange-flavor drink, breakfast type, with pulp, frozen concentrate.",,,none,,
173652,"Beverages, Orange-flavor drink, breakfast type, with pulp, frozen concentrate, prepared with water",,,none,,
173653,"Cranberry juice cocktail, frozen concentrate",,,none,,
173654,"Cranberry juice cocktail, frozen concentrate, prepared with water",,,none,,
173655,"Beverages, water, bottled, non-carbonated, DANNON",http://purl.obolibrary.org/obo/FOODON_00005581,non-carbonated water (bottled),accepted,,
173656,"Beverages, water, bottled, non-carbonated, PEPSI, AQUAFINA",http://purl.obolibrary.org/obo/FOODON_00005581,non-carbonated water (bottled),accepted,,
173657,"Water, bottled, non-carbonated, NAYA",http://purl.obolibrary.org/obo/FOODON_00005581,non-carbonated water (bottled),accepted,,
173658,"Beverages, DANNON, water, bottled, non-carbonated, with Fluoride",,,none,,
173659,"Beverages, drink mix, QUAKER OATS, GATORADE, orange flavor, powder",,,none,,
173660,"Beverages, PEPSICO QUAKER, Gatorade, G performance O 2, ready-to-drink.",,,none,,
173661,"Whiskey sour mix, bottled, with added potassium and sodium",,,none,,
173662,"Alcoholic beverage, whiskey sour",,,none,,
173663,"Alcoholic beverage, distilled, all (gin, rum, vodka, whiskey) 94 proof",,,none,,
173664,"Alcoholic beverage, distilled, all (gin, rum, vodka, whiskey) 100 proof",,,none,,
173665,"Alcoholic beverage, liqueur, coffee, 63 proof",,,none,,
173666,"Lemonade, frozen concentrate, pink",,,none,,
173667,"Beverages, lemonade, frozen concentrate, pink, prepared with water",,,none,,
173668,"Fish, herring, Atlantic, kippered",,,none,,
173669,"Fish, herring, Pacific, raw",http://purl.obolibrary.org/obo/FOODON_03308090,pacific herring (raw),accepted,,
173670,"Fish, ling, raw",http://purl.obolibrary.org/obo/FOODON_03308649,ling (raw),accepted,,
173671,"Fish, lingcod, raw",http://purl.obolibrary.org/obo/FOODON_03309162,lingcod (raw),accepted,,
173672,"Fish, mackerel, Pacific and jack, mixed species, raw",http://purl.obolibrary.org/obo/FOODON_03308920,pacific mackerel (raw),accepted,,
173673,"Fish, mackerel, spanish, raw",http://purl.obolibrary.org/obo/FOODON_03309110,spanish mackerel (raw),accepted,,
173674,"Fish, mackerel, spanish, cooked, dry heat",,,none,,
173675,"Fish, milkfish, raw",http://purl.obolibrary.org/obo/FOODON_03309108,milkfish (raw),accepted,,
173676,"Fish, monkfish, raw",http://purl.obolibrary.org/obo/FOODON_02022326,piece of monkfish (raw),accepted,,
173677,"Fish, pout, ocean, raw",http://purl.obolibrary.org/obo/FOODON_03309148,ocean pout (raw),accepted,,
173678,"Fish, perch, mixed species, raw",,,none,,
173679,"Fish, perch, mixed species, cooked, dry heat",,,none,,
173680,"Fish, pike, northern, raw",http://purl.obolibrary.org/obo/FOODON_03309125,northern pike (raw),accepted,,
173681,"Fish, pollock, Alaska, cooked, dry heat (may contain additives to retain moisture)",,,none,,
173682,"Fish, pompano, florida, raw",,,none,,
173683,"Fish, pompano, florida, cooked, dry heat",,,none,,
173684,"Fish, rockfish, Pacific, mixed species, raw",,,none,,
173685,"Fish, sablefish, smoked",,,none,,
173686,"Fish, salmon, Atlantic, wild, raw",http://purl.obolibrary.org/obo/FOODON_03307996,piece of atlantic salmon meat (raw),accepted,,
173687,"Fish, salmon, chinook, smoked",,,none,,
173688,"Fish, salmon, chinook, raw",http://purl.obolibrary.org/obo/FOODON_03308555,chinook salmon (raw),accepted,,
173689,"Fish, salmon, chum, raw",http://purl.obolibrary.org/obo/FOODON_03308222,chum salmon (raw),accepted,,
173690,"Fish, salmon, pink, canned, total can contents",,,none,,
173691,"Fish, salmon, sockeye, raw",http://purl.obolibrary.org/obo/FOODON_03308212,sockeye salmon (raw),accepted,,
173692,"Fish, salmon, sockeye, cooked, dry heat",,,none,,
173693,"Fish, salmon, sockeye, canned, drained solids",,,none,,
173694,"Fish, sea bass, mixed species, cooked, dry heat",,,none,,
173695,"Fish, seatrout, mixed species, raw",,,none,,
173696,"Fish, shad, american, raw",,,none,,
173697,"Fish, shark, mixed species, raw",,,none,,
173698,"Fish, snapper, mixed species, raw",,,none,,
173699,"Fish, snapper, mixed species, cooked, dry heat",,,none,,
173700,"Fish, spot, raw",,,none,,
173701,"Fish, sturgeon, mixed species, raw",,,none,,
173702,"Fish, surimi",,,none,,
173703,"Fish, swordfish, raw",http://purl.obolibrary.org/obo/FOODON_02022356,piece of swordfish (raw),accepted,,
173704,"Fish, swordfish, cooked, dry heat",http://purl.obolibrary.org/obo/FOODON_02022001,piece of swordfish,accepted,,
173705,"Fish, tilefish, raw",http://purl.obolibrary.org/obo/FOODON_02022357,piece of tilefish (raw),accepted,,
173706,"Fish, tuna, fresh, bluefin, raw",http://purl.obolibrary.org/obo/FOODON_03308443,bluefin tuna (raw),accepted,,
173707,"Fish, tuna, fresh, bluefin, cooked, dry heat",,,none,,
173708,"Fish, tuna, light, canned in oil, drained solids",,,none,,
173709,"Fish, tuna, light, canned in water, drained solids (Includes foods for USDA's Food Distribution Program)",http://purl.obolibrary.org/obo/FOODON_03308711,"tuna (light meat, canned)",accepted,,
173710,"Fish, turbot, european, raw",http://purl.obolibrary.org/obo/FOODON_03309197,european turbot (raw),accepted,,
173711,"Fish, whitefish, mixed species, raw",,,none,,
173712,"Fish, whitefish, mixed species, smoked",,,none,,
173713,"Fish, whiting, mixed species, raw",,,none,,
173714,"Fish, catfish, channel, wild, cooked, dry heat",,,none,,
173715,"Fish, salmon, coho, farmed, raw",http://purl.obolibrary.org/obo/FOODON_03308314,coho salmon (raw),accepted,,
173716,"Fish, salmon, coho, farmed, cooked, dry heat",,,none,,
173717,"Fish, trout, rainbow, farmed, raw",http://purl.obolibrary.org/obo/FOODON_03308453,rainbow trout (raw),accepted,,
173718,"Fish, trout, rainbow, farmed, cooked, dry heat",,,none,,
173719,"Fish, salmon, coho, wild, cooked, dry heat",,,none,,
173720,"Mollusks, conch, baked or broiled",,,none,,
173721,"Salmon nuggets, breaded, frozen, heated",,,none,,
173722,"Salmon nuggets, cooked as purchased, unheated",http://purl.obolibrary.org/obo/FOODON_00005538,salmon nugget,accepted,,
173723,"Salmon, sockeye, canned, drained solids, without skin and bones",http://purl.obolibrary.org/obo/FOODON_02021848,sockeye salmon,added,FoodOn names it through a safe un-inverted form,review loop 2026-09-28
173724,"Fish, Salmon, pink, canned, drained solids, without skin and bones",,,none,,
173725,"Fish, pollock, Alaska, raw",http://purl.obolibrary.org/obo/FOODON_03301079,pollock (raw),accepted,,
173726,"Fish, pollock, Alaska, cooked",,,none,,
173727,"Beans, adzuki, mature seeds, raw",http://purl.obolibrary.org/obo/FOODON_00002757,adzuki bean (dried),flagged,The FoodOn name says the opposite of the USDA name (dried).,review loop 2026-09-28
173728,"Beans, adzuki, mature seeds, cooked, boiled, without salt",http://purl.obolibrary.org/obo/FOODON_00005273,adzuki bean (mature),accepted,,
173729,"Beans, adzuki, mature seeds, canned, sweetened",,,none,,
173730,"Yokan, prepared from adzuki beans and sugar",,,none,,
173731,"Beans, baked, home prepared",http://purl.obolibrary.org/obo/FOODON_03301946,baked beans (dish),added,FoodOn names it through a safe un-inverted form,review loop 2026-09-28
173732,"Beans, baked, canned, with pork and sweet sauce",http://purl.obolibrary.org/obo/FOODON_03301466,pork and beans (canned),added,FoodOn names it through a safe un-inverted form,review loop 2026-09-28
173733,"Beans, baked, canned, with pork and tomato sauce",http://purl.obolibrary.org/obo/FOODON_03307027,pork and beans with tomato sauce (canned),added,FoodOn names it through a safe un-inverted form,review loop 2026-09-28
173734,"Beans, black, mature seeds, raw",http://purl.obolibrary.org/obo/FOODON_00005277,"black turtle bean (raw, mature)",accepted,,
173735,"Beans, black, mature seeds, cooked, boiled, without salt",http://purl.obolibrary.org/obo/FOODON_00005274,black turtle bean (mature),accepted,,
173736,"Beans, cranberry (roman), mature seeds, cooked, boiled, without salt",http://purl.obolibrary.org/obo/FOODON_00005289,cranberry bean (mature),accepted,,
173737,"Beans, cranberry (roman), mature seeds, canned",http://purl.obolibrary.org/obo/FOODON_00005289,cranberry bean (mature),accepted,,
173738,"Beans, french, mature seeds, raw",,,flagged,The FoodOn name names a part the USDA name does not (pod).,review loop 2026-09-28
173739,"Beans, french, mature seeds, cooked, boiled, without salt",,,flagged,"Found by hand: mature french bean seeds are a dry bean, not a green bean pod.",review loop 2026-09-28
173740,"Beans, kidney, all types, mature seeds, cooked, boiled, without salt",http://purl.obolibrary.org/obo/FOODON_00005254,kidney bean (mature),accepted,,
173741,"Beans, kidney, all types, mature seeds, canned",http://purl.obolibrary.org/obo/FOODON_03311156,kidney bean (canned),accepted,,
173742,"Beans, kidney, california red, mature seeds, raw",http://purl.obolibrary.org/obo/FOODON_00005270,"Red California kidney bean (raw, mature)",accepted,,
173743,"Beans, kidney, california red, mature seeds, cooked, boiled, without salt",http://purl.obolibrary.org/obo/FOODON_00005269,Red California kidney bean (mature),accepted,,
173744,"Beans, kidney, red, mature seeds, raw",http://purl.obolibrary.org/obo/FOODON_00005280,"red kidney bean (raw, mature)",accepted,,
173745,"Beans, navy, mature seeds, raw",http://purl.obolibrary.org/obo/FOODON_03000191,"navy bean (raw, mature)",accepted,,
173746,"Beans, navy, mature seeds, cooked, boiled, without salt",http://purl.obolibrary.org/obo/FOODON_00005253,navy bean (mature),accepted,,
173747,"Beans, navy, mature seeds, canned",http://purl.obolibrary.org/obo/FOODON_00004519,navy bean (canned),accepted,,
173748,"Beans, pink, mature seeds, raw",http://purl.obolibrary.org/obo/FOODON_03000192,"pink bean (raw, mature)",accepted,,
173749,"Beans, small white, mature seeds, raw",http://purl.obolibrary.org/obo/FOODON_03000194,"white bean (raw, mature)",accepted,,
173750,"Beans, small white, mature seeds, cooked, boiled, without salt",http://purl.obolibrary.org/obo/FOODON_00005263,white bean (mature),accepted,,
173751,"Beans, yellow, mature seeds, raw",http://purl.obolibrary.org/obo/FOODON_03000195,"yellow bean (raw, mature)",accepted,,
173752,"Beans, yellow, mature seeds, cooked, boiled, without salt",http://purl.obolibrary.org/obo/FOODON_00005262,yellow bean (mature),accepted,,
173753,"Broadbeans (fava beans), mature seeds, cooked, boiled, without salt",http://purl.obolibrary.org/obo/FOODON_00005261,broad bean (mature),accepted,,
173754,"Broadbeans (fava beans), mature seeds, canned",http://purl.obolibrary.org/obo/FOODON_03311845,"broad bean (cooked, canned)",accepted,,
173755,Carob flour,http://purl.obolibrary.org/obo/FOODON_00005548,Carob flour,accepted,,
173756,"Chickpeas (garbanzo beans, bengal gram), mature seeds, raw",http://purl.obolibrary.org/obo/FOODON_03000206,"chickpea (raw, mature)",accepted,,
173757,"Chickpeas (garbanzo beans, bengal gram), mature seeds, cooked, boiled, without salt",http://purl.obolibrary.org/obo/FOODON_00005264,chickpea (mature),accepted,,
173758,"Cowpeas, common (blackeyes, crowder, southern), mature seeds, raw",http://purl.obolibrary.org/obo/FOODON_03000202,"blackeyed pea (raw, mature)",accepted,,
173759,"Cowpeas, common (blackeyes, crowder, southern), mature seeds, cooked, boiled, without salt",http://purl.obolibrary.org/obo/FOODON_00005283,blackeyed pea (mature),accepted,,
173760,"Cowpeas, common (blackeyes, crowder, southern), mature seeds, canned, plain",http://purl.obolibrary.org/obo/FOODON_00003414,cowpea,accepted,,
173761,"Cowpeas, common (blackeyes, crowder, southern), mature seeds, canned with pork",,,none,,
173762,"Vitasoy USA, Organic Nasoya Extra Firm Tofu",http://purl.obolibrary.org/obo/FOODON_00004698,extra firm tofu,flagged,"The FoodOn name lacks the USDA food's main word (vitasoy, organic, nasoya).",review loop 2026-09-28
173763,"Vitasoy USA, Organic Nasoya Firm Tofu",http://purl.obolibrary.org/obo/FOODON_00005540,firm tofu,flagged,"The FoodOn name lacks the USDA food's main word (vitasoy, organic, nasoya).",review loop 2026-09-28
173764,"Vitasoy USA, Organic Nasoya Silken Tofu",http://purl.obolibrary.org/obo/FOODON_00005541,silken tofu,flagged,"The FoodOn name lacks the USDA food's main word (vitasoy, organic, nasoya).",review loop 2026-09-28
173765,"Soymilk (All flavors), enhanced",,,none,,
173766,"Soymilk, original and vanilla, light, with added calcium, vitamins A and D",,,none,,
173767,"Soymilk, chocolate and other flavors, light, with added calcium, vitamins A and D",,,none,,
173768,"Soymilk, original and vanilla, light, unsweetened, with added calcium, vitamins A and D",,,none,,
173769,"Soymilk (All flavors), lowfat, with added calcium, vitamins A and D",,,none,,
173770,"SILK Chocolate, soymilk",,,none,,
173771,"SILK Light Plain, soymilk",,,none,,
173772,"SILK Light Vanilla, soymilk",,,none,,
173773,"SILK Light Chocolate, soymilk",,,none,,
173774,"SILK Very Vanilla, soymilk",,,none,,
173775,"SILK Nog, soymilk",,,none,,
173776,"SILK Chai, soymilk",,,none,,
173777,"SILK Mocha, soymilk",,,none,,
173778,SILK Raspberry soy yogurt,,,none,,
173779,SILK Peach soy yogurt,,,none,,
173780,SILK Black Cherry soy yogurt,,,none,,
173781,SILK Blueberry soy yogurt,,,none,,
173782,SILK Hazelnut Creamer,,,none,,
173783,"Vitasoy USA Organic Nasoya, Soft Tofu",http://purl.obolibrary.org/obo/FOODON_00005539,soft tofu,flagged,"The FoodOn name lacks the USDA food's main word (vitasoy, organic, nasoya).",review loop 2026-09-28
173784,"Vitasoy USA Nasoya, Lite Silken Tofu",http://purl.obolibrary.org/obo/FOODON_00005541,silken tofu,flagged,"The FoodOn name lacks the USDA food's main word (vitasoy, nasoya).",review loop 2026-09-28
173785,"Vitasoy USA Organic Nasoya, Tofu Plus Extra Firm",http://purl.obolibrary.org/obo/FOODON_00004698,extra firm tofu,flagged,"The FoodOn name lacks the USDA food's main word (vitasoy, organic, nasoya).",review loop 2026-09-28
173786,"Vitasoy USA Azumaya, Silken Tofu",http://purl.obolibrary.org/obo/FOODON_00005541,silken tofu,flagged,"The FoodOn name lacks the USDA food's main word (vitasoy, azumaya).",review loop 2026-09-28
173787,HOUSE FOODS Premium Soft Tofu,http://purl.obolibrary.org/obo/FOODON_00005539,soft tofu,flagged,The FoodOn name lacks the USDA food's main word (premium).,review loop 2026-09-28
173788,HOUSE FOODS Premium Firm Tofu,http://purl.obolibrary.org/obo/FOODON_00005540,firm tofu,flagged,USDA term shares no content word with the USDA name,review loop 2026-09-28
173789,"Beans, adzuki, mature seed, cooked, boiled, with salt",http://purl.obolibrary.org/obo/FOODON_00005273,adzuki bean (mature),accepted,,
173790,"Beans, great northern, mature seeds, cooked, boiled, with salt",http://purl.obolibrary.org/obo/FOODON_00005272,great northern bean (mature),accepted,,
173791,"Beans, great northern, mature seeds, canned, low sodium",http://purl.obolibrary.org/obo/FOODON_03302057,great northern bean (canned),accepted,,
173792,"Beans, kidney, all types, mature seeds, cooked, boiled, with salt",http://purl.obolibrary.org/obo/FOODON_00005254,kidney bean (mature),accepted,,
173793,"Beans, kidney, california red, mature seeds, cooked, boiled, with salt",http://purl.obolibrary.org/obo/FOODON_00005269,Red California kidney bean (mature),accepted,,
173794,"Beans, navy, mature seeds, cooked, boiled, with salt",http://purl.obolibrary.org/obo/FOODON_00005253,navy bean (mature),accepted,,
173795,"Beans, pink, mature seeds, cooked, boiled, with salt",http://purl.obolibrary.org/obo/FOODON_00005266,pink bean (mature),accepted,,
173796,"Beans, pinto, mature seeds, cooked, boiled, with salt",http://purl.obolibrary.org/obo/FOODON_00005265,pinto bean (mature),accepted,,
173797,"Beans, pinto, mature seeds, canned, drained solids, rinsed in tap water",http://purl.obolibrary.org/obo/FOODON_00005265,pinto bean (mature),accepted,,
173798,"Broadbeans (fava beans), mature seeds, cooked, boiled, with salt",http://purl.obolibrary.org/obo/FOODON_00005261,broad bean (mature),accepted,,
173799,"Chickpeas (garbanzo beans, bengal gram), mature seeds, cooked, boiled, with salt",http://purl.obolibrary.org/obo/FOODON_00005264,chickpea (mature),accepted,,
173800,"Chickpeas (garbanzo beans, bengal gram), mature seeds, canned, drained solids",http://purl.obolibrary.org/obo/FOODON_03315784,chickpea (canned),accepted,,
173801,"Chickpeas (garbanzo beans, bengal gram), mature seeds, canned, drained, rinsed in tap water",http://purl.obolibrary.org/obo/FOODON_03315784,chickpea (canned),accepted,,
173802,"Lima beans, large, mature seeds, cooked, boiled, with salt",http://purl.obolibrary.org/obo/FOODON_00005284,lima bean (mature),flagged,"The FoodOn name lacks the USDA food's main word (lima, bean).",review loop 2026-09-28
173803,"Lima beans, thin seeded (baby), mature seeds, cooked, boiled, with salt",http://purl.obolibrary.org/obo/FOODON_00005284,lima bean (mature),accepted,,
173804,"Lupins, mature seeds, cooked, boiled, with salt",http://purl.obolibrary.org/obo/FOODON_00003737,lupine bean,flagged,USDA term shares no content word with the USDA name,review loop 2026-09-28
173805,"Mothbeans, mature seeds, cooked, boiled, with salt",http://purl.obolibrary.org/obo/FOODON_00005286,moth bean (mature),flagged,USDA term shares no content word with the USDA name,review loop 2026-09-28
173806,"Peanuts, all types, dry-roasted, without salt",,,none,,
173807,"Peanuts, spanish, oil-roasted, without salt",http://purl.obolibrary.org/obo/FOODON_00003700,spanish peanut,accepted,,
173808,"Peanuts, valencia, oil-roasted, without salt",http://purl.obolibrary.org/obo/FOODON_00003702,valencia peanut,accepted,,
173809,"Peanuts, virginia, oil-roasted, without salt",http://purl.obolibrary.org/obo/FOODON_00003703,virginia peanut,accepted,,
173810,"Lamb, New Zealand, imported, loin chop, separable lean only, raw",http://purl.obolibrary.org/obo/FOODON_02000278,lamb loin (raw),accepted,,
173811,"Lamb, New Zealand, imported, frozen, loin, separable lean only, cooked, broiled",http://purl.obolibrary.org/obo/FOODON_02000277,lamb loin,accepted,,
173812,"Lamb, New Zealand, imported, rack - partly frenched, separable lean and fat, raw",http://purl.obolibrary.org/obo/FOODON_02000273,lamb rib (raw),accepted,,
173813,"Lamb, New Zealand, imported, rack - partly frenched, separable lean and fat, cooked, fast roasted",http://purl.obolibrary.org/obo/FOODON_02000272,lamb rib,accepted,,
173814,"Lamb, New Zealand, imported, frozen, shoulder, whole (arm and blade), separable lean only, cooked, braised",http://purl.obolibrary.org/obo/FOODON_02000239,lamb shoulder,accepted,,
173815,"Veal, composite of trimmed retail cuts, separable lean and fat, raw",http://purl.obolibrary.org/obo/FOODON_02021380,veal retail cut (raw),accepted,,
173816,"Veal, composite of trimmed retail cuts, separable lean and fat, cooked",http://purl.obolibrary.org/obo/FOODON_02021379,veal retail cut,accepted,,
173817,"Veal, composite of trimmed retail cuts, separable lean only, raw",http://purl.obolibrary.org/obo/FOODON_02021380,veal retail cut (raw),accepted,,
173818,"Veal, leg (top round), separable lean and fat, cooked, braised",http://purl.obolibrary.org/obo/FOODON_02000348,veal top round,accepted,,
173819,"Veal, leg (top round), separable lean and fat, cooked, pan-fried, breaded",,,none,,
173820,"Veal, leg (top round), separable lean and fat, cooked, pan-fried, not breaded",http://purl.obolibrary.org/obo/FOODON_02000348,veal top round,accepted,,
173821,"Veal, leg (top round), separable lean and fat, cooked, roasted",http://purl.obolibrary.org/obo/FOODON_02000348,veal top round,accepted,,
173822,"Veal, leg (top round), separable lean only, cooked, roasted",http://purl.obolibrary.org/obo/FOODON_02000348,veal top round,accepted,,
173823,"Veal, loin, separable lean and fat, raw",http://purl.obolibrary.org/obo/FOODON_02000353,veal loin (raw),accepted,,
173824,"Veal, loin, separable lean and fat, cooked, braised",http://purl.obolibrary.org/obo/FOODON_02000352,veal loin,accepted,,
173825,"Veal, loin, separable lean and fat, cooked, roasted",http://purl.obolibrary.org/obo/FOODON_02000352,veal loin,accepted,,
173826,"Veal, loin, separable lean only, raw",http://purl.obolibrary.org/obo/FOODON_02000353,veal loin (raw),accepted,,
173827,"Veal, rib, separable lean and fat, cooked, roasted",http://purl.obolibrary.org/obo/FOODON_02000354,veal rib,accepted,,
173828,"Veal, rib, separable lean only, raw",http://purl.obolibrary.org/obo/FOODON_02000355,veal rib (raw),accepted,,
173829,"Veal, rib, separable lean only, cooked, braised",http://purl.obolibrary.org/obo/FOODON_02000354,veal rib,accepted,,
173830,"Veal, rib, separable lean only, cooked, roasted",http://purl.obolibrary.org/obo/FOODON_02000354,veal rib,accepted,,
173831,"Veal, shoulder, whole (arm and blade), separable lean only, cooked, braised",http://purl.obolibrary.org/obo/FOODON_02000366,veal shoulder,accepted,,
173832,"Veal, shoulder, whole (arm and blade), separable lean only, cooked, roasted",http://purl.obolibrary.org/obo/FOODON_02000366,veal shoulder,accepted,,
173833,"Veal, shoulder, arm, separable lean and fat, raw",http://purl.obolibrary.org/obo/FOODON_02000371,veal shoulder arm (raw),accepted,,
173834,"Veal, shoulder, arm, separable lean and fat, cooked, braised",http://purl.obolibrary.org/obo/FOODON_02000370,veal shoulder arm,accepted,,
173835,"Veal, shoulder, blade chop, separable lean and fat, raw",http://purl.obolibrary.org/obo/FOODON_02000369,veal shoulder blade (raw),accepted,,
173836,"Veal, shoulder, blade, separable lean and fat, cooked, braised",http://purl.obolibrary.org/obo/FOODON_02000368,veal shoulder blade,accepted,,
173837,"Veal, shoulder, blade, separable lean and fat, cooked, roasted",http://purl.obolibrary.org/obo/FOODON_02000368,veal shoulder blade,accepted,,
173838,"Veal, shoulder, blade chop, separable lean only, raw",http://purl.obolibrary.org/obo/FOODON_02000369,veal shoulder blade (raw),accepted,,
173839,"Veal, shoulder, blade, separable lean only, cooked, braised",http://purl.obolibrary.org/obo/FOODON_02000368,veal shoulder blade,accepted,,
173840,"Veal, sirloin, separable lean only, raw",http://purl.obolibrary.org/obo/FOODON_02000365,veal sirloin (raw),accepted,,
173841,"Veal, sirloin, separable lean only, cooked, braised",http://purl.obolibrary.org/obo/FOODON_02000364,veal sirloin,accepted,,
173842,"Veal, sirloin, separable lean only, cooked, roasted",http://purl.obolibrary.org/obo/FOODON_02000364,veal sirloin,accepted,,
173843,"Veal, cubed for stew (leg and shoulder), separable lean only, raw",http://purl.obolibrary.org/obo/FOODON_02021343,"piece of veal meat (cubed, raw)",accepted,,
173844,"Game meat, antelope, cooked, roasted",http://purl.obolibrary.org/obo/FOODON_02020827,piece of antelope meat,accepted,,
173845,"Game meat, bear, raw",http://purl.obolibrary.org/obo/FOODON_02021772,piece of bear meat (raw),flagged,USDA term shares no content word with the USDA name,review loop 2026-09-28
173846,"Game meat, bear, cooked, simmered",http://purl.obolibrary.org/obo/FOODON_02021771,piece of bear meat,accepted,,
173847,"Bison, ground, grass-fed, cooked",http://purl.obolibrary.org/obo/FOODON_02020856,bison meat (ground),accepted,,
173848,"Game meat, beefalo, composite of cuts, cooked, roasted",http://purl.obolibrary.org/obo/FOODON_02020998,butchery cut of beefalo,accepted,,
173849,"Veal, Australian, separable fat, raw",http://purl.obolibrary.org/obo/FOODON_02021295,veal fat (raw),accepted,,
173850,"Veal, Australian, rib, rib roast, separable lean and fat, raw",http://purl.obolibrary.org/obo/FOODON_02000357,veal rib roast (raw),accepted,,
173851,"Game meat, bison, separable lean only, raw",http://purl.obolibrary.org/obo/FOODON_00004415,piece of bison meat (raw),accepted,,
173852,"Game meat, bison, separable lean only, cooked, roasted",http://purl.obolibrary.org/obo/FOODON_02020847,piece of bison meat,accepted,,
173853,"Game meat, caribou, raw",http://purl.obolibrary.org/obo/FOODON_03306460,piece of caribou meat (raw),flagged,USDA term shares no content word with the USDA name,review loop 2026-09-28
173854,"Game meat, caribou, cooked, roasted",http://purl.obolibrary.org/obo/FOODON_02021442,piece of reindeer meat,flagged,USDA term shares no content word with the USDA name,review loop 2026-09-28
173855,"Game meat, deer, raw",http://purl.obolibrary.org/obo/FOODON_03306467,piece of deer meat (raw),accepted,,
173856,"Bologna, pork",http://purl.obolibrary.org/obo/FOODON_00005510,pork bologna,accepted,,
173857,"Bologna, turkey",http://purl.obolibrary.org/obo/FOODON_00005511,turkey bologna,accepted,,
173858,Chicken spread,http://purl.obolibrary.org/obo/FOODON_03303021,chicken spread,added,FoodOn names it through a safe un-inverted form,review loop 2026-09-28
173859,"Sausage, pork, chorizo, link or ground, raw",http://purl.obolibrary.org/obo/FOODON_03316070,chorizo,added,FoodOn names it through a safe un-inverted form,review loop 2026-09-28
173860,"Corned beef loaf, jellied",,,none,,
173861,"Dutch brand loaf, chicken, pork and beef",,,none,,
173862,"Frankfurter, beef, unheated",http://purl.obolibrary.org/obo/FOODON_03310577,beef frankfurter,accepted,,
173863,"Ham, sliced, pre-packaged, deli meat (96%fat free, water added)",http://purl.obolibrary.org/obo/FOODON_03311694,"ham (sliced, cooked)",accepted,,
173864,"Ham, sliced, regular (approximately 11% fat)",http://purl.obolibrary.org/obo/FOODON_00002502,ham food product,accepted,,
173865,"Ham, minced",,,flagged,The FoodOn name lacks the USDA food's main word (ham).,review loop 2026-09-28
173866,Ham salad spread,,,none,,
173867,"Knackwurst, knockwurst, pork, beef",,,none,,
173868,"Lebanon bologna, beef",http://purl.obolibrary.org/obo/FOODON_00005570,lebanon bologna,accepted,,
173869,"Liver cheese, pork",http://purl.obolibrary.org/obo/FOODON_00005572,pork liver cheese,accepted,,
173870,"Liver sausage, liverwurst, pork",http://purl.obolibrary.org/obo/FOODON_03310838,pork liver sausage,accepted,,
173871,"Sausage, turkey, fresh, cooked",http://purl.obolibrary.org/obo/FOODON_00003297,turkey sausage,accepted,,
173872,"Bologna, chicken, pork, beef",http://purl.obolibrary.org/obo/FOODON_03306503,bologna,added,FoodOn names it through a safe un-inverted form,review loop 2026-09-28
173873,"Bologna, chicken, pork",http://purl.obolibrary.org/obo/FOODON_00005509,chicken bologna,accepted,,
173874,"Chicken breast, deli, rotisserie seasoned, sliced, prepackaged",,,none,,
173875,"Frankfurter, meat and poultry, unheated",,,none,,
173876,"Pork sausage, link/patty, fully cooked, unheated",http://purl.obolibrary.org/obo/FOODON_00005560,pork sausage link,accepted,,
173877,"Kielbasa, fully cooked, grilled",,,none,,
173878,"Kielbasa, fully cooked, pan-fried",,,none,,
173879,"Kielbasa, fully cooked, unheated",,,none,,
173880,"Sausage, chicken or turkey, Italian style,  lower sodium",,,none,,
173881,"Ham, smoked, extra lean, low sodium",http://purl.obolibrary.org/obo/FOODON_03302180,ham (smoked),accepted,,
173882,"Pork sausage, reduced sodium, cooked",,,none,,
173883,"Sausage, pork, turkey, and beef, reduced sodium",,,added,FoodOn names it through a safe un-inverted form,review loop 2026-09-28
173884,"Cereals ready-to-eat, GENERAL MILLS, CHEERIOS",,,none,,
173885,"Cereals ready-to-eat, POST, COCOA PEBBLES",,,none,,
173886,"Cereals ready-to-eat, QUAKER, QUAKER CRUNCHY BRAN",,,none,,
173887,"Cereals ready-to-eat, RALSTON CRISP RICE",,,none,,
173888,"Cereals ready-to-eat, POST Bran Flakes",,,none,,
173889,"Cereals ready-to-eat, POST, Honeycomb Cereal",,,none,,
173890,"Cereals ready-to-eat, QUAKER, KING VITAMAN",,,none,,
173891,"Cereals ready-to-eat, QUAKER, QUAKER OAT LIFE, plain",,,none,,
173892,"Cereals ready-to-eat, QUAKER, 100% Natural Granola, Oats, Wheat and Honey",,,none,,
173893,"Cereals ready-to-eat, RALSTON TASTEEOS",,,none,,
173894,"Cereals ready-to-eat, POST, Honey Nut Shredded Wheat",,,none,,
173895,"Cereals ready-to-eat, MALT-O-MEAL, CORN BURSTS",,,none,,
173896,"Cereals ready-to-eat, wheat germ, toasted, plain",http://purl.obolibrary.org/obo/FOODON_03311486,wheat-based breakfast cereal ready-to-eat,accepted,,
173897,"Cereals, QUAKER, corn grits, instant, plain, prepared (microwaved or boiling water added), without salt",http://purl.obolibrary.org/obo/FOODON_03317230,corn grits (quick),accepted,,
173898,"Cereals, QUAKER, corn grits, instant, cheddar cheese flavor, dry",,,none,,
173899,"Cereals, QUAKER, Instant Grits, Country Bacon flavor, dry",,,none,,
173900,"Cereals, CREAM OF RICE, dry",http://purl.obolibrary.org/obo/FOODON_00005562,cream of rice,accepted,,
173901,"Cereals, CREAM OF WHEAT, regular, 10 minute cooking, dry",http://purl.obolibrary.org/obo/FOODON_03309886,cream of wheat (dry),accepted,,
173902,"Cereals, CREAM OF WHEAT, instant, prepared with water, without salt",http://purl.obolibrary.org/obo/FOODON_00005563,cream of wheat,accepted,,
173903,"Cereals, MALT-O-MEAL, original, plain, dry",,,none,,
173904,"Cereals, oats, regular and quick, not fortified, dry",http://purl.obolibrary.org/obo/FOODON_00005568,quick oats,accepted,,
173905,"Cereals, oats, regular and quick, unenriched, cooked with water (includes boiling and microwaving), without salt",http://purl.obolibrary.org/obo/FOODON_00005568,quick oats,accepted,,
173906,"Cereals, oats, instant, fortified, with cinnamon and spice, prepared with water",,,none,,
173907,"Cereals, QUAKER, Instant Oatmeal, maple and brown sugar, dry",,,none,,
173908,"Cereals, oats, instant, fortified, with raisins and spice, prepared with water",,,none,,
173909,"Cereals ready-to-eat, MALT-O-MEAL, MARSHMALLOW MATEYS",,,none,,
173910,"Cereals ready-to-eat, POST, Shredded Wheat, original big biscuit",http://purl.obolibrary.org/obo/FOODON_03303943,shredded wheat breakfast cereal,accepted,,
173911,"Cereals ready-to-eat, POST, Shredded Wheat, original spoon-size",http://purl.obolibrary.org/obo/FOODON_03303943,shredded wheat breakfast cereal,accepted,,
173912,"Cereals ready-to-eat, rice, puffed, fortified",http://purl.obolibrary.org/obo/FOODON_00005564,puffed rice cereal (fortified),accepted,,
173913,"Cereals ready-to-eat, wheat, puffed, fortified",http://purl.obolibrary.org/obo/FOODON_00005565,puffed wheat cereal (fortified),accepted,,
173914,"Cereals, CREAM OF RICE, cooked with water, with salt",http://purl.obolibrary.org/obo/FOODON_00005562,cream of rice,accepted,,
173915,"Cereals, CREAM OF WHEAT, regular (10 minute), cooked with water, with salt",http://purl.obolibrary.org/obo/FOODON_00005563,cream of wheat,accepted,,
173916,"Cereals, farina, unenriched, dry",http://purl.obolibrary.org/obo/FOODON_03302621,farina,accepted,,
173917,"Cereals, farina, enriched, cooked with water, with salt",http://purl.obolibrary.org/obo/FOODON_03311057,farina (cooked),accepted,,
173918,"Cereals ready-to-eat, POST, Shredded Wheat, lightly frosted, spoon-size",,,none,,
173919,"Cereals ready-to-eat, POST SELECTS Blueberry Morning",,,none,,
173920,"Cereals, oats, instant, fortified, maple and brown sugar, dry",,,none,,
173921,"Cereals ready-to-eat, QUAKER WHOLE HEARTS oat cereal",,,none,,
173922,"Cereals, QUAKER, Weight Control Instant Oatmeal, maple and brown sugar",,,none,,
173923,"Cereals, QUAKER, Weight Control Instant Oatmeal, banana bread",,,none,,
173924,"Cereals, QUAKER, oatmeal, REAL MEDLEYS, peach almond, dry",,,none,,
173925,"Cereals, QUAKER, oatmeal, REAL MEDLEYS, cherry pistachio, dry",,,none,,
173926,"Cereals, QUAKER, Instant Oatmeal, weight control, cinnamon",,,none,,
173927,"Cereals ready-to-eat, MOM'S BEST, Sweetened WHEAT-FULS",,,none,,
173928,"Apples, raw, without skin, cooked, boiled",http://purl.obolibrary.org/obo/FOODON_00004473,apple (peeled),flagged,The FoodOn name says the opposite of the USDA name (raw).,review loop 2026-09-28
173929,"Apples, raw, without skin, cooked, microwave",http://purl.obolibrary.org/obo/FOODON_00004473,apple (peeled),flagged,The FoodOn name says the opposite of the USDA name (raw).,review loop 2026-09-28
173930,"Apples, canned, sweetened, sliced, drained, heated",http://purl.obolibrary.org/obo/FOODON_03307595,"apple (sliced, canned)",accepted,,
173931,"Apples, dehydrated (low moisture), sulfured, uncooked",http://purl.obolibrary.org/obo/FOODON_03301950,apple (dried),accepted,,
173932,"Apples, frozen, unsweetened, heated (Includes foods for USDA's Food Distribution Program)",http://purl.obolibrary.org/obo/FOODON_00002473,apple,accepted,,
173933,"Apple juice, canned or bottled, unsweetened, without added ascorbic acid",http://purl.obolibrary.org/obo/FOODON_03310588,apple juice (canned),accepted,,
173934,"Apple juice, frozen concentrate, unsweetened, undiluted, without added ascorbic acid",,,flagged,Found by hand: undiluted apple juice concentrate is not a juice drink.,review loop 2026-09-28
173935,"Apple juice, frozen concentrate, unsweetened, diluted with 3 volume water without added ascorbic acid",http://purl.obolibrary.org/obo/FOODON_03301957,apple juice drink (frozen concentrate),accepted,,
173936,"Apricots, canned, water pack, without skin, solids and liquids",http://purl.obolibrary.org/obo/FOODON_03301200,apricot (canned),accepted,,
173937,"Apricots, canned, juice pack, with skin, solids and liquids",http://purl.obolibrary.org/obo/FOODON_03301200,apricot (canned),accepted,,
173938,"Apricots, canned, extra light syrup pack, with skin, solids and liquids (Includes foods for USDA's Food Distribution Program)",http://purl.obolibrary.org/obo/FOODON_03301200,apricot (canned),accepted,,
173939,"Apricots, canned, light syrup pack, with skin, solids and liquids",,,none,,
173940,"Apricots, dehydrated (low-moisture), sulfured, stewed",http://purl.obolibrary.org/obo/FOODON_03301756,apricot (dried),accepted,,
173941,"Apricots, dried, sulfured, uncooked",http://purl.obolibrary.org/obo/FOODON_03301756,apricot (dried),accepted,,
173942,"Apricots, dried, sulfured, stewed, without added sugar",http://purl.obolibrary.org/obo/FOODON_03301756,apricot (dried),accepted,,
173943,"Apricots, dried, sulfured, stewed, with added sugar",,,none,,
173944,"Bananas, raw",http://purl.obolibrary.org/obo/FOODON_00004184,banana (raw),accepted,,
173945,"Bananas, dehydrated, or banana powder",http://purl.obolibrary.org/obo/FOODON_00002803,banana powder,accepted,,
173946,"Blackberries, raw",http://purl.obolibrary.org/obo/FOODON_03301236,blackberry (raw),accepted,,
173947,"Blackberry juice, canned",http://purl.obolibrary.org/obo/FOODON_03303186,blackberry juice,accepted,,
173948,"Blueberries, canned, heavy syrup, solids and liquids",,,none,,
173949,"Blueberries, wild, frozen (Includes foods for USDA's Food Distribution Program)",http://purl.obolibrary.org/obo/FOODON_00003541,blueberry,accepted,,
173950,"Blueberries, frozen, unsweetened (Includes foods for USDA's Food Distribution Program)",http://purl.obolibrary.org/obo/FOODON_00003541,blueberry,accepted,,
173951,"Blueberries, frozen, sweetened",,,none,,
173952,"Carissa, (natal-plum), raw",http://purl.obolibrary.org/obo/FOODON_03306891,natal plum (raw),flagged,The FoodOn name lacks the USDA food's main word (carissa).,review loop 2026-09-28
173953,"Cherimoya, raw",http://purl.obolibrary.org/obo/FOODON_00003033,cherimoya fruit (raw),accepted,,
173954,"Cherries, sour, red, raw",http://purl.obolibrary.org/obo/FOODON_00004218,sour cherry (raw),accepted,,
173955,"Cherries, sour, red, canned, water pack, solids and liquids",http://purl.obolibrary.org/obo/FOODON_00003534,sour cherry,accepted,,
173956,"Cherries, sour, red, canned, light syrup pack, solids and liquids",,,none,,
173957,"Cherries, sweet, canned, water pack, solids and liquids",http://purl.obolibrary.org/obo/FOODON_00003413,sweet cherry,accepted,,
173958,"Cherries, sweet, canned, juice pack, solids and liquids",http://purl.obolibrary.org/obo/FOODON_00003413,sweet cherry,accepted,,
173959,"Cherries, sweet, canned, light syrup pack, solids and liquids",http://purl.obolibrary.org/obo/FOODON_00003413,sweet cherry,accepted,,
173960,"Cherries, sweet, canned, pitted, heavy syrup pack, solids and liquids",,,none,,
173961,"Cranberry sauce, canned, sweetened",,,none,,
173962,"Cranberry-orange relish, canned",,,none,,
173963,"Currants, european black, raw",http://purl.obolibrary.org/obo/FOODON_03311604,black currant (raw),accepted,,
173964,"Currants, red and white, raw",http://purl.obolibrary.org/obo/FOODON_00003008,red currant (raw),accepted,,
173965,"Beef, Australian, imported, grass-fed, loin, tenderloin steak/roast, boneless, separable lean only, raw",http://purl.obolibrary.org/obo/FOODON_02000142,beef tenderloin roast (raw),accepted,,
173966,"Beef, Australian, imported, Wagyu, loin, tenderloin steak/roast, boneless, separable lean only, Aust. marble score 4/5, raw",http://purl.obolibrary.org/obo/FOODON_02000142,beef tenderloin roast (raw),accepted,,
173967,"Beef, Australian, imported, Wagyu, external fat, Aust. marble score 9, raw",http://purl.obolibrary.org/obo/FOODON_02020908,beef external fat (raw),accepted,,
173968,"Beef, Australian, imported, Wagyu, seam fat, Aust. marble score 9, raw",http://purl.obolibrary.org/obo/FOODON_02020909,beef seam fat (raw),accepted,,
173969,"Beef, Australian, imported, grass-fed, loin, tenderloin steak/roast, boneless, separable lean and fat, raw",http://purl.obolibrary.org/obo/FOODON_02000142,beef tenderloin roast (raw),accepted,,
173970,"Beef, Australian, imported, grass-fed, loin, top loin steak/roast, boneless, separable lean only, raw",http://purl.obolibrary.org/obo/FOODON_02000126,"beef strip roast (boneless, raw)",accepted,,
173971,"Beef, Australian, imported, grass-fed, round, bottom round steak/roast, boneless, separable lean only, raw",http://purl.obolibrary.org/obo/FOODON_02000007,"beef bottom round steak (boneless, raw)",accepted,,
173972,"Beef, Australian, imported, grass-fed, round, top round cap-off steak/roast, boneless, separable lean only, raw",http://purl.obolibrary.org/obo/FOODON_02000019,"beef top round steak (cap off, raw)",accepted,,
173973,"Beef, Australian, imported, Wagyu, loin, tenderloin steak/roast, boneless, separable lean only, Aust. marble score 9, raw",http://purl.obolibrary.org/obo/FOODON_02000142,beef tenderloin roast (raw),accepted,,
173974,"Beef, Australian, imported, Wagyu, loin, top loin steak/roast, boneless, separable lean only, Aust. marble score 4/5, raw",http://purl.obolibrary.org/obo/FOODON_02000126,"beef strip roast (boneless, raw)",accepted,,
173975,"Beef, Australian, imported, grass-fed, rib, ribeye steak/roast lip-on, boneless, separable lean and fat, raw",http://purl.obolibrary.org/obo/FOODON_02000210,beef ribeye steak (raw),accepted,,
173976,"Beef, Australian, imported, grass-fed, round, bottom round steak/roast, boneless, separable lean and fat, raw",http://purl.obolibrary.org/obo/FOODON_02000007,"beef bottom round steak (boneless, raw)",accepted,,
173977,"Beef, Australian, imported, grass-fed, round, top round cap-off steak/roast, boneless, separable lean and fat, raw",http://purl.obolibrary.org/obo/FOODON_02000020,"beef top round steak (cap off, boneless, raw)",accepted,,
173978,"Beef, Australian, imported, Wagyu, loin, top loin steak/roast, boneless, separable lean and fat, Aust. marble score 4/5, raw",http://purl.obolibrary.org/obo/FOODON_02000126,"beef strip roast (boneless, raw)",accepted,,
173979,"Beef, Australian, imported, Wagyu, loin, top loin steak/roast, separable lean and fat, Aust. marble score 9, raw",http://purl.obolibrary.org/obo/FOODON_02000126,"beef strip roast (boneless, raw)",accepted,,
173980,"Beef, round, top round steak, boneless, separable lean and fat, trimmed to 0"" fat, choice, raw",http://purl.obolibrary.org/obo/FOODON_02000017,"beef top round steak (boneless, raw)",accepted,,
173981,"Beef, round, top round steak, boneless, separable lean and fat, trimmed to 0"" fat, select, raw",http://purl.obolibrary.org/obo/FOODON_02000017,"beef top round steak (boneless, raw)",accepted,,
173982,"Beef, round, top round roast, boneless, separable lean and fat, trimmed to 0"" fat, all grades, raw",http://purl.obolibrary.org/obo/FOODON_02000024,"beef top round roast (boneless, raw)",accepted,,
173983,"Beef, round, top round roast, boneless, separable lean and fat, trimmed to 0"" fat, choice, raw",http://purl.obolibrary.org/obo/FOODON_02000024,"beef top round roast (boneless, raw)",accepted,,
173984,"Beef, round, eye of round steak, boneless, separable lean and fat, trimmed to 0"" fat, all grades, raw",http://purl.obolibrary.org/obo/FOODON_02000044,beef eye of round steak (raw),accepted,,
173985,"Beef, round, eye of round steak, boneless separable lean and fat, trimmed to 0"" fat, choice, raw",http://purl.obolibrary.org/obo/FOODON_02000044,beef eye of round steak (raw),accepted,,
173986,"Beef, round, eye of round steak, boneless, separable lean and fat, trimmed to 0"" fat, select, raw",http://purl.obolibrary.org/obo/FOODON_02000044,beef eye of round steak (raw),accepted,,
173987,"Beef, loin, tenderloin roast, boneless, separable lean and fat, trimmed to 0"" fat, all grades, raw",http://purl.obolibrary.org/obo/FOODON_02000142,beef tenderloin roast (raw),accepted,,
173988,"Beef, loin, tenderloin steak, boneless, separable lean and fat, trimmed to 0"" fat, all grades, raw",http://purl.obolibrary.org/obo/FOODON_02000144,beef tenderloin steak (raw),accepted,,
173989,"Beef, loin, tenderloin steak, boneless, separable lean and fat, trimmed to 0"" fat, choice, raw",http://purl.obolibrary.org/obo/FOODON_02000144,beef tenderloin steak (raw),accepted,,
173990,"Beef, loin, tenderloin steak, boneless, separable lean and fat, trimmed to 0"" fat, select, raw",http://purl.obolibrary.org/obo/FOODON_02000144,beef tenderloin steak (raw),accepted,,
173991,"Beef, loin, tenderloin roast, boneless, separable lean and fat, trimmed to 0"" fat, all grades, cooked, roasted",http://purl.obolibrary.org/obo/FOODON_02000141,beef tenderloin roast,accepted,,
173992,"Beef, round, top round roast, boneless, separable lean and fat, trimmed to 0"" fat, select, cooked, roasted",http://purl.obolibrary.org/obo/FOODON_02000023,beef top round roast (boneless),accepted,,
173993,"Beef, round, eye of round steak, boneless, separable lean and fat, trimmed to 0"" fat, all grades, cooked, grilled",http://purl.obolibrary.org/obo/FOODON_02000043,beef eye of round steak,accepted,,
173994,"Beef, round, eye of round steak, boneless, separable lean and fat, trimmed to 0"" fat, choice, cooked, grilled",http://purl.obolibrary.org/obo/FOODON_02000043,beef eye of round steak,accepted,,
173995,"Beef, round, eye of round steak, boneless, separable lean and fat, trimmed to 0"" fat, select, cooked, grilled",http://purl.obolibrary.org/obo/FOODON_02000043,beef eye of round steak,accepted,,
173996,"Beef, round, top round roast, boneless, separable lean only, trimmed to 0"" fat, choice, raw",http://purl.obolibrary.org/obo/FOODON_02000024,"beef top round roast (boneless, raw)",accepted,,
173997,"Beef, round, top round roast, boneless, separable lean only, trimmed to 0"" fat, select, raw",http://purl.obolibrary.org/obo/FOODON_02000024,"beef top round roast (boneless, raw)",accepted,,
173998,"Beef, round, eye of round roast, boneless, separable lean only, trimmed to 0"" fat, all grades, raw",http://purl.obolibrary.org/obo/FOODON_02000042,beef eye of round roast (raw),accepted,,
173999,"Beef, round, eye of round roast, boneless, separable lean only, trimmed to 0"" fat, choice, raw",http://purl.obolibrary.org/obo/FOODON_02000042,beef eye of round roast (raw),accepted,,
174000,"Beef, loin, tenderloin roast, boneless, separable lean only, trimmed to 0"" fat, choice, raw",http://purl.obolibrary.org/obo/FOODON_02000142,beef tenderloin roast (raw),accepted,,
174001,"Beef, loin, tenderloin roast, boneless, separable lean only, trimmed to 0"" fat, select, raw",http://purl.obolibrary.org/obo/FOODON_02000142,beef tenderloin roast (raw),accepted,,
174002,"Beef, loin, top loin steak, boneless, lip off, separable lean only, trimmed to 0"" fat, all grades, raw",http://purl.obolibrary.org/obo/FOODON_02000128,"beef strip steak (boneless, raw)",accepted,,
174003,"Beef, loin, top loin steak, boneless, lip off, separable lean only, trimmed to 0"" fat, choice, raw",http://purl.obolibrary.org/obo/FOODON_02000128,"beef strip steak (boneless, raw)",accepted,,
174004,"Beef, loin, tenderloin roast, boneless, separable lean only, trimmed to 0"" fat, all grades, cooked, roasted",http://purl.obolibrary.org/obo/FOODON_02000141,beef tenderloin roast,accepted,,
174005,"Beef, loin, tenderloin roast, boneless, separable lean only, trimmed to 0"" fat, choice, cooked, roasted",http://purl.obolibrary.org/obo/FOODON_02000141,beef tenderloin roast,accepted,,
174006,"Beef, loin, tenderloin roast, separable lean only, boneless, trimmed to 0"" fat, select, cooked, roasted",http://purl.obolibrary.org/obo/FOODON_02000141,beef tenderloin roast,accepted,,
174007,"Beef, round, top round roast, boneless, separable lean only, trimmed to 0"" fat, all grades, cooked, roasted",http://purl.obolibrary.org/obo/FOODON_02000023,beef top round roast (boneless),accepted,,
174008,"Beef, round, eye of round steak, boneless, separable lean only, trimmed to 0"" fat, select, cooked, grilled",http://purl.obolibrary.org/obo/FOODON_02000043,beef eye of round steak,accepted,,
174009,"Beef, loin, top loin steak, boneless, lip-on, separable lean only, trimmed to 1/8"" fat, select, raw",http://purl.obolibrary.org/obo/FOODON_02000128,"beef strip steak (boneless, raw)",accepted,,
174010,"Beef, loin, top loin steak, boneless, lip-on, separable lean only, trimmed to 1/8"" fat, choice, raw",http://purl.obolibrary.org/obo/FOODON_02000128,"beef strip steak (boneless, raw)",accepted,,
174011,"Beef, loin, top loin steak, boneless, lip-on, separable lean only, trimmed to 1/8"" fat, all grades, raw",http://purl.obolibrary.org/obo/FOODON_02000128,"beef strip steak (boneless, raw)",accepted,,
174012,"Beef, composite of trimmed retail cuts, separable lean only, trimmed to 1/8"" fat, choice, raw",http://purl.obolibrary.org/obo/FOODON_02000465,beef retail cut (raw),accepted,,
174013,"Beef composite, separable lean only, trimmed to 1/8"" fat, choice, cooked",http://purl.obolibrary.org/obo/FOODON_00004478,beef retail cut,flagged,The FoodOn name lacks the USDA food's main word (composite).,review loop 2026-09-28
174014,"Beef, composite of trimmed retail cuts, separable lean and fat, trimmed to 0"" fat, choice, raw",http://purl.obolibrary.org/obo/FOODON_02000465,beef retail cut (raw),accepted,,
174015,"Beef, composite of trimmed retail cuts, separable lean only, trimmed to 0"" fat, choice, raw",http://purl.obolibrary.org/obo/FOODON_02000465,beef retail cut (raw),accepted,,
174016,"Beef, chuck, mock tender steak, separable lean only, trimmed to 0"" fat, all grades, cooked, broiled",http://purl.obolibrary.org/obo/FOODON_02000048,beef chuck tender steak,accepted,,
174017,"Beef, chuck, top blade, separable lean only, trimmed to 0"" fat, all grades, cooked, broiled",http://purl.obolibrary.org/obo/FOODON_02000083,beef top blade,accepted,,
174018,"Beef, chuck, clod roast, separable lean only, trimmed to 1/4"" fat, all grades, raw",http://purl.obolibrary.org/obo/FOODON_02000076,beef shoulder roast (raw),accepted,,
174019,"Beef, chuck, clod roast, separable lean only, trimmed to 0"" fat, all grades, cooked, roasted",http://purl.obolibrary.org/obo/FOODON_02000075,beef shoulder roast,accepted,,
174020,"Beef, chuck, mock tender steak, separable lean and fat, trimmed to 0"" fat, USDA select, cooked, broiled",http://purl.obolibrary.org/obo/FOODON_02000048,beef chuck tender steak,accepted,,
174021,"Beef, chuck, top blade, separable lean and fat, trimmed to 0"" fat, choice, cooked, broiled",http://purl.obolibrary.org/obo/FOODON_02000083,beef top blade,accepted,,
174022,"Beef, chuck, top blade, separable lean and fat, trimmed to 0"" fat, select, cooked, broiled",http://purl.obolibrary.org/obo/FOODON_02000083,beef top blade,accepted,,
174023,"Beef, chuck, clod roast, separable lean and fat, trimmed to 0"" fat, choice, cooked, roasted",http://purl.obolibrary.org/obo/FOODON_02000075,beef shoulder roast,accepted,,
174024,"Beef, loin, bottom sirloin butt, tri-tip steak, separable lean and fat, trimmed to 0"" fat, all grades, cooked, broiled",http://purl.obolibrary.org/obo/FOODON_02000165,beef tri-tip steak,accepted,,
174025,"Beef, chuck, mock tender steak, separable lean and fat, trimmed to 0"" fat, all grades, cooked, broiled",http://purl.obolibrary.org/obo/FOODON_02000048,beef chuck tender steak,accepted,,
174026,"Beef, chuck, top blade, separable lean and fat, trimmed to 0"" fat, all grades, cooked, broiled",http://purl.obolibrary.org/obo/FOODON_02000083,beef top blade,accepted,,
174027,"Beef, chuck, clod roast, separable lean and fat, trimmed to 0"" fat, all grades, cooked, roasted",http://purl.obolibrary.org/obo/FOODON_02000075,beef shoulder roast,accepted,,
174028,"Beef, ground, 95% lean meat / 5% fat, crumbles, cooked, pan-browned",http://purl.obolibrary.org/obo/FOODON_00001282,beef (ground),accepted,,
174029,"Beef, ground, 95% lean meat / 5% fat, loaf, cooked, baked",http://purl.obolibrary.org/obo/FOODON_00001282,beef (ground),accepted,,
174030,"Beef, ground, 90% lean meat / 10% fat, raw",http://purl.obolibrary.org/obo/FOODON_03301886,"beef (ground, raw)",accepted,,
174031,"Beef, ground, 90% lean meat / 10% fat, patty, cooked, broiled",http://purl.obolibrary.org/obo/FOODON_00001282,beef (ground),accepted,,
174032,"Beef, ground, 85% lean meat / 15% fat, patty, cooked, broiled",http://purl.obolibrary.org/obo/FOODON_00001282,beef (ground),accepted,,
174033,"Beef, ground, 85% lean meat / 15% fat, patty, cooked, pan-broiled",http://purl.obolibrary.org/obo/FOODON_00001282,beef (ground),accepted,,
174034,"Beef, ground, 85% lean meat / 15% fat, crumbles, cooked, pan-browned",http://purl.obolibrary.org/obo/FOODON_00001282,beef (ground),accepted,,
174035,"Beef, ground, 85% lean meat / 15% fat, loaf, cooked, baked",http://purl.obolibrary.org/obo/FOODON_00001282,beef (ground),accepted,,
174036,"Beef, ground, 80% lean meat / 20% fat, raw",http://purl.obolibrary.org/obo/FOODON_03301886,"beef (ground, raw)",accepted,,
174037,"Beef, ground, 75% lean meat / 25% fat, raw",http://purl.obolibrary.org/obo/FOODON_03301886,"beef (ground, raw)",accepted,,
174038,"Beef, ground, 75% lean meat / 25% fat, patty, cooked, broiled",http://purl.obolibrary.org/obo/FOODON_00001282,beef (ground),accepted,,
174039,"Beef, ground, 75% lean meat / 25% fat, patty, cooked, pan-broiled",http://purl.obolibrary.org/obo/FOODON_00001282,beef (ground),accepted,,
174040,"Beef, ground, 75% lean meat / 25% fat, crumbles, cooked, pan-browned",http://purl.obolibrary.org/obo/FOODON_00001282,beef (ground),accepted,,
174041,"Beef, short loin, top loin, steak, separable lean only, trimmed to 1/8"" fat, select, raw",http://purl.obolibrary.org/obo/FOODON_02000128,"beef strip steak (boneless, raw)",accepted,,
174042,"Beef, rib, small end (ribs 10-12), separable lean only, trimmed to 1/8"" fat, select, cooked, broiled",http://purl.obolibrary.org/obo/FOODON_02000229,beef small end rib roast,accepted,,
174043,"Beef, tenderloin, steak, separable lean only, trimmed to 1/8"" fat, select, cooked, broiled",http://purl.obolibrary.org/obo/FOODON_02000137,beef tenderloin steak (bone-in),accepted,,
174044,"Beef, top sirloin, steak, separable lean only, trimmed to 1/8"" fat, select, cooked, broiled",http://purl.obolibrary.org/obo/FOODON_02000149,beef top sirloin steak,accepted,,
174045,"Beef, round, bottom round, steak, separable lean only, trimmed to 1/8"" fat, select, cooked, braised",http://purl.obolibrary.org/obo/FOODON_02000004,beef bottom round steak,accepted,,
174046,"Beef, round, bottom round, roast, separable lean only, trimmed to 1/8"" fat, all grades, raw",http://purl.obolibrary.org/obo/FOODON_02000009,beef bottom round roast (raw),accepted,,
174047,"Beef, brisket, flat half, separable lean only, trimmed to 1/8"" fat, all grades, cooked, braised",http://purl.obolibrary.org/obo/FOODON_02000191,beef brisket flat half,accepted,,
174048,"Beef, brisket, flat half, separable lean only, trimmed to 1/8"" fat, all grades, raw",http://purl.obolibrary.org/obo/FOODON_02000192,beef brisket flat half (raw),accepted,,
174049,"Beef, round, eye of round, roast, separable lean only, trimmed to 1/8"" fat, all grades, raw",http://purl.obolibrary.org/obo/FOODON_02000042,beef eye of round roast (raw),accepted,,
174050,"Beef, chuck, arm pot roast, separable lean only, trimmed to 1/8"" fat, all grades, cooked, braised",http://purl.obolibrary.org/obo/FOODON_02000111,beef chuck arm roast,accepted,,
174051,"Beef, chuck, arm pot roast, separable lean only, trimmed to 1/8"" fat, all grades, raw",http://purl.obolibrary.org/obo/FOODON_02000112,beef chuck arm roast (raw),accepted,,
174052,"Beef, round, bottom round, roast, separable lean only, trimmed to 1/8"" fat, all grades, cooked",http://purl.obolibrary.org/obo/FOODON_02000008,beef bottom round roast,accepted,,
174053,"Beef, round, bottom round, steak, separable lean only, trimmed to 1/8"" fat, all grades, cooked, braised",http://purl.obolibrary.org/obo/FOODON_02000004,beef bottom round steak,accepted,,
174054,"Beef, top sirloin, steak, separable lean only, trimmed to 1/8"" fat, all grades, cooked, broiled",http://purl.obolibrary.org/obo/FOODON_02000149,beef top sirloin steak,accepted,,
174055,"Beef, top sirloin, steak, separable lean only, trimmed to 1/8"" fat, all grades, raw",http://purl.obolibrary.org/obo/FOODON_02000150,beef top sirloin steak (raw),accepted,,
174056,"Beef, chuck, arm pot roast, separable lean only, trimmed to 1/8"" fat, choice, raw",http://purl.obolibrary.org/obo/FOODON_02000112,beef chuck arm roast (raw),accepted,,
174057,"Beef, brisket, flat half, separable lean only, trimmed to 1/8"" fat, choice, raw",http://purl.obolibrary.org/obo/FOODON_02000192,beef brisket flat half (raw),accepted,,
174058,"Beef, round, bottom round, roast, separable lean only, trimmed to 1/8"" fat, choice, raw",http://purl.obolibrary.org/obo/FOODON_02000009,beef bottom round roast (raw),accepted,,
174059,"Beef, round, bottom round, roast, separable lean only, trimmed to 1/8"" fat, choice, cooked, roasted",http://purl.obolibrary.org/obo/FOODON_02000008,beef bottom round roast,accepted,,
174060,"Beef, round, eye of round, roast, separable lean only, trimmed to 1/8"" fat, choice, cooked, roasted",http://purl.obolibrary.org/obo/FOODON_02000041,beef eye of round roast,accepted,,
174061,"Beef, round, top round, steak, separable lean only, trimmed to 1/8"" fat, choice, cooked, broiled",http://purl.obolibrary.org/obo/FOODON_02000014,beef top round steak,accepted,,
174062,"Soup, clam chowder, new england, canned, ready-to-serve",,,none,,
174063,"Soup, clam chowder, new england, reduced sodium, canned, ready-to-serve",,,none,,
174064,"Soup, chicken noodle, reduced sodium, canned, ready-to-serve",http://purl.obolibrary.org/obo/FOODON_03302730,chicken noodle soup,added,FoodOn names it through a safe un-inverted form,review loop 2026-09-28
174065,"Soup, beef and vegetables, reduced sodium, canned, ready-to-serve",,,none,,
174066,"Sauce, sweet and sour, ready-to-serve",,,none,,
174067,"Sauce, cocktail, ready-to-serve",http://purl.obolibrary.org/obo/FOODON_03307333,cocktail sauce,added,FoodOn names it through a safe un-inverted form,review loop 2026-09-28
174068,"Dip, salsa con queso, cheese and salsa- medium",,,none,,
174069,"Dip, TOSTITOS, salsa con queso, medium",,,none,,
174070,"Sauce, peanut, made from peanut butter, water, soy sauce",http://purl.obolibrary.org/obo/FOODON_03311869,peanut sauce,added,FoodOn names it through a safe un-inverted form,review loop 2026-09-28
174071,"Soup, chunky vegetable, reduced sodium, canned, ready-to-serve",,,none,,
174072,"Gravy, HEINZ Home Style, classic chicken",,,none,,
174073,"Soup, beef barley, ready to serve",http://purl.obolibrary.org/obo/FOODON_03304088,beef barley soup,added,FoodOn names it through a safe un-inverted form,review loop 2026-09-28
174074,"Sauce, enchilada, red, mild, ready to serve",http://purl.obolibrary.org/obo/FOODON_03304007,enchilada sauce,added,FoodOn names it through a safe un-inverted form,review loop 2026-09-28
174075,"Bread, chapati or roti, whole wheat, commercially prepared, frozen",,,none,,
174076,"Bread, paratha, whole wheat, commercially prepared, frozen",,,none,,
174077,"Bread, naan, whole wheat, commercially prepared, refrigerated",,,none,,
174078,"Bread, roll, Mexican, bollilo",,,none,,
174079,"Cookie, butter or sugar, with chocolate icing or filling",,,none,,
174080,"Cookie, chocolate, with icing or coating",http://purl.obolibrary.org/obo/FOODON_03302882,chocolate cookie,added,FoodOn names it through a safe un-inverted form,review loop 2026-09-28
174081,"Tortillas, ready-to-bake or -fry, whole wheat",,,none,,
174082,"Cake, snack cakes, creme-filled, chocolate with frosting, low-fat, with added fiber",,,none,,
174083,"Cookies, graham crackers, plain or honey, lowfat",,,none,,
174084,"Crackers, cheese, whole grain",,,none,,
174085,"Waffles, whole wheat, lowfat, frozen, ready-to-heat",,,none,,
174086,"Pancakes, plain, reduced fat",,,none,,
174087,"Cookies, shortbread, reduced fat",,,none,,
174088,"Cookies, sugar wafer, chocolate-covered",,,none,,
174089,"Rolls, hamburger or hot dog, wheat/cracked wheat",,,none,,
174090,"Rolls, hamburger or hot dog, whole wheat",,,none,,
174091,"Bread, french or vienna, whole wheat",,,none,,
174092,"Bagels, whole grain white",,,none,,
174093,"English muffins, whole grain white",,,none,,
174094,"Rolls, hamburger, whole grain white, calcium-fortified",,,none,,
174095,"Cookies, chocolate chip sandwich, with creme filling",,,none,,
174096,"Cookies, chocolate, made with rice cereal",,,none,,
174097,"Cookies, marshmallow, with rice cereal and chocolate chips",,,none,,
174098,"Crackers, flavored, fish-shaped",,,none,,
174099,"Bread, gluten-free, white, made with potato extract, rice starch, and rice flour",,,none,,
174100,"Bread, gluten-free, white, made with rice flour, corn starch, and/or tapioca",,,none,,
174101,"Bread, gluten-free, white, made with tapioca starch and brown rice flour",,,none,,
174102,"Bread, gluten-free, whole grain, made with tapioca starch and brown rice flour",,,none,,
174103,"Crackers, gluten-free, multigrain and vegetable, made with corn starch and white rice flour",,,none,,
174104,"Crackers, gluten-free, multi-seeded and multigrain",,,none,,
174105,"Waffles, gluten-free, frozen, ready-to-heat",,,none,,
174106,"Pancakes, gluten-free, frozen, ready-to-heat",,,none,,
174107,"Rolls, dinner, sweet",,,none,,
174108,"Beverages,  Energy drink, Citrus",,,none,,
174109,"Alcoholic Beverage, wine, table, red, Mouvedre",http://purl.obolibrary.org/obo/FOODON_00002869,Mourvèdre wine,accepted,,
174110,"Alcoholic beverage, wine, table, white, Chardonnay",http://purl.obolibrary.org/obo/FOODON_00002584,Chardonnay wine,accepted,,
174111,"Beverages, Kiwi Strawberry Juice Drink",,,none,,
174112,"Beverages, Apple juice drink, light, fortified with vitamin C",,,none,,
174113,"Beverages, POWERADE, Zero, Mixed Berry",,,none,,
174114,"Beverages, Carob-flavor beverage mix, powder",,,none,,
174115,"Beverages, Carob-flavor beverage mix, powder, prepared with whole milk",,,none,,
174116,"Beverages, coconut milk, sweetened, fortified with calcium, vitamins A, B12, D2",,,none,,
174117,"Beverages, chocolate syrup",,,none,,
174118,"Beverages, chocolate syrup, prepared with whole milk",,,none,,
174119,"Beverages, coffee, ready to drink, iced, mocha, milk based",,,none,,
174120,"Beverages, tea, Oolong, brewed",http://purl.obolibrary.org/obo/FOODON_00005517,oolong tea (steeped),accepted,,
174121,"Beverages, tea, green, ready-to-drink, citrus, diet, fortified with vitamin C",,,none,,
174122,"Beverages, Cocoa mix, powder",,,none,,
174123,"Beverages, Cocoa mix, powder, prepared with water",,,none,,
174124,"Beverages, Cocoa mix, NESTLE, Hot Cocoa Mix Rich Chocolate With Marshmallows",,,none,,
174125,"Beverages, coffee, brewed, espresso, restaurant-prepared, decaffeinated",http://purl.obolibrary.org/obo/FOODON_00005576,espresso (decaffeinated),accepted,,
174126,"Beverages, coffee, instant, regular, half the caffeine",http://purl.obolibrary.org/obo/FOODON_03301035,coffee (instant),accepted,,
174127,"Beverages, coffee and cocoa, instant, decaffeinated, with whitener and low calorie sweetener",,,none,,
174128,"Beverages, tea, green, ready-to-drink, sweetened",,,none,,
174129,"Beverages, tea, ready-to-drink, lemon, diet",,,none,,
174130,"Beverages, coffee, instant, regular, prepared with water",http://purl.obolibrary.org/obo/FOODON_03301035,coffee (instant),accepted,,
174131,"Beverages, aloe vera juice drink, fortified with Vitamin C",,,none,,
174132,"Beverages, OCEAN SPRAY, Cran Grape",,,none,,
174133,"Beverages, coffee, instant, decaffeinated, powder",http://purl.obolibrary.org/obo/FOODON_03302655,"coffee (decaffeinated, instant)",accepted,,
174134,"Beverages, coffee, instant, chicory",,,none,,
174135,"Beverages, coffee, instant, mocha, sweetened",,,none,,
174136,"Beverages, OCEAN SPRAY, Light Cranberry and Raspberry Flavored Juice",,,none,,
174137,"Beverages, OCEAN SPRAY, White Cranberry Strawberry Flavored Juice Drink",,,none,,
174138,"Beverages, coffee substitute, cereal grain beverage, powder",http://purl.obolibrary.org/obo/FOODON_00005574,cereal grain-based coffee substitute,accepted,,
174139,"Beverages, coffee substitute, cereal grain beverage, prepared with water",http://purl.obolibrary.org/obo/FOODON_00005574,cereal grain-based coffee substitute,accepted,,
174140,"Beverages, cranberry-apple juice drink, bottled",,,none,,
174141,"Alcoholic beverage, malt beer, hard lemonade",,,none,,
174142,"Beverages, cranberry-apricot juice drink, bottled",,,none,,
174143,"Beverages, tea, green, instant, decaffeinated, lemon, unsweetened, fortified with vitamin C",,,none,,
174144,"Beverages, tea, black, ready to drink",,,none,,
174145,"Alcoholic beverage, beer, light, higher alcohol",,,none,,
174146,"Beverages, AMBER, hard cider",,,none,,
174147,"Beverages, OCEAN SPRAY, Cran Cherry",,,none,,
174148,"Beverages, OCEAN SPRAY, Light Cranberry",,,none,,
174149,"Beverages, OCEAN SPRAY, White Cranberry Peach",,,none,,
174150,"Beverages, OCEAN SPRAY, Light Cranberry, Concord Grape",,,none,,
174151,"Beverages, Fruit punch drink, with added nutrients, canned",,,none,,
174152,"Beverages, Fruit punch drink, frozen concentrate",,,none,,
174153,"Beverages, Fruit punch drink, frozen concentrate, prepared with water",,,none,,
174154,"Beverages, coffee, instant, vanilla, sweetened, decaffeinated, with non dairy creamer",,,none,,
174155,"Beverages, tea, black, brewed, prepared with distilled water",http://purl.obolibrary.org/obo/FOODON_00005243,black tea (steeped),accepted,,
174156,"Beverages, tea, herb, brewed, chamomile",http://purl.obolibrary.org/obo/FOODON_03301910,chamomile tea (steeped),accepted,,
174157,"Beverages, Wine, non-alcoholic",,,none,,
174158,"Water, bottled, generic",,,none,,
174159,"Beverages, chocolate-flavor beverage mix for milk, powder, with added nutrients",,,none,,
174160,"Beverages, chocolate-flavor beverage mix for milk, powder, with added nutrients, prepared with whole milk",,,none,,
174161,"Beverages, Water with added vitamins and minerals, bottles, sweetened, assorted fruit flavors",,,none,,
174162,"Beverages, V8 SPLASH Juice Drinks, Diet Berry Blend",,,none,,
174163,"Beverages, V8 SPLASH Juice Drinks, Diet Fruit Medley",,,none,,
174164,"Beverages, V8 SPLASH Juice Drinks, Diet Strawberry Kiwi",,,none,,
174165,"Beverages, V8 SPLASH Juice Drinks, Mango Peach",,,none,,
174166,"Beverages, V8 SPLASH Juice Drinks, Orange Pineapple",,,none,,
174167,"Beverages, V8 SPLASH Juice Drinks, Orchard Blend",,,none,,
174168,"Beverages, V8 SPLASH Juice Drinks, Strawberry Banana",,,none,,
174169,"Beverages, V8 V-FUSION Juices, Tropical",,,none,,
174170,"Beverages, V8 V- FUSION Juices, Acai Berry",,,none,,
174171,"Beverages, Energy drink, AMP",,,none,,
174172,"Beverages, Energy drink, FULL THROTTLE",,,none,,
174173,"Beverages, Vegetable and fruit juice drink, reduced calorie, with low-calorie sweetener, added vitamin C",,,none,,
174174,"Beverages, milk beverage, reduced fat, flavored and sweetened, Ready-to-drink,  added calcium, vitamin A and vitamin D",,,none,,
174175,"Beverages, vegetable and fruit juice blend, 100% juice, with added vitamins A, C, E",,,none,,
174176,"Beverages, fruit juice drink, reduced sugar, with vitamin E added",,,none,,
174177,"Beverages, Energy drink, VAULT Zero, sugar-free, citrus flavor",,,none,,
174178,"Beverages, PEPSICO QUAKER, Gatorade G2, low calorie",,,none,,
174179,"Beverages, Fruit flavored drink, less than 3% juice, not fortified with vitamin C",,,none,,
174180,"Beverages, Fruit flavored drink containing less than 3% fruit juice, with high vitamin C",,,none,,
174181,"Beverages, nutritional shake mix, high protein, powder",,,none,,
174182,"Fish, anchovy, european, raw",,,none,,
174183,"Fish, anchovy, european, canned in oil, drained solids",,,none,,
174184,"Fish, bass, fresh water, mixed species, raw",,,none,,
174185,"Fish, carp, cooked, dry heat",,,none,,
174186,"Fish, catfish, channel, wild, raw",http://purl.obolibrary.org/obo/FOODON_03308001,channel catfish (raw),accepted,,
174187,"Fish, catfish, channel, cooked, breaded and fried",,,none,,
174188,"Fish, caviar, black and red, granular",http://purl.obolibrary.org/obo/FOODON_03301080,caviar,accepted,,
174189,"Fish, cod, Atlantic, canned, solids and liquid",http://purl.obolibrary.org/obo/FOODON_02021812,piece of atlantic cod,added,FoodOn names it through a safe un-inverted form,review loop 2026-09-28
174190,"Fish, cod, Atlantic, dried and salted",http://purl.obolibrary.org/obo/FOODON_02021812,piece of atlantic cod,accepted,,
174191,"Fish, cod, Pacific, raw (may have been previously frozen)",http://purl.obolibrary.org/obo/FOODON_03308022,pacific cod (raw),accepted,,
174192,"Fish, croaker, Atlantic, raw",http://purl.obolibrary.org/obo/FOODON_03309166,atlantic croaker (raw),accepted,,
174193,"Fish, eel, mixed species, raw",,,none,,
174194,"Fish, eel, mixed species, cooked, dry heat",,,none,,
174195,"Fish, fish sticks, frozen, prepared",,,none,,
174196,"Fish, flatfish (flounder and sole species), raw",,,none,,
174197,"Fish, flatfish (flounder and sole species), cooked, dry heat",,,none,,
174198,"Fish, haddock, cooked, dry heat",http://purl.obolibrary.org/obo/FOODON_03311608,haddock (cooked),accepted,,
174199,"Fish, haddock, smoked",,,none,,
174200,"Fish, halibut, Atlantic and Pacific, raw",http://purl.obolibrary.org/obo/FOODON_03309083,atlantic halibut (raw),accepted,,
174201,"Fish, halibut, Atlantic and Pacific, cooked, dry heat",,,none,,
174202,"Crustaceans, crab, alaska king, cooked, moist heat",,,none,,
174203,"Crustaceans, crab, alaska king, imitation, made from surimi",,,none,,
174204,"Crustaceans, crab, blue, raw",http://purl.obolibrary.org/obo/FOODON_03308366,blue crab (raw),accepted,,
174205,"Crustaceans, crab, blue, cooked, moist heat",,,none,,
174206,"Crustaceans, crayfish, mixed species, wild, raw",,,none,,
174207,"Crustaceans, crayfish, mixed species, wild, cooked, moist heat",,,none,,
174208,"Crustaceans, lobster, northern, raw",http://purl.obolibrary.org/obo/FOODON_03308365,northern lobster (raw),accepted,,
174209,"Crustaceans, lobster, northern, cooked, moist heat",,,none,,
174210,"Crustaceans, shrimp, mixed species, raw (may contain additives to retain moisture)",,,none,,
174211,"Crustaceans, spiny lobster, mixed species, raw",http://purl.obolibrary.org/obo/FOODON_03308180,rock lobster (raw),accepted,,
174212,"Mollusks, abalone, mixed species, raw",,,none,,
174213,"Mollusks, abalone, mixed species, cooked, fried",,,none,,
174214,"Mollusks, clam, mixed species, raw",,,none,,
174215,"Mollusks, cuttlefish, mixed species, raw",http://purl.obolibrary.org/obo/FOODON_02022288,piece(s) of cuttlefish (raw),flagged,USDA term is outside the edible branches,review loop 2026-09-28
174216,"Mollusks, mussel, blue, raw",http://purl.obolibrary.org/obo/FOODON_03309194,Blue mussel (raw),accepted,,
174217,"Mollusks, mussel, blue, cooked, moist heat",,,none,,
174218,"Mollusks, octopus, common, raw",http://purl.obolibrary.org/obo/FOODON_02022054,common octopus,flagged,USDA term is outside the edible branches,review loop 2026-09-28
174219,"Mollusks, oyster, Pacific, raw",http://purl.obolibrary.org/obo/FOODON_03308146,pacific oyster (raw),accepted,,
174220,"Mollusks, scallop, mixed species, raw",http://purl.obolibrary.org/obo/FOODON_02022354,piece(s) of scallop (raw),accepted,,
174221,"Mollusks, scallop, mixed species, cooked, breaded and fried",,,none,,
174222,"Mollusks, scallop, mixed species, imitation, made from surimi",http://purl.obolibrary.org/obo/FOODON_02020813,piece(s) of scallop,accepted,,
174223,"Mollusks, squid, mixed species, raw",,,none,,
174224,"Fish, salmon, chum, canned, without salt, drained solids with bone",,,none,,
174225,"Fish, salmon, pink, canned, without salt, solids with bone and liquid",,,none,,
174226,"Fish, salmon, sockeye, canned, without salt, drained solids with bone",,,none,,
174227,"Fish, tuna, light, canned in oil, without salt, drained solids",,,none,,
174228,"Fish, bass, striped, cooked, dry heat",,,none,,
174229,"Fish, bluefish, cooked, dry heat",,,none,,
174230,"Fish, burbot, cooked, dry heat",,,none,,
174231,"Fish, butterfish, cooked, dry heat",,,none,,
174232,"Fish, halibut, greenland, cooked, dry heat",,,none,,
174233,"Fish, herring, Pacific, cooked, dry heat",,,none,,
174234,"Fish, ling, cooked, dry heat",,,none,,
174235,"Fish, lingcod, cooked, dry heat",,,none,,
174236,"Fish, mackerel, king, cooked, dry heat",,,none,,
174237,"Fish, pollock, Atlantic, cooked, dry heat",,,none,,
174238,"Fish, pout, ocean, cooked, dry heat",,,none,,
174239,"Fish, roe, mixed species, cooked, dry heat",http://purl.obolibrary.org/obo/FOODON_02010003,animal roe,accepted,,
174240,"Fish, sablefish, cooked, dry heat",,,none,,
174241,"Fish, scup, cooked, dry heat",,,none,,
174242,"Fish, seatrout, mixed species, cooked, dry heat",,,none,,
174243,"Fish, shad, american, cooked, dry heat",,,none,,
174244,"Fish, spot, cooked, dry heat",,,none,,
174245,"Fish, turbot, european, cooked, dry heat",,,none,,
174246,"Fish, whitefish, mixed species, cooked, dry heat",,,none,,
174247,"Fish, wolffish, Atlantic, cooked, dry heat",,,none,,
174248,"Fish, yellowtail, mixed species, cooked, dry heat",,,none,,
174249,"Mollusks, octopus, common, cooked, moist heat",,,none,,
174250,"Mollusks, oyster, Pacific, cooked, moist heat",,,none,,
174251,"Fish, roughy, orange, cooked, dry heat",,,none,,
174252,"Lima beans, large, mature seeds, raw",http://purl.obolibrary.org/obo/FOODON_03000210,"lima bean (whole,raw, mature)",flagged,USDA term shares no content word with the USDA name,review loop 2026-09-28
174253,"Lima beans, large, mature seeds, cooked, boiled, without salt",http://purl.obolibrary.org/obo/FOODON_00005284,lima bean (mature),accepted,,
174254,"Lima beans, large, mature seeds, canned",http://purl.obolibrary.org/obo/FOODON_03302054,lima bean (canned),accepted,,
174255,"Lima beans, thin seeded (baby), mature seeds, raw",http://purl.obolibrary.org/obo/FOODON_03000211,"baby lima bean (raw, mature)",flagged,The FoodOn name lacks the USDA food's main word (lima).,review loop 2026-09-28
174256,"Mung beans, mature seeds, raw",http://purl.obolibrary.org/obo/FOODON_03000197,"mung bean (raw, mature)",flagged,The FoodOn name lacks the USDA food's main word (mung).,review loop 2026-09-28
174257,"Mung beans, mature seeds, cooked, boiled, without salt",http://purl.obolibrary.org/obo/FOODON_00005248,mung bean (mature),accepted,,
174258,"Noodles, chinese, cellophane or long rice (mung beans), dehydrated",http://purl.obolibrary.org/obo/FOODON_00005567,cellophane noodle,accepted,,
174259,"Mungo beans, mature seeds, raw",http://purl.obolibrary.org/obo/FOODON_00005288,"black gram bean (raw, mature)",accepted,,
174260,"Peanuts, all types, cooked, boiled, with salt",,,none,,
174261,"Peanuts, all types, oil-roasted, with salt",,,none,,
174262,"Peanuts, all types, dry-roasted, with salt",,,none,,
174263,"Peanuts, spanish, raw",http://purl.obolibrary.org/obo/FOODON_03306914,spanish peanut (raw),accepted,,
174264,"Peanuts, virginia, oil-roasted, with salt",http://purl.obolibrary.org/obo/FOODON_00003703,virginia peanut,accepted,,
174265,"Peanut butter, chunk style, with salt",,,none,,
174266,"Peanut butter, smooth style, with salt (Includes foods for USDA's Food Distribution Program)",http://purl.obolibrary.org/obo/FOODON_03306903,peanut butter (creamy),accepted,,
174267,"Peanut flour, defatted",http://purl.obolibrary.org/obo/FOODON_03312057,peanut flour (defatted),accepted,,
174268,Meat extender,,,none,,
174269,"Sausage, meatless",,,none,,
174270,"Soybeans, mature seeds, raw",http://purl.obolibrary.org/obo/FOODON_03000207,"soybean (raw, mature)",accepted,,
174271,"Soybeans, mature cooked, boiled, without salt",http://purl.obolibrary.org/obo/FOODON_00005247,soybean (mature),accepted,,
174272,Tempeh,http://purl.obolibrary.org/obo/FOODON_03304999,tempeh,added,FoodOn names it through a safe un-inverted form,review loop 2026-09-28
174273,"Soy flour, full-fat, raw",http://purl.obolibrary.org/obo/FOODON_03302142,soybean flour,accepted,,
174274,"Soy flour, full-fat, roasted",http://purl.obolibrary.org/obo/FOODON_00005520,soybean flour (full fat),accepted,,
174275,"Soy flour, defatted",http://purl.obolibrary.org/obo/FOODON_03311459,soybean flour (defatted),accepted,,
174276,Soy protein isolate,http://purl.obolibrary.org/obo/FOODON_03310553,soy protein isolate,accepted,,
174277,Soy sauce made from soy and wheat (shoyu),,,none,,
174278,Soy sauce made from soy (tamari),,,none,,
174279,Soy sauce made from hydrolyzed vegetable protein,,,none,,
174280,"Tofu, salted and fermented (fuyu)",http://purl.obolibrary.org/obo/FOODON_00005486,tofu (fermented),accepted,,
174281,"Yardlong beans, mature seeds, raw",http://purl.obolibrary.org/obo/FOODON_00004351,"asparagus bean (raw, mature)",flagged,The FoodOn name lacks the USDA food's main word (yardlong).,review loop 2026-09-28
174282,"Yardlong beans, mature seeds, cooked, boiled, without salt",http://purl.obolibrary.org/obo/FOODON_00005246,asparagus bean (mature),flagged,The FoodOn name lacks the USDA food's main word (yardlong).,review loop 2026-09-28
174283,"Winged beans, mature seeds, raw",http://purl.obolibrary.org/obo/FOODON_03000198,"winged bean (raw, mature)",accepted,,
174284,"Lentils, pink or red, raw",http://purl.obolibrary.org/obo/FOODON_03000116,pink lentil (raw),accepted,,
174285,"Beans, kidney, red, mature seeds, canned, drained solids",http://purl.obolibrary.org/obo/FOODON_03303520,red kidney bean (canned),accepted,,
174286,"Beans, pinto, canned, drained solids",http://purl.obolibrary.org/obo/FOODON_03309759,pinto bean,accepted,,
174287,"Veggie burgers or soyburgers, unprepared",,,none,,
174288,Chickpea flour (besan),http://purl.obolibrary.org/obo/FOODON_03601071,gram flour,flagged,The FoodOn name lacks the USDA food's main word (besan).,review loop 2026-09-28
174289,"Hummus, commercial",,,none,,
174290,"Tofu, extra firm, prepared with nigari",http://purl.obolibrary.org/obo/FOODON_00004698,extra firm tofu,accepted,,
174291,"Tofu, hard, prepared with nigari",http://purl.obolibrary.org/obo/FOODON_00005540,firm tofu,accepted,,
174292,"MORI-NU, Tofu, silken, soft",http://purl.obolibrary.org/obo/FOODON_00005542,silken soft tofu,accepted,,
174293,"Soymilk, chocolate, unfortified",,,none,,
174294,"Peanut Butter, smooth (Includes foods for USDA's Food Distribution Program)",http://purl.obolibrary.org/obo/FOODON_03306903,peanut butter (creamy),accepted,,
174295,"Soymilk, chocolate, with added calcium, vitamins A and D",,,none,,
174296,"Refried beans, canned, vegetarian",http://purl.obolibrary.org/obo/FOODON_03310088,refried beans (dish),accepted,,
174297,"Vitasoy USA, Organic Nasoya Super Firm Cubed Tofu",http://purl.obolibrary.org/obo/FOODON_00005544,super firm tofu,flagged,"The FoodOn name lacks the USDA food's main word (vitasoy, organic, nasoya, cubed).",review loop 2026-09-28
174298,"Refried beans, canned, traditional, reduced sodium",http://purl.obolibrary.org/obo/FOODON_03310088,refried beans (dish),accepted,,
174299,"Soybeans, mature seeds, cooked, boiled, with salt",http://purl.obolibrary.org/obo/FOODON_00005247,soybean (mature),accepted,,
174300,"Soybeans, mature seeds, roasted, no salt added",http://purl.obolibrary.org/obo/FOODON_00005247,soybean (mature),accepted,,
174301,"Soy protein concentrate, produced by acid wash",http://purl.obolibrary.org/obo/FOODON_00005578,soy protein concentrate,flagged,USDA term shares no content word with the USDA name,review loop 2026-09-28
174302,"Soy protein isolate, potassium type",http://purl.obolibrary.org/obo/FOODON_03310553,soy protein isolate,flagged,USDA term is outside the edible branches,review loop 2026-09-28
174303,"Tofu, dried-frozen (koyadofu), prepared with calcium sulfate",http://purl.obolibrary.org/obo/FOODON_00004697,tofu,accepted,,
174304,"Tofu, fried, prepared with calcium sulfate",http://purl.obolibrary.org/obo/FOODON_00004697,tofu,accepted,,
174305,"Tofu, salted and fermented (fuyu), prepared with calcium sulfate",http://purl.obolibrary.org/obo/FOODON_00005486,tofu (fermented),accepted,,
174306,"Yardlong beans, mature seeds, cooked, boiled, with salt",http://purl.obolibrary.org/obo/FOODON_00005246,asparagus bean (mature),flagged,The FoodOn name lacks the USDA food's main word (yardlong).,review loop 2026-09-28
174307,"Lamb, composite of trimmed retail cuts, separable lean only, trimmed to 1/4"" fat, choice, raw",http://purl.obolibrary.org/obo/FOODON_02021242,lamb retail cut (raw),accepted,,
174308,"Lamb, composite of trimmed retail cuts, separable lean only, trimmed to 1/4"" fat, choice, cooked",http://purl.obolibrary.org/obo/FOODON_02021241,lamb retail cut,accepted,,
174309,"Lamb, composite of trimmed retail cuts, separable fat, trimmed to 1/4"" fat, choice, raw",http://purl.obolibrary.org/obo/FOODON_02021242,lamb retail cut (raw),accepted,,
174310,"Lamb, composite of trimmed retail cuts, separable fat, trimmed to 1/4"" fat, choice, cooked",http://purl.obolibrary.org/obo/FOODON_02021241,lamb retail cut,accepted,,
174311,"Lamb, leg, whole (shank and sirloin), separable lean and fat, trimmed to 1/4"" fat, choice, raw",http://purl.obolibrary.org/obo/FOODON_02000254,lamb leg (raw),accepted,,
174312,"Lamb, leg, whole (shank and sirloin), separable lean and fat, trimmed to 1/4"" fat, choice, cooked, roasted",http://purl.obolibrary.org/obo/FOODON_02000253,lamb leg,accepted,,
174313,"Lamb, leg, whole (shank and sirloin), separable lean only, trimmed to 1/4"" fat, choice, raw",http://purl.obolibrary.org/obo/FOODON_02000257,lamb shank half (raw),accepted,,
174314,"Lamb, leg, whole (shank and sirloin), separable lean only, trimmed to 1/4"" fat, choice, cooked, roasted",http://purl.obolibrary.org/obo/FOODON_02000253,lamb leg,accepted,,
174315,"Lamb, leg, shank half, separable lean and fat, trimmed to 1/4"" fat, choice, raw",http://purl.obolibrary.org/obo/FOODON_02000257,lamb shank half (raw),accepted,,
174316,"Lamb, leg, sirloin half, separable lean and fat, trimmed to 1/4"" fat, choice, cooked, roasted",http://purl.obolibrary.org/obo/FOODON_02000258,lamb sirloin half,accepted,,
174317,"Lamb, leg, sirloin half, separable lean only, trimmed to 1/4"" fat, choice, raw",http://purl.obolibrary.org/obo/FOODON_02000259,lamb sirloin half (raw),accepted,,
174318,"Lamb, leg, sirloin half, separable lean only, trimmed to 1/4"" fat, choice, cooked, roasted",http://purl.obolibrary.org/obo/FOODON_02000258,lamb sirloin half,accepted,,
174319,"Lamb, loin, separable lean and fat, trimmed to 1/4"" fat, choice, raw",http://purl.obolibrary.org/obo/FOODON_02000278,lamb loin (raw),accepted,,
174320,"Lamb, loin, separable lean only, trimmed to 1/4"" fat, choice, cooked, roasted",http://purl.obolibrary.org/obo/FOODON_02000277,lamb loin,accepted,,
174321,"Lamb, rib, separable lean and fat, trimmed to 1/4"" fat, choice, raw",http://purl.obolibrary.org/obo/FOODON_02000273,lamb rib (raw),accepted,,
174322,"Lamb, rib, separable lean and fat, trimmed to 1/4"" fat, choice, cooked, broiled",http://purl.obolibrary.org/obo/FOODON_02000272,lamb rib,accepted,,
174323,"Lamb, rib, separable lean and fat, trimmed to 1/4"" fat, choice, cooked, roasted",http://purl.obolibrary.org/obo/FOODON_02000272,lamb rib,accepted,,
174324,"Lamb, shoulder, whole (arm and blade), separable lean and fat, trimmed to 1/4"" fat, choice, cooked, broiled",http://purl.obolibrary.org/obo/FOODON_02000239,lamb shoulder,accepted,,
174325,"Lamb, shoulder, whole (arm and blade), separable lean and fat, trimmed to 1/4"" fat, choice, cooked, roasted",http://purl.obolibrary.org/obo/FOODON_02000239,lamb shoulder,accepted,,
174326,"Lamb, shoulder, whole (arm and blade), separable lean only, trimmed to 1/4"" fat, choice, raw",http://purl.obolibrary.org/obo/FOODON_02000240,lamb shoulder (raw),accepted,,
174327,"Lamb, shoulder, whole (arm and blade), separable lean only, trimmed to 1/4"" fat, choice, cooked, braised",http://purl.obolibrary.org/obo/FOODON_02000239,lamb shoulder,accepted,,
174328,"Lamb, shoulder, arm, separable lean and fat, trimmed to 1/4"" fat, choice, cooked, broiled",http://purl.obolibrary.org/obo/FOODON_02000247,lamb shoulder arm,accepted,,
174329,"Lamb, shoulder, arm, separable lean and fat, trimmed to 1/4"" fat, choice, cooked, roasted",http://purl.obolibrary.org/obo/FOODON_02000247,lamb shoulder arm,accepted,,
174330,"Lamb, shoulder, arm, separable lean only, trimmed to 1/4"" fat, choice, raw",http://purl.obolibrary.org/obo/FOODON_02000248,lamb shoulder arm (raw),accepted,,
174331,"Lamb, shoulder, arm, separable lean only, trimmed to 1/4"" fat, choice, cooked, braised",http://purl.obolibrary.org/obo/FOODON_02000247,lamb shoulder arm,accepted,,
174332,"Lamb, shoulder, blade, separable lean and fat, trimmed to 1/4"" fat, choice, cooked, broiled",http://purl.obolibrary.org/obo/FOODON_02000241,lamb shoulder blade,accepted,,
174333,"Lamb, shoulder, blade, separable lean and fat, trimmed to 1/4"" fat, choice, cooked, roasted",http://purl.obolibrary.org/obo/FOODON_02000241,lamb shoulder blade,accepted,,
174334,"Lamb, shoulder, blade, separable lean only, trimmed to 1/4"" fat, choice, raw",http://purl.obolibrary.org/obo/FOODON_02000242,lamb shoulder blade (raw),accepted,,
174335,"Lamb, shoulder, blade, separable lean only, trimmed to 1/4"" fat, choice, cooked, braised",http://purl.obolibrary.org/obo/FOODON_02000241,lamb shoulder blade,accepted,,
174336,"Lamb, New Zealand, imported, frozen, composite of trimmed retail cuts, separable lean and fat, raw",,,none,,
174337,"Lamb, New Zealand, imported, frozen, composite of trimmed retail cuts, separable lean and fat, cooked",,,none,,
174338,"Lamb, New Zealand, imported, frozen, composite of trimmed retail cuts, separable lean only, raw",,,none,,
174339,"Lamb, New Zealand, imported, frozen, composite of trimmed retail cuts, separable lean only, cooked",,,none,,
174340,"Lamb, New Zealand, imported, fore-shank, separable lean only, raw",http://purl.obolibrary.org/obo/FOODON_02000276,lamb foreshank (raw),accepted,,
174341,"Lamb, New Zealand, imported, fore-shank, separable lean only, cooked, braised",http://purl.obolibrary.org/obo/FOODON_02000275,lamb foreshank,accepted,,
174342,"Lamb, New Zealand, imported, leg chop/steak, bone-in, separable lean and fat, raw",http://purl.obolibrary.org/obo/FOODON_02000254,lamb leg (raw),accepted,,
174343,"Lamb, New Zealand, imported, frozen, leg, whole (shank and sirloin), separable lean and fat, cooked, roasted",http://purl.obolibrary.org/obo/FOODON_02000253,lamb leg,accepted,,
174344,"Game meat, moose, raw",http://purl.obolibrary.org/obo/FOODON_02021407,piece of moose meat (raw),accepted,,
174345,"Game meat, moose, cooked, roasted",http://purl.obolibrary.org/obo/FOODON_02021406,piece of moose meat,accepted,,
174346,"Game meat, rabbit, domesticated, composite of cuts, cooked, stewed",http://purl.obolibrary.org/obo/FOODON_02021520,butchery cut of rabbit,accepted,,
174347,"Game meat, rabbit, wild, raw",http://purl.obolibrary.org/obo/FOODON_03306485,piece of rabbit meat (raw),accepted,,
174348,"Game meat, rabbit, wild, cooked, stewed",http://purl.obolibrary.org/obo/FOODON_02021518,piece of rabbit meat,accepted,,
174349,"Game meat, raccoon, cooked, roasted",,,none,,
174350,"Lamb, variety meats and by-products, brain, cooked, pan-fried",http://purl.obolibrary.org/obo/FOODON_02021149,lamb brain,accepted,,
174351,"Veal, variety meats and by-products, brain, raw",http://purl.obolibrary.org/obo/FOODON_02021309,veal brain (raw),accepted,,
174352,"Veal, variety meats and by-products, brain, cooked, braised",http://purl.obolibrary.org/obo/FOODON_02021149,lamb brain,accepted,,
174353,"Veal, variety meats and by-products, brain, cooked, pan-fried",http://purl.obolibrary.org/obo/FOODON_02021149,lamb brain,accepted,,
174354,"Lamb, variety meats and by-products, kidneys, raw",http://purl.obolibrary.org/obo/FOODON_00002825,lamb kidney (raw),accepted,,
174355,"Lamb, variety meats and by-products, kidneys, cooked, braised",http://purl.obolibrary.org/obo/FOODON_02021299,veal kidney,accepted,,
174356,"Veal, variety meats and by-products, kidneys, raw",http://purl.obolibrary.org/obo/FOODON_02021310,veal kidney (raw),accepted,,
174357,"Veal, variety meats and by-products, kidneys, cooked, braised",http://purl.obolibrary.org/obo/FOODON_02021299,veal kidney,accepted,,
174358,"Veal, variety meats and by-products, liver, cooked, pan-fried",http://purl.obolibrary.org/obo/FOODON_02021300,veal liver,accepted,,
174359,"Lamb, variety meats and by-products, lungs, raw",http://purl.obolibrary.org/obo/FOODON_02021163,lamb lung (raw),accepted,,
174360,"Lamb, variety meats and by-products, lungs, cooked, braised",http://purl.obolibrary.org/obo/FOODON_02021153,lamb lung,accepted,,
174361,"Veal, variety meats and by-products, lungs, raw",http://purl.obolibrary.org/obo/FOODON_02021313,veal lung (raw),accepted,,
174362,"Veal, variety meats and by-products, pancreas, raw",http://purl.obolibrary.org/obo/FOODON_02021316,veal pancreas (raw),accepted,,
174363,"Veal, variety meats and by-products, pancreas, cooked, braised",http://purl.obolibrary.org/obo/FOODON_02021305,veal pancreas,accepted,,
174364,"Lamb, variety meats and by-products, spleen, raw",http://purl.obolibrary.org/obo/FOODON_02021162,lamb spleen (raw),accepted,,
174365,"Lamb, variety meats and by-products, spleen, cooked, braised",http://purl.obolibrary.org/obo/FOODON_02021152,lamb spleen,accepted,,
174366,"Lamb, variety meats and by-products, tongue, raw",http://purl.obolibrary.org/obo/FOODON_02021164,lamb tongue (raw),accepted,,
174367,"Lamb, variety meats and by-products, tongue, cooked, braised",http://purl.obolibrary.org/obo/FOODON_02021154,lamb tongue,accepted,,
174368,"Veal, variety meats and by-products, tongue, raw",http://purl.obolibrary.org/obo/FOODON_02021314,veal tongue (raw),accepted,,
174369,"Veal, variety meats and by-products, tongue, cooked, braised",http://purl.obolibrary.org/obo/FOODON_02021154,lamb tongue,accepted,,
174370,"Lamb, ground, raw",http://purl.obolibrary.org/obo/FOODON_02021206,"lamb meat (ground, raw)",accepted,,
174371,"Lamb, foreshank, separable lean and fat, trimmed to 1/8"" fat, cooked, braised",http://purl.obolibrary.org/obo/FOODON_02000275,lamb foreshank,accepted,,
174372,"Lamb, leg, whole (shank and sirloin), separable lean and fat, trimmed to 1/8"" fat, choice, raw",http://purl.obolibrary.org/obo/FOODON_02000254,lamb leg (raw),accepted,,
174373,"Lamb, leg, whole (shank and sirloin), separable lean and fat, trimmed to 1/8"" fat, choice, cooked, roasted",http://purl.obolibrary.org/obo/FOODON_02000253,lamb leg,accepted,,
174374,"Lamb, leg, shank half, separable lean and fat, trimmed to 1/8"" fat, choice, raw",http://purl.obolibrary.org/obo/FOODON_02000257,lamb shank half (raw),accepted,,
174375,"Lamb, loin, separable lean and fat, trimmed to 1/8"" fat, choice, cooked, broiled",http://purl.obolibrary.org/obo/FOODON_02000277,lamb loin,accepted,,
174376,"Lamb, loin, separable lean and fat, trimmed to 1/8"" fat, choice, cooked, roasted",http://purl.obolibrary.org/obo/FOODON_02000277,lamb loin,accepted,,
174377,"Lamb, rib, separable lean and fat, trimmed to 1/8"" fat, choice, raw",http://purl.obolibrary.org/obo/FOODON_02000273,lamb rib (raw),accepted,,
174378,"Lamb, rib, separable lean and fat, trimmed to 1/8"" fat, choice, cooked, broiled",http://purl.obolibrary.org/obo/FOODON_02000272,lamb rib,accepted,,
174379,"Lamb, shoulder, whole (arm and blade), separable lean and fat, trimmed to 1/8"" fat, choice, cooked, roasted",http://purl.obolibrary.org/obo/FOODON_02000239,lamb shoulder,accepted,,
174380,"Lamb, shoulder, arm, separable lean and fat, trimmed to 1/8"" fat, choice, raw",http://purl.obolibrary.org/obo/FOODON_02000248,lamb shoulder arm (raw),accepted,,
174381,"Lamb, shoulder, arm, separable lean and fat, trimmed to 1/8"" fat, choice, cooked, braised",http://purl.obolibrary.org/obo/FOODON_02000247,lamb shoulder arm,accepted,,
174382,"Lamb, shoulder, arm, separable lean and fat, trimmed to 1/8"" fat, cooked, broiled",http://purl.obolibrary.org/obo/FOODON_02000247,lamb shoulder arm,accepted,,
174383,"Lamb, shoulder, arm, separable lean and fat, trimmed to 1/8"" fat, choice, roasted",http://purl.obolibrary.org/obo/FOODON_02000247,lamb shoulder arm,accepted,,
174384,"Lamb, New Zealand, imported, frozen, composite of trimmed retail cuts, separable lean and fat, trimmed to 1/8"" fat, raw",http://purl.obolibrary.org/obo/FOODON_02021242,lamb retail cut (raw),flagged,Found by hand: a composite of retail cuts is not the shoulder.,review loop 2026-09-28
174385,"Lamb, New Zealand, imported, frozen, composite of trimmed retail cuts, separable lean and fat, trimmed to 1/8"" fat, cooked",http://purl.obolibrary.org/obo/FOODON_02021241,lamb retail cut,accepted,,
174386,"Lamb, New Zealand, imported, frozen, foreshank, separable lean and fat, trimmed to 1/8"" fat, raw",http://purl.obolibrary.org/obo/FOODON_02000276,lamb foreshank (raw),accepted,,
174387,"Lamb, New Zealand, imported, frozen, foreshank, separable lean and fat, trimmed to 1/8"" fat, cooked, braised",http://purl.obolibrary.org/obo/FOODON_02000275,lamb foreshank,accepted,,
174388,"Lamb, new zealand, imported, frozen, rib, separable lean and fat, trimmed to 1/8"" fat, raw",http://purl.obolibrary.org/obo/FOODON_02000273,lamb rib (raw),accepted,,
174389,"Lamb, New Zealand, imported, frozen, rib, separable lean and fat, trimmed to 1/8"" fat, cooked, roasted",http://purl.obolibrary.org/obo/FOODON_02000272,lamb rib,accepted,,
174390,"Lamb, New Zealand, imported, frozen, shoulder, whole (arm and blade), separable lean and fat, trimmed to 1/8"" fat, raw",http://purl.obolibrary.org/obo/FOODON_02000240,lamb shoulder (raw),accepted,,
174391,"Lamb, New Zealand, imported, frozen, shoulder, whole (arm and blade), separable lean and fat, trimmed to 1/8"" fat, cooked, braised",http://purl.obolibrary.org/obo/FOODON_02000239,lamb shoulder,accepted,,
174392,"Veal, breast, whole, boneless, separable lean and fat, raw",http://purl.obolibrary.org/obo/FOODON_02000359,veal breast (raw),accepted,,
174393,"Veal, breast, whole, boneless, separable lean and fat, cooked, braised",http://purl.obolibrary.org/obo/FOODON_02000358,veal breast,accepted,,
174394,"Veal, breast, plate half, boneless, separable lean and fat, cooked, braised",http://purl.obolibrary.org/obo/FOODON_02000358,veal breast,accepted,,
174395,"Veal, breast, point half, boneless, separable lean and fat, cooked, braised",http://purl.obolibrary.org/obo/FOODON_02000358,veal breast,accepted,,
174396,"Veal, breast, whole, boneless, separable lean only, cooked, braised",http://purl.obolibrary.org/obo/FOODON_02000358,veal breast,accepted,,
174397,"Lamb, Australian, imported, fresh, composite of trimmed retail cuts, separable lean and fat, trimmed to 1/8"" fat, raw",http://purl.obolibrary.org/obo/FOODON_02021242,lamb retail cut (raw),accepted,,
174398,"Lamb, Australian, imported, fresh, composite of trimmed retail cuts, separable lean and fat, trimmed to 1/8"" fat, cooked",http://purl.obolibrary.org/obo/FOODON_02021241,lamb retail cut,accepted,,
174399,"Lamb, Australian, imported, fresh, composite of trimmed retail cuts, separable lean only, trimmed to 1/8"" fat, raw",http://purl.obolibrary.org/obo/FOODON_02021242,lamb retail cut (raw),accepted,,
174400,"Lamb, Australian, imported, fresh, composite of trimmed retail cuts, separable lean only, trimmed to 1/8"" fat, cooked",http://purl.obolibrary.org/obo/FOODON_02021241,lamb retail cut,accepted,,
174401,"Lamb, Australian, imported, fresh, foreshank, separable lean only, trimmed to 1/8"" fat, raw",http://purl.obolibrary.org/obo/FOODON_02000276,lamb foreshank (raw),accepted,,
174402,"Lamb, Australian, imported, fresh, foreshank, separable lean only, trimmed to 1/8"" fat, cooked, braised",http://purl.obolibrary.org/obo/FOODON_02000275,lamb foreshank,accepted,,
174403,"Lamb, Australian, imported, fresh, leg, whole (shank and sirloin), separable lean and fat, trimmed to 1/8"" fat, raw",http://purl.obolibrary.org/obo/FOODON_02000254,lamb leg (raw),accepted,,
174404,"Lamb, Australian, imported, fresh, leg, whole (shank and sirloin), separable lean and fat, trimmed to 1/8"" fat, cooked, roasted",http://purl.obolibrary.org/obo/FOODON_02000253,lamb leg,accepted,,
174405,"Lamb, Australian, imported, fresh, leg, shank half, separable lean only, trimmed to 1/8"" fat, cooked, roasted",http://purl.obolibrary.org/obo/FOODON_02000256,lamb shank half,accepted,,
174406,"Lamb, Australian, imported, fresh, leg, sirloin half, boneless, separable lean and fat, trimmed to 1/8"" fat, raw",http://purl.obolibrary.org/obo/FOODON_02000261,"lamb sirloin half (shank off, semi-boneless, raw)",accepted,,
174407,"Lamb, Australian, imported, fresh, leg, sirloin half, boneless, separable lean and fat, trimmed to 1/8"" fat, cooked, roasted",http://purl.obolibrary.org/obo/FOODON_02000260,"lamb sirloin half (shank off, semi-boneless)",accepted,,
174408,"Lamb, Australian, imported, fresh, leg, sirloin half, boneless, separable lean only, trimmed to 1/8"" fat, raw",http://purl.obolibrary.org/obo/FOODON_02000261,"lamb sirloin half (shank off, semi-boneless, raw)",accepted,,
174409,"Lamb, Australian, imported, fresh, leg, sirloin chops, boneless, separable lean only, trimmed to 1/8"" fat, cooked, broiled",http://purl.obolibrary.org/obo/FOODON_02000266,lamb sirloin chop (boneless),accepted,,
174410,"Lamb, Australian, imported, fresh, leg, center slice, bone-in, separable lean and fat, trimmed to 1/8"" fat, raw",http://purl.obolibrary.org/obo/FOODON_02000271,leg of lamb center cut (raw),accepted,,
174411,"Lamb, Australian, imported, fresh, leg, center slice, bone-in, separable lean and fat, trimmed to 1/8"" fat, cooked, broiled",http://purl.obolibrary.org/obo/FOODON_02000270,leg of lamb center cut,accepted,,
174412,"Lamb, Australian, imported, fresh, leg, center slice, bone-in, separable lean only, trimmed to 1/8"" fat, raw",http://purl.obolibrary.org/obo/FOODON_02000271,leg of lamb center cut (raw),accepted,,
174413,"Lamb, Australian, imported, fresh, loin, separable lean only, trimmed to 1/8"" fat, cooked, broiled",http://purl.obolibrary.org/obo/FOODON_02000277,lamb loin,accepted,,
174414,"Lamb, Australian, imported, fresh, rib chop/rack roast, frenched, bone-in, separable lean and fat, trimmed to 1/8"" fat, raw",http://purl.obolibrary.org/obo/FOODON_02000273,lamb rib (raw),accepted,,
174415,"Lamb, Australian, imported, fresh, rib chop, frenched, bone-in, separable lean and fat, trimmed to 1/8"" fat, cooked, grilled",http://purl.obolibrary.org/obo/FOODON_02000272,lamb rib,accepted,,
174416,"Lamb, Australian, imported, fresh, rib chop/rack roast, frenched, bone-in, separable lean only, trimmed to 1/8"" fat, raw",http://purl.obolibrary.org/obo/FOODON_02000273,lamb rib (raw),accepted,,
174417,"Lamb, Australian, imported, fresh, shoulder, arm, separable lean and fat, trimmed to 1/8"" fat, raw",http://purl.obolibrary.org/obo/FOODON_02000248,lamb shoulder arm (raw),accepted,,
174418,"Lamb, Australian, imported, fresh, shoulder, arm, separable lean and fat, trimmed to 1/8"" fat, cooked, braised",http://purl.obolibrary.org/obo/FOODON_02000247,lamb shoulder arm,accepted,,
174419,"Lamb, Australian, imported, fresh, shoulder, arm, separable lean only, trimmed to 1/8"" fat, raw",http://purl.obolibrary.org/obo/FOODON_02000248,lamb shoulder arm (raw),accepted,,
174420,"Lamb, Australian, imported, fresh, shoulder, arm, separable lean only,   trimmed to 1/8"" fat, cooked, braised",http://purl.obolibrary.org/obo/FOODON_02000247,lamb shoulder arm,accepted,,
174421,"Game meat , bison, ground, raw",http://purl.obolibrary.org/obo/FOODON_02020857,"bison meat (ground, raw)",accepted,,
174422,"Game meat, bison, ground, cooked, pan-broiled",http://purl.obolibrary.org/obo/FOODON_02020856,bison meat (ground),accepted,,
174423,"Game meat , bison, top sirloin, separable lean only, 1"" steak, cooked, broiled",http://purl.obolibrary.org/obo/FOODON_02000443,bison top sirloin steak,accepted,,
174424,"Game meat, bison, chuck, shoulder clod, separable lean only, cooked, braised",http://purl.obolibrary.org/obo/FOODON_02000455,bison shoulder clod,accepted,,
174425,"Game meat, elk, ground, raw",http://purl.obolibrary.org/obo/FOODON_02021430,"elk meat (ground, raw)",accepted,,
174426,"Game meat, elk, ground, cooked, pan-broiled",http://purl.obolibrary.org/obo/FOODON_02021429,elk meat (ground),accepted,,
174427,"Game meat, elk, loin, separable lean only, cooked, broiled",http://purl.obolibrary.org/obo/FOODON_00005421,elk loin,accepted,,
174428,"Game meat, elk, round, separable lean only, cooked, broiled",http://purl.obolibrary.org/obo/FOODON_00005422,elk round,accepted,,
174429,"Game meat, elk, tenderloin, separable lean only, cooked, broiled",http://purl.obolibrary.org/obo/FOODON_00005423,elk tenderloin,accepted,,
174430,"Game meat, deer, tenderloin, separable lean only, cooked, broiled",http://purl.obolibrary.org/obo/FOODON_00005429,deer tenderloin,accepted,,
174431,"Game meat, deer, top round, separable lean only, 1"" steak, cooked, broiled",http://purl.obolibrary.org/obo/FOODON_00005432,deer top round,accepted,,
174432,"Veal, Australian, shank, fore, bone-in, separable lean only, raw",http://purl.obolibrary.org/obo/FOODON_02000363,veal foreshank (raw),accepted,,
174433,"Veal, Australian, shank, fore, bone-in, separable lean and fat, raw",http://purl.obolibrary.org/obo/FOODON_02000363,veal foreshank (raw),accepted,,
174434,"Lamb, New Zealand, imported, Intermuscular fat, raw",http://purl.obolibrary.org/obo/FOODON_02021144,lamb fat (raw),accepted,,
174435,"Lamb, New Zealand, imported, subcutaneous fat, raw",http://purl.obolibrary.org/obo/FOODON_02021144,lamb fat (raw),accepted,,
174436,"Lamb, New Zealand, imported, brains, cooked, soaked and fried",http://purl.obolibrary.org/obo/FOODON_02021149,lamb brain,accepted,,
174437,"Lamb, New Zealand, imported, brains, raw",http://purl.obolibrary.org/obo/FOODON_02021160,lamb brain (raw),accepted,,
174438,"Lamb, New Zealand, imported, chump, boneless, separable lean only, raw",http://purl.obolibrary.org/obo/FOODON_00005402,lamb chump (raw),accepted,,
174439,"Lamb, New Zealand, imported, kidney, cooked, soaked and fried",http://purl.obolibrary.org/obo/FOODON_02021150,lamb kidney,accepted,,
174440,"Lamb, New Zealand, imported, flap, boneless, separable lean only, cooked, braised",http://purl.obolibrary.org/obo/FOODON_00005395,lamb flap,accepted,,
174441,"Lamb, New Zealand, imported, flap, boneless, separable lean only, raw",http://purl.obolibrary.org/obo/FOODON_00005396,lamb flap (raw),accepted,,
174442,"Lamb, New Zealand, imported, kidney, raw",http://purl.obolibrary.org/obo/FOODON_00002825,lamb kidney (raw),accepted,,
174443,"Lamb, New Zealand, imported, heart, cooked, soaked and simmered",http://purl.obolibrary.org/obo/FOODON_02021148,lamb heart,accepted,,
174444,"Lamb, New Zealand, imported, heart, raw",http://purl.obolibrary.org/obo/FOODON_02021159,lamb heart (raw),accepted,,
174445,"Lamb, New Zealand, imported, sweetbread, cooked, soaked and simmered",http://purl.obolibrary.org/obo/FOODON_00005403,lamb sweetbread,accepted,,
174446,"Lamb, New Zealand, imported, sweetbread, raw",http://purl.obolibrary.org/obo/FOODON_00005404,lamb sweetbread (raw),accepted,,
174447,"Lamb, New Zealand, imported, tunnel-boned leg, chump off, shank off, separable lean only, cooked, slow roasted",http://purl.obolibrary.org/obo/FOODON_02000268,leg of lamb,accepted,,
174448,"Lamb, New Zealand, imported, tunnel-boned leg, chump off, shank off, separable lean only, raw",http://purl.obolibrary.org/obo/FOODON_02000269,leg of lamb (raw),accepted,,
174449,"Lamb, New Zealand, imported, square-cut shoulder chops, separable lean only, cooked, braised",http://purl.obolibrary.org/obo/FOODON_00005383,lamb square-cut shoulder chop,accepted,,
174450,"Lamb, New Zealand, imported, square-cut shoulder chops, separable lean only, raw",http://purl.obolibrary.org/obo/FOODON_00005384,lamb square-cut shoulder chop (raw),accepted,,
174451,"Lamb, New Zealand, imported, loin, boneless, separable lean only, cooked, fast roasted",http://purl.obolibrary.org/obo/FOODON_00005399,lamb loin roast,accepted,,
174452,"Lamb, New Zealand, imported, loin, boneless, separable lean only, raw",http://purl.obolibrary.org/obo/FOODON_02000277,lamb loin,accepted,,
174453,"Lamb, New Zealand, imported, hind-shank, separable lean only, cooked, braised",,,none,,
174454,"Lamb, New Zealand, imported, hind-shank, separable lean only, raw",,,none,,
174455,"Lamb, New Zealand, imported, neck chops, separable lean only, raw",http://purl.obolibrary.org/obo/FOODON_00005386,lamb neck chop (raw),accepted,,
174456,"Lamb, New Zealand, imported, rack - fully frenched, separable lean only, raw",http://purl.obolibrary.org/obo/FOODON_00005393,rack of lamb,accepted,,
174457,"Lamb, New Zealand, imported, loin chop, separable lean only, cooked, fast fried",,,none,,
174458,"Lamb, New Zealand, imported, square-cut shoulder, separable lean only, cooked, slow roasted",,,none,,
174459,"Lamb, New Zealand, imported, leg chop/steak, bone-in, separable lean only, cooked, fast fried",http://purl.obolibrary.org/obo/FOODON_00004489,lamb chop,accepted,,
174460,"Lamb, New Zealand, imported, leg chop/steak, bone-in, separable lean and fat, cooked, fast fried",http://purl.obolibrary.org/obo/FOODON_00004489,lamb chop,accepted,,
174461,"Lamb, New Zealand, imported, loin chop, separable lean and fat, cooked, fast fried",,,none,,
174462,"Lamb, New Zealand, imported, loin saddle, separable lean and fat, cooked, fast roasted",http://purl.obolibrary.org/obo/FOODON_00005397,lamb loin saddle,accepted,,
174463,"Lamb, New Zealand, imported, loin saddle, separable lean and fat, raw",http://purl.obolibrary.org/obo/FOODON_00005398,lamb loin saddle (raw),accepted,,
174464,"Lamb, New Zealand, imported, netted shoulder, rolled, boneless, separable lean and fat, raw",http://purl.obolibrary.org/obo/FOODON_00005389,lamb netted shoulder (raw),accepted,,
174465,"Chicken, capons, giblets, raw",http://purl.obolibrary.org/obo/FOODON_03305358,chicken giblet (raw),flagged,"The FoodOn name is a whole animal, a plant or a catalog code, not a food (chicken carcass (with giblets, raw)).",review loop 2026-09-28
174466,"Chicken, capons, giblets, cooked, simmered",,,flagged,"The FoodOn name is a whole animal, a plant or a catalog code, not a food (chicken carcass (with giblets)).",review loop 2026-09-28
174467,"Duck, domesticated, liver, raw",http://purl.obolibrary.org/obo/FOODON_02020137,duck liver (raw),accepted,,
174468,"Duck, wild, meat and skin, raw",http://purl.obolibrary.org/obo/FOODON_02020141,"piece of duck meat (with skin, raw)",accepted,,
174469,"Duck, wild, breast, meat only, raw",http://purl.obolibrary.org/obo/FOODON_02021775,"piece of duck breast (skinless, raw)",accepted,,
174470,"Goose, domesticated, meat and skin, raw",http://purl.obolibrary.org/obo/FOODON_02020401,"piece of goose meat (with skin, raw)",accepted,,
174471,"Guinea hen, meat only, raw",http://purl.obolibrary.org/obo/FOODON_02020652,"piece of guinea fowl meat (skinless, raw)",flagged,The FoodOn name lacks the USDA food's main word (hen).,review loop 2026-09-28
174472,"Pheasant, raw, meat and skin",http://purl.obolibrary.org/obo/FOODON_02020670,"piece of pheasant meat (with skin, raw)",accepted,,
174473,"Pheasant, raw, meat only",http://purl.obolibrary.org/obo/FOODON_02022099,"piece of pheasant meat (skinless, raw)",accepted,,
174474,"Pheasant, breast, meat only, raw",http://purl.obolibrary.org/obo/FOODON_02020684,"piece of pheasant breast (skinless, raw)",accepted,,
174475,"Squab, (pigeon), meat and skin, raw",http://purl.obolibrary.org/obo/FOODON_02020768,"piece of squab meat (with skin, raw)",accepted,,
174476,"Emu, fan fillet, raw",http://purl.obolibrary.org/obo/FOODON_02000373,emu fan fillet (raw),accepted,,
174477,"Emu, fan fillet, cooked, broiled",http://purl.obolibrary.org/obo/FOODON_02000372,emu fan fillet,accepted,,
174478,"Emu, flat fillet, raw",http://purl.obolibrary.org/obo/FOODON_02000375,emu flat fillet (raw),accepted,,
174479,"Emu, full rump, raw",http://purl.obolibrary.org/obo/FOODON_02000430,emu full rump (raw),accepted,,
174480,"Emu, top loin, cooked, broiled",http://purl.obolibrary.org/obo/FOODON_00005418,emu top loin,accepted,,
174481,"Ostrich, ground, raw",http://purl.obolibrary.org/obo/FOODON_02021779,"ostrich meat (ground, raw)",accepted,,
174482,"Ostrich, ground, cooked, pan-broiled",http://purl.obolibrary.org/obo/FOODON_02021778,ostrich meat (ground),accepted,,
174483,"Ostrich, fan, raw",http://purl.obolibrary.org/obo/FOODON_02000382,ostrich fan fillet (raw),accepted,,
174484,"Ostrich, outside leg, raw",http://purl.obolibrary.org/obo/FOODON_02000388,ostrich outside leg (raw),accepted,,
174485,"Ostrich, outside strip, raw",http://purl.obolibrary.org/obo/FOODON_02000392,ostrich outside strip (raw),accepted,,
174486,"Ostrich, outside strip, cooked",http://purl.obolibrary.org/obo/FOODON_02000391,ostrich outside strip,accepted,,
174487,"Ostrich, oyster, raw",http://purl.obolibrary.org/obo/FOODON_02000386,ostrich oyster (raw),accepted,,
174488,"Ostrich, tip trimmed, cooked",http://purl.obolibrary.org/obo/FOODON_02000393,ostrich tip,accepted,,
174489,"Ostrich, top loin, raw",http://purl.obolibrary.org/obo/FOODON_00005420,ostrich top loin (raw),accepted,,
174490,"Ostrich, top loin, cooked",http://purl.obolibrary.org/obo/FOODON_00005419,ostrich top loin,accepted,,
174491,"Chicken, liver, all classes, cooked, pan-fried",http://purl.obolibrary.org/obo/FOODON_00002705,chicken liver,accepted,,
174492,"Turkey, ground, 93% lean, 7% fat, patties, broiled",http://purl.obolibrary.org/obo/FOODON_02020577,turkey meat (ground),accepted,,
174493,"Turkey, ground, 85% lean, 15% fat, raw",http://purl.obolibrary.org/obo/FOODON_02020578,"turkey meat (ground, raw)",flagged,USDA term is outside the edible branches,review loop 2026-09-28
174494,"Turkey, ground, 85% lean, 15% fat, pan-broiled crumbles",http://purl.obolibrary.org/obo/FOODON_02020577,turkey meat (ground),accepted,,
174495,"Turkey, ground, 85% lean, 15% fat, patties, broiled",http://purl.obolibrary.org/obo/FOODON_02020577,turkey meat (ground),accepted,,
174496,"Chicken, skin (drumsticks and thighs), cooked, roasted",http://purl.obolibrary.org/obo/FOODON_00002673,piece of chicken skin,accepted,,
174497,"Chicken, broilers or fryers, dark meat, drumstick, meat and skin, cooked, braised",http://purl.obolibrary.org/obo/FOODON_02020267,piece of chicken drumstick (with skin),accepted,,
174498,"Chicken, broilers or fryers, dark meat, thigh, meat and skin, cooked, braised",http://purl.obolibrary.org/obo/FOODON_02020285,piece of chicken thigh (with skin),accepted,,
174499,"Chicken, dark meat, drumstick, meat only, with added solution, raw",,,none,,
174500,"Chicken, dark meat, thigh, meat only, with added solution, cooked, roasted",,,none,,
174501,"Chicken, skin (drumsticks and thighs), with added solution, cooked, braised",,,none,,
174502,"Chicken, skin (drumsticks and thighs), with added solution, raw",,,none,,
174503,"Chicken, skin (drumsticks and thighs), with added solution, cooked, roasted",,,none,,
174504,"Chicken, dark meat, drumstick, meat and skin, with added solution, cooked, braised",,,none,,
174505,"Chicken, dark meat, thigh, meat and skin, with added solution, cooked, roasted",,,none,,
174506,"Chicken, broiler, rotisserie, BBQ, back meat only",http://purl.obolibrary.org/obo/FOODON_02020254,piece of chicken back,accepted,,
174507,"Turkey, dark meat from whole, meat only, with added solution, raw",,,none,,
174508,"Turkey, dark meat, meat only, with added solution, cooked, roasted",,,none,,
174509,"Turkey, dark meat from whole, meat and skin, with added solution, raw",,,none,,
174510,"Turkey, dark meat from whole, meat and skin, with added solution, cooked, roasted",,,none,,
174511,"Turkey from whole, light meat, meat and skin, with added solution, raw",,,none,,
174512,"Turkey from whole, light meat, meat and skin, with added solution, cooked, roasted",,,none,,
174513,"Turkey, retail parts, breast, meat only, with added solution, raw",,,none,,
174514,"Turkey, retail parts, breast, meat only, with added solution, cooked, roasted",,,none,,
174515,"Turkey, retail parts, breast, meat only, raw",http://purl.obolibrary.org/obo/FOODON_02020623,"piece(s) of turkey breast (skinless, raw)",accepted,,
174516,"Turkey, retail parts, breast, meat only, cooked, roasted",http://purl.obolibrary.org/obo/FOODON_02020619,piece(s) of turkey breast (skinless),accepted,,
174517,"Turkey, retail parts, wing, meat only, raw",http://purl.obolibrary.org/obo/FOODON_02020624,"piece(s) of turkey wing (skinless, raw)",accepted,,
174518,"Turkey, retail parts, thigh, meat only, raw",http://purl.obolibrary.org/obo/FOODON_02020621,"piece(s) of turkey thigh (skinless, raw)",accepted,,
174519,"Turkey, breast, from whole bird, meat only, with added solution, roasted",,,none,,
174520,"Turkey, back, from whole bird, meat only, with added solution, raw",,,none,,
174521,"Turkey, back, from whole bird, meat only, with added solution, roasted",,,none,,
174522,"Soup, chicken mushroom, canned, condensed",,,none,,
174523,"Sauce, barbecue",,,none,,
174524,"Sauce, salsa, ready-to-serve",,,none,,
174525,"Sauce, homemade, white, medium",,,none,,
174526,"Sauce, homemade, white, thick",,,none,,
174527,"Sauce, ready-to-serve, pepper or hot",,,none,,
174528,"Sauce, ready-to-serve, pepper, TABASCO",,,none,,
174529,"Sauce, oyster, ready-to-serve",http://purl.obolibrary.org/obo/FOODON_03317654,oyster sauce,added,FoodOn names it through a safe un-inverted form,review loop 2026-09-28
174530,"Soup, minestrone, canned, reduced sodium, ready-to-serve",http://purl.obolibrary.org/obo/FOODON_03304952,minestrone soup,added,FoodOn names it through a safe un-inverted form,review loop 2026-09-28
174531,"Sauce, fish, ready-to-serve",http://purl.obolibrary.org/obo/FOODON_03317197,fish sauce,added,FoodOn names it through a safe un-inverted form,review loop 2026-09-28
174532,"Soup, shark fin, restaurant-prepared",,,none,,
174533,"Soup, bean & ham, canned, reduced sodium, prepared with water or ready-to-serve",,,none,,
174534,"Split pea soup, canned, reduced sodium, prepared with water or ready-to serve",,,none,,
174535,"Split pea with ham soup, canned, reduced sodium, prepared with water or ready-to-serve",,,none,,
174536,"Soup, chicken broth, ready-to-serve",,,none,,
174537,"Soup, cream of chicken, canned, prepared with equal volume milk",http://purl.obolibrary.org/obo/FOODON_03305127,cream of chicken soup,added,FoodOn names it through a safe un-inverted form,review loop 2026-09-28
174538,"Soup, vegetable, canned, low sodium, condensed",http://purl.obolibrary.org/obo/FOODON_03303897,vegetable soup (canned),added,FoodOn names it through a safe un-inverted form,review loop 2026-09-28
174539,"Soup, clam chowder, new england, canned, prepared with equal volume low fat (2%) milk",,,none,,
174540,"Soup, cream of mushroom, canned, prepared with equal volume low fat (2%) milk",http://purl.obolibrary.org/obo/FOODON_03305128,cream of mushroom soup,added,FoodOn names it through a safe un-inverted form,review loop 2026-09-28
174541,"Soup, cream of onion, canned, prepared with equal volume milk",,,none,,
174542,"Sauce, white, thin, prepared-from-recipe, with butter",,,none,,
174543,"Sauce, sweet and sour, prepared-from-recipe",,,none,,
174544,"Sauce, barbecue, KRAFT, original",,,none,,
174545,"Soup, HEALTHY CHOICE Chicken Noodle Soup, canned",,,none,,
174546,"Soup, tomato, canned, prepared with equal volume low fat (2%) milk",http://purl.obolibrary.org/obo/FOODON_03304909,tomato soup,added,FoodOn names it through a safe un-inverted form,review loop 2026-09-28
174547,"CAMPBELL'S, Tomato Soup, condensed",,,none,,
174548,"CAMPBELL'S CHUNKY, Classic Chicken Noodle Soup",,,none,,
174549,"Soup, cream of asparagus, canned, prepared with equal volume water",http://purl.obolibrary.org/obo/FOODON_03305126,cream of asparagus soup,added,FoodOn names it through a safe un-inverted form,review loop 2026-09-28
174550,"Soup, cheese, canned, prepared with equal volume water",http://purl.obolibrary.org/obo/FOODON_00003018,cheese soup,added,FoodOn names it through a safe un-inverted form,review loop 2026-09-28
174551,"Soup, chicken broth, canned, prepared with equal volume water",,,none,,
174552,"CAMPBELL'S CHUNKY, Hearty Beef Barley Soup",,,none,,
174553,"Soup, cream of chicken, canned, prepared with equal volume water",http://purl.obolibrary.org/obo/FOODON_03305127,cream of chicken soup,added,FoodOn names it through a safe un-inverted form,review loop 2026-09-28
174554,"Soup, clam chowder, manhattan, canned, prepared with equal volume water",,,none,,
174555,"Soup, clam chowder, new england, canned, prepared with equal volume water",,,none,,
174556,"CAMPBELL'S CHUNKY, New England Clam Chowder",,,none,,
174557,"Soup, beef broth, bouillon, consomme, prepared with equal volume water",,,none,,
174558,"Soup, mushroom with beef stock, canned, prepared with equal volume water",,,none,,
174559,"Soup, cream of onion, canned, prepared with equal volume water",,,none,,
174560,"Soup, oyster stew, canned, prepared with equal volume water",,,none,,
174561,"Soup, pea, green, canned, prepared with equal volume water",http://purl.obolibrary.org/obo/FOODON_03304927,pea soup,added,FoodOn names it through a safe un-inverted form,review loop 2026-09-28
174562,"Soup, turkey noodle, canned, prepared with equal volume water",,,none,,
174563,"Soup, turkey vegetable, canned, prepared with equal volume water",,,none,,
174564,"Soup, vegetarian vegetable, canned, prepared with equal volume water",,,none,,
174565,"Soup, vegetable beef, canned, prepared with equal volume water",http://purl.obolibrary.org/obo/FOODON_03305999,vegetable beef soup,added,FoodOn names it through a safe un-inverted form,review loop 2026-09-28
174566,"Soup, chicken broth cubes, dry, prepared with water",,,none,,
174567,"Soup, cream of chicken, dry, mix, prepared with water",http://purl.obolibrary.org/obo/FOODON_03305127,cream of chicken soup,added,FoodOn names it through a safe un-inverted form,review loop 2026-09-28
174568,"Soup, onion, dry, mix, prepared with water",http://purl.obolibrary.org/obo/FOODON_03304821,onion soup,added,FoodOn names it through a safe un-inverted form,review loop 2026-09-28
174569,"Soup, tomato, dry, mix, prepared with water",http://purl.obolibrary.org/obo/FOODON_03304909,tomato soup,added,FoodOn names it through a safe un-inverted form,review loop 2026-09-28
174570,"Roast beef, deli style, prepackaged, sliced",http://purl.obolibrary.org/obo/FOODON_00002734,roast beef,accepted,,
174571,"Luncheon meat, pork, canned",http://purl.obolibrary.org/obo/FOODON_03310675,luncheon meat,accepted,,
174572,"Turkey breast, low salt, prepackaged or deli, luncheon meat",http://purl.obolibrary.org/obo/FOODON_02020514,piece of turkey breast,accepted,,
174573,"Mortadella, beef, pork",,,none,,
174574,"Peppered loaf, pork, beef",,,none,,
174575,"Pepperoni, beef and pork, sliced",,,none,,
174576,"Pickle and pimiento loaf, pork",,,none,,
174577,"Polish sausage, pork",http://purl.obolibrary.org/obo/FOODON_00002728,Kielbasa,flagged,USDA term shares no content word with the USDA name,review loop 2026-09-28
174578,"Pork sausage, link/patty, cooked, pan-fried",http://purl.obolibrary.org/obo/FOODON_00005560,pork sausage link,accepted,,
174579,"Sausage, pork and beef, fresh, cooked",,,none,,
174580,"Sausage, turkey, reduced fat, brown and serve, cooked",http://purl.obolibrary.org/obo/FOODON_00003297,turkey sausage,accepted,,
174581,Poultry salad sandwich spread,,,none,,
174582,"Salami, dry or hard, pork, beef",,,none,,
174583,"Sandwich spread, pork, beef",,,none,,
174584,"Sausage, smoked link sausage, pork",http://purl.obolibrary.org/obo/FOODON_00005560,pork sausage link,accepted,,
174585,"Sausage, smoked link sausage, pork and beef",,,none,,
174586,"Sausage, Italian, pork, mild, cooked, pan-fried",http://purl.obolibrary.org/obo/FOODON_03317294,italian sausage,added,FoodOn names it through a safe un-inverted form,review loop 2026-09-28
174587,"Luncheon sausage, pork and beef",,,none,,
174588,"Sausage, New england brand, pork, beef",,,none,,
174589,"Oscar Mayer, Bologna (beef)",,,none,,
174590,"Oscar Mayer, Smokies Sausage Little Cheese (pork, turkey)",,,none,,
174591,"Oscar Mayer, Wieners (beef franks)",,,none,,
174592,"Bacon, turkey, unprepared",http://purl.obolibrary.org/obo/FOODON_00005531,turkey bacon,added,FoodOn names it through a safe un-inverted form,review loop 2026-09-28
174593,Hormel Pillow Pak Sliced Turkey Pepperoni,,,none,,
174594,"Luncheon meat, pork and chicken, minced, canned, includes Spam Lite",,,none,,
174595,"Bratwurst, veal, cooked",http://purl.obolibrary.org/obo/FOODON_00005527,veal bratwurst,accepted,,
174596,Liverwurst spread,http://purl.obolibrary.org/obo/FOODON_00005585,liverwurst spread,accepted,,
174597,Roast beef spread,,,none,,
174598,"Salami, pork, beef, less sodium",http://purl.obolibrary.org/obo/FOODON_03312067,salami,added,FoodOn names it through a safe un-inverted form,review loop 2026-09-28
174599,"Sausage, summer, pork and beef, sticks, with cheddar cheese",,,none,,
174600,"Sausage, turkey, breakfast links, mild, raw",http://purl.obolibrary.org/obo/FOODON_00003297,turkey sausage,added,FoodOn names it through a safe un-inverted form,review loop 2026-09-28
174601,"Swisswurst, pork and beef, with swiss cheese, smoked",,,none,,
174602,Bacon and beef sticks,,,none,,
174603,"Salami, Italian, pork",,,none,,
174604,"Sausage, Italian, turkey, smoked",http://purl.obolibrary.org/obo/FOODON_03317294,italian sausage,added,FoodOn names it through a safe un-inverted form,review loop 2026-09-28
174605,"Sausage, chicken, beef, pork, skinless, smoked",,,none,,
174606,"Sausage, turkey, hot, smoked",http://purl.obolibrary.org/obo/FOODON_00003297,turkey sausage,accepted,,
174607,"Kielbasa, Polish, turkey and beef, smoked",,,none,,
174608,"Chicken breast, roll, oven-roasted",http://purl.obolibrary.org/obo/FOODON_00002703,chicken breast,accepted,,
174609,"Bologna, pork and turkey, lite",,,none,,
174610,"Bologna, pork, turkey and beef",http://purl.obolibrary.org/obo/FOODON_03306503,bologna,added,FoodOn names it through a safe un-inverted form,review loop 2026-09-28
174611,"Ham, honey, smoked, cooked",,,none,,
174612,"Turkey, breast, smoked, lemon pepper flavor, 97% fat-free",http://purl.obolibrary.org/obo/FOODON_00002690,turkey breast,accepted,,
174613,"Turkey, white, rotisserie, deli cut",http://purl.obolibrary.org/obo/FOODON_02020563,piece of light turkey meat,accepted,,
174614,"Frankfurter, beef, heated",http://purl.obolibrary.org/obo/FOODON_03310577,beef frankfurter,added,FoodOn names it through a safe un-inverted form,review loop 2026-09-28
174615,"Frankfurter, meat, heated",,,none,,
174616,"Sausage, breakfast sausage, beef, pre-cooked, unprepared",http://purl.obolibrary.org/obo/FOODON_00002958,beef sausage,accepted,,
174617,"Sausage, turkey, fresh, raw",http://purl.obolibrary.org/obo/FOODON_00003297,turkey sausage,accepted,,
174618,"Sausage, beef, fresh, cooked",http://purl.obolibrary.org/obo/FOODON_00002958,beef sausage,accepted,,
174619,"Cereals ready-to-eat, MALT-O-MEAL, COCO-ROOS",,,none,,
174620,"Cereals ready-to-eat, QUAKER, QUAKER OAT CINNAMON LIFE",,,none,,
174621,"Cereals ready-to-eat, QUAKER, HONEY GRAHAM OH!S",,,none,,
174622,"Cereals ready-to-eat, QUAKER, Oatmeal Squares",,,none,,
174623,"Cereals ready-to-eat, QUAKER, Oatmeal Squares, cinnamon",,,none,,
174624,"Cereals, QUAKER, Instant Oatmeal, fruit and cream variety, dry",,,none,,
174625,"Cereals, QUAKER, Instant Oatmeal, raisins, dates and walnuts, dry",,,none,,
174626,"Cereals, QUAKER, Oat Bran, QUAKER/MOTHER'S Oat Bran, dry",http://purl.obolibrary.org/obo/FOODON_00003774,oat bran,accepted,,
174627,"Cereals, QUAKER, Oat Bran, QUAKER/MOTHER'S Oat Bran, prepared with water, no salt",http://purl.obolibrary.org/obo/FOODON_00003774,oat bran,accepted,,
174628,"Cereals ready-to-eat, Post, Waffle Crisp",,,none,,
174629,"Cereals, QUAKER, hominy grits, white, quick, dry",http://purl.obolibrary.org/obo/FOODON_00005571,white hominy grits,accepted,,
174630,"Cereals, QUAKER, hominy grits, white, regular, dry",http://purl.obolibrary.org/obo/FOODON_00005571,white hominy grits,accepted,,
174631,"Cereals ready-to-eat, MALT-O-MEAL, COLOSSAL CRUNCH",,,none,,
174632,"Cereals ready-to-eat, QUAKER, MOTHER'S Cinnamon Oat Crunch",,,none,,
174633,"Cereals ready-to-eat, QUAKER, MOTHER'S GRAHAM BUMPERS",,,none,,
174634,"Cereals ready-to-eat, QUAKER, MOTHER'S COCOA BUMPERS",,,none,,
174635,"Cereals ready-to-eat, SUN COUNTRY, KRETSCHMER Toasted Wheat Bran",http://purl.obolibrary.org/obo/FOODON_03304608,wheat bran,flagged,"The FoodOn name lacks the USDA food's main word (ready, eat).",review loop 2026-09-28
174636,"Cereals, QUAKER, Instant Oatmeal, Cinnamon-Spice, dry",,,none,,
174637,"Cereals, QUAKER, Instant Oatmeal, DINOSAUR EGGS, Brown Sugar, dry",,,none,,
174638,"Cereals, QUAKER, Instant Oatmeal, Banana Bread, dry",,,none,,
174639,"Cereals ready-to-eat, UNCLE SAM CEREAL",,,none,,
174640,"Cereals, QUAKER, Quick Oats with Iron, Dry",http://purl.obolibrary.org/obo/FOODON_00005569,quick oats (with iron),accepted,,
174641,"Cereals, QUAKER, Whole Wheat Natural Cereal, dry",,,none,,
174642,"Cereals ready-to-eat, MALT-O-MEAL, Honey BUZZERS",,,none,,
174643,"Cereals ready-to-eat, MALT-O-MEAL, GOLDEN PUFFS",,,none,,
174644,"Cereals ready-to-eat, MOM'S BEST, Honey Nut TOASTY O'S",,,none,,
174645,"Cereals ready-to-eat, MALT-O-MEAL, Apple ZINGS",,,none,,
174646,"Cereals ready-to-eat, MALT-O-MEAL, CINNAMON TOASTERS",,,none,,
174647,"Cereals ready-to-eat, MALT-O-MEAL, Cocoa DYNO-BITES",,,none,,
174648,"Cereals ready-to-eat, RALSTON Corn Flakes",,,none,,
174649,"Cereals ready-to-eat, RALSTON Crispy Hexagons",,,none,,
174650,Milk and cereal bar,,,none,,
174651,"Cereals, MALT-O-MEAL, original, plain, prepared with water, without salt",,,none,,
174652,"Cereals ready-to-eat, QUAKER, Christmas Crunch",,,none,,
174653,"Cereals ready-to-eat, POST SELECTS Maple Pecan Crunch",,,none,,
174654,"Cereals ready-to-eat, NATURE'S PATH, Organic FLAX PLUS, Pumpkin Granola",,,none,,
174655,"Cereals, CREAM OF WHEAT, 2 1/2 minute cook time, dry",http://purl.obolibrary.org/obo/FOODON_03309886,cream of wheat (dry),accepted,,
174656,"Incaparina, dry mix (corn and soy flours), unprepared",,,none,,
174657,"Cereals ready-to-eat, QUAKER, CAP'N CRUNCH'S Halloween Crunch",,,none,,
174658,"Cereals ready-to-eat, QUAKER, Natural Granola Apple Cranberry Almond",,,none,,
174659,"Cereals ready-to-eat, QUAKER, Maple Brown Sugar LIFE Cereal",,,none,,
174660,"Cereals, QUAKER, Instant Oatmeal Organic, Regular",,,none,,
174661,"Cereals, QUAKER, Instant Oatmeal, fruit and cream, variety of flavors, reduced sugar",,,none,,
174662,"Cereals, QUAKER, Instant Oatmeal, Apple and Cinnamon, reduced sugar",,,none,,
174663,"Cereals ready-to-eat, POST, HONEY BUNCHES OF OATS, pecan bunches",,,none,,
174664,"Cereals ready-to-eat, MALT-O-MEAL, CHOCOLATE MARSHMALLOW MATEYS",,,none,,
174665,"Figs, dried, uncooked",http://purl.obolibrary.org/obo/FOODON_03305104,fig (dried),accepted,,
174666,"Figs, dried, stewed",http://purl.obolibrary.org/obo/FOODON_03305104,fig (dried),accepted,,
174667,"Fruit cocktail, (peach and pineapple and pear and grape and cherry), canned, water pack, solids and liquids",,,none,,
174668,"Fruit cocktail, (peach and pineapple and pear and grape and cherry), canned, juice pack, solids and liquids",,,none,,
174669,"Fruit salad, (peach and pear and apricot and pineapple and cherry), canned, water pack, solids and liquids",,,none,,
174670,"Fruit salad, (peach and pear and apricot and pineapple and cherry), canned, juice pack, solids and liquids",,,none,,
174671,"Fruit salad, (peach and pear and apricot and pineapple and cherry), canned, light syrup, solids and liquids",,,none,,
174672,"Fruit salad, (peach and pear and apricot and pineapple and cherry), canned, extra heavy syrup, solids and liquids",,,none,,
174673,"Grapefruit, raw, pink and red, all areas",http://purl.obolibrary.org/obo/FOODON_03301702,grapefruit (raw),accepted,,
174674,"Grapefruit, raw, pink and red, California and Arizona",http://purl.obolibrary.org/obo/FOODON_03301702,grapefruit (raw),accepted,,
174675,"Grapefruit, raw, pink and red, Florida",http://purl.obolibrary.org/obo/FOODON_03301702,grapefruit (raw),accepted,,
174676,"Grapefruit, raw, white, all areas",http://purl.obolibrary.org/obo/FOODON_03311297,white grapefruit (raw),accepted,,
174677,"Grapefruit, raw, white, California",http://purl.obolibrary.org/obo/FOODON_03311297,white grapefruit (raw),accepted,,
174678,"Grapefruit juice, white, canned or bottled, unsweetened",http://purl.obolibrary.org/obo/FOODON_00003293,white grapefruit juice,accepted,,
174679,"Grapefruit juice, white, canned, sweetened",http://purl.obolibrary.org/obo/FOODON_00003293,white grapefruit juice,accepted,,
174680,"Grapefruit juice, white, frozen concentrate, unsweetened, undiluted",http://purl.obolibrary.org/obo/FOODON_00003293,white grapefruit juice,accepted,,
174681,"Grapefruit juice, white, frozen concentrate, unsweetened, diluted with 3 volume water",http://purl.obolibrary.org/obo/FOODON_00003293,white grapefruit juice,accepted,,
174682,"Grapes, american type (slip skin), raw",http://purl.obolibrary.org/obo/FOODON_00005185,fox grape (raw),accepted,,
174683,"Grapes, red or green (European type, such as Thompson seedless), raw",http://purl.obolibrary.org/obo/FOODON_03311298,red grape (raw),accepted,,
174684,"Grapes, canned, thompson seedless, water pack, solids and liquids",http://purl.obolibrary.org/obo/FOODON_03316798,"grape (seedless, canned)",accepted,,
174685,"Grapes, canned, thompson seedless, heavy syrup pack, solids and liquids",http://purl.obolibrary.org/obo/FOODON_03316798,"grape (seedless, canned)",accepted,,
174686,"Guava sauce, cooked",http://purl.obolibrary.org/obo/FOODON_00005513,guava sauce,accepted,,
174687,"Jackfruit, raw",http://purl.obolibrary.org/obo/FOODON_00003087,jackfruit (raw),accepted,,
174688,"Beef, top loin filet, boneless, separable lean only, trimmed to 1/8"" fat, all grades, cooked, grilled",http://purl.obolibrary.org/obo/FOODON_02000133,beef strip fillet,accepted,,
174689,"Beef, top loin filet, boneless, separable lean only, trimmed to 1/8"" fat, choice, cooked, grilled",http://purl.obolibrary.org/obo/FOODON_02000133,beef strip fillet,accepted,,
174690,"Beef, top loin filet, boneless, separable lean only, trimmed to 1/8"" fat, select, cooked, grilled",http://purl.obolibrary.org/obo/FOODON_02000133,beef strip fillet,accepted,,
174691,"Beef, top loin petite roast/filet, boneless, separable lean only, trimmed to 1/8"" fat, choice, raw",http://purl.obolibrary.org/obo/FOODON_02000132,beef strip petite roast (raw),accepted,,
174692,"Beef, top loin petite roast/filet, boneless, separable lean only, trimmed to 1/8"" fat, select, raw",http://purl.obolibrary.org/obo/FOODON_02000132,beef strip petite roast (raw),accepted,,
174693,"Beef, loin, top sirloin filet, boneless, separable lean only, trimmed to 0"" fat, all grades, cooked, grilled",http://purl.obolibrary.org/obo/FOODON_02000155,beef top sirloin fillet,accepted,,
174694,"Beef, loin, top sirloin filet, boneless, separable lean only, trimmed to 0"" fat, choice, cooked, grilled",http://purl.obolibrary.org/obo/FOODON_02000155,beef top sirloin fillet,accepted,,
174695,"Beef, loin, top sirloin petite roast/filet, boneless, separable lean only, trimmed to 0"" fat, select, raw",http://purl.obolibrary.org/obo/FOODON_02000154,beef top sirloin petite roast (raw),accepted,,
174696,"Beef, ribeye  petite roast/filet, boneless, separable lean only, trimmed to 0"" fat, all grades, raw",http://purl.obolibrary.org/obo/FOODON_02000214,beef ribeye petite roast (raw),accepted,,
174697,"Beef, ribeye  petite roast/filet, boneless, separable lean only, trimmed to 0"" fat, choice, raw",http://purl.obolibrary.org/obo/FOODON_02000214,beef ribeye petite roast (raw),accepted,,
174698,"Beef, ribeye  petite roast/filet, boneless, separable lean only, trimmed to 0"" fat, select, raw",http://purl.obolibrary.org/obo/FOODON_02000214,beef ribeye petite roast (raw),accepted,,
174699,"Beef, ribeye cap steak, boneless, separable lean only, trimmed to 0"" fat, choice, raw",http://purl.obolibrary.org/obo/FOODON_02000218,beef ribeye cap steak (raw),accepted,,
174700,"Beef, ribeye cap steak, boneless, separable lean only, trimmed to 0"" fat, select, raw",http://purl.obolibrary.org/obo/FOODON_02000218,beef ribeye cap steak (raw),accepted,,
174701,"Beef, ribeye filet, boneless, separable lean only, trimmed to 0"" fat, all grades, cooked, grilled",http://purl.obolibrary.org/obo/FOODON_02000211,beef ribeye roll,accepted,,
174702,"Beef, ribeye filet, boneless, separable lean only, trimmed to 0"" fat, choice, cooked, grilled",http://purl.obolibrary.org/obo/FOODON_02000211,beef ribeye roll,accepted,,
174703,"Beef, ribeye filet, boneless, separable lean only, trimmed to 0"" fat, select, cooked, grilled",http://purl.obolibrary.org/obo/FOODON_02000211,beef ribeye roll,accepted,,
174704,"Beef, loin, top sirloin cap steak, boneless, separable lean and fat, trimmed to 1/8"" fat, choice, cooked, grilled",http://purl.obolibrary.org/obo/FOODON_02000157,beef culotte steak,accepted,,
174705,"Beef, loin, top sirloin cap steak, boneless, separable lean and fat, trimmed to 1/8"" fat, select, cooked, grilled",http://purl.obolibrary.org/obo/FOODON_02000157,beef culotte steak,accepted,,
174706,"Beef, loin, top sirloin cap steak, boneless, separable lean and fat, trimmed to 1/8"" fat, all grades, raw",http://purl.obolibrary.org/obo/FOODON_02000158,beef culotte steak (raw),accepted,,
174707,"Beef, loin, top sirloin cap steak, boneless, separable lean and fat, trimmed to 1/8"" fat, choice, raw",http://purl.obolibrary.org/obo/FOODON_02000158,beef culotte steak (raw),accepted,,
174708,"Beef, top loin petite roast, boneless, separable lean and fat, trimmed to 1/8"" fat, all grades, cooked, roasted",http://purl.obolibrary.org/obo/FOODON_02000131,beef strip petite roast,accepted,,
174709,"Beef, top loin petite roast, boneless, separable lean and fat, trimmed to 1/8"" fat, choice, cooked, roasted",http://purl.obolibrary.org/obo/FOODON_02000131,beef strip petite roast,accepted,,
174710,"Beef, top loin petite roast, boneless, separable lean and fat, trimmed to 1/8"" fat, select, cooked, roasted",http://purl.obolibrary.org/obo/FOODON_02000131,beef strip petite roast,accepted,,
174711,"Beef, top loin petite roast/filet, boneless, separable lean and fat, trimmed to 1/8"" fat, all grades, raw",http://purl.obolibrary.org/obo/FOODON_02000132,beef strip petite roast (raw),accepted,,
174712,"Beef, loin, top loin steak, boneless, lip-on, separable lean and fat, trimmed to 1/8"" fat, choice, cooked, grilled",http://purl.obolibrary.org/obo/FOODON_02000127,beef strip steak (boneless),accepted,,
174713,"Beef, loin, top loin steak, boneless, lip-on, separable lean and fat, trimmed to 1/8"" fat, select, cooked, grilled",http://purl.obolibrary.org/obo/FOODON_02000127,beef strip steak (boneless),accepted,,
174714,"Beef, loin, top loin steak, boneless, lip-on, separable lean and fat, trimmed to 1/8"" fat, all grades, cooked, grilled",http://purl.obolibrary.org/obo/FOODON_02000127,beef strip steak (boneless),accepted,,
174715,"Beef, New Zealand, imported, bolar blade, separable lean only, cooked, fast roasted",http://purl.obolibrary.org/obo/FOODON_00005376,beef bolar blade,accepted,,
174716,"Beef, New Zealand, imported, bolar blade, separable lean only, raw",http://purl.obolibrary.org/obo/FOODON_00005377,beef bolar blade (raw),accepted,,
174717,"Beef, New Zealand, imported, brisket navel end, separable lean only, cooked, braised",http://purl.obolibrary.org/obo/FOODON_02000191,beef brisket flat half,accepted,,
174718,"Beef, New Zealand, imported, brisket navel end, separable lean only, raw",http://purl.obolibrary.org/obo/FOODON_02000192,beef brisket flat half (raw),accepted,,
174719,"Beef, New Zealand, imported, cube roll, separable lean only, cooked, fast roasted",http://purl.obolibrary.org/obo/FOODON_02000211,beef ribeye roll,accepted,,
174720,"Beef, New Zealand, imported, cube roll, separable lean only, raw",http://purl.obolibrary.org/obo/FOODON_02000212,beef ribeye roll (raw),accepted,,
174721,"Beef, New Zealand, imported, eye round, separable lean only, cooked, slow roasted",http://purl.obolibrary.org/obo/FOODON_02000039,beef eye of round,accepted,,
174722,"Beef, New Zealand, imported, eye round, separable lean only, raw",http://purl.obolibrary.org/obo/FOODON_02000040,beef eye of round (raw),accepted,,
174723,"Beef, New Zealand, imported, variety meats and by-products, heart, raw",http://purl.obolibrary.org/obo/FOODON_00004412,beef heart (raw),accepted,,
174724,"Beef, New Zealand, imported, hind shin, separable lean only, cooked, braised",http://purl.obolibrary.org/obo/FOODON_02000197,beef shank,accepted,,
174725,"Beef, New Zealand, imported, hind shin, separable lean only, raw",http://purl.obolibrary.org/obo/FOODON_02000198,beef shank (raw),accepted,,
174726,"Beef, New Zealand, imported, inside, raw",,,none,,
174727,"Beef, New Zealand, imported, variety meats and by-products, kidney, raw",http://purl.obolibrary.org/obo/FOODON_03310590,beef kidney (raw),accepted,,
174728,"Beef, New Zealand, imported, variety meats and by-products liver, cooked, boiled",http://purl.obolibrary.org/obo/FOODON_02020913,beef liver,accepted,,
174729,"Beef, New Zealand, imported, variety meats and by-products, liver, raw",http://purl.obolibrary.org/obo/FOODON_03302734,beef liver (raw),accepted,,
174730,"Beef, New Zealand, imported, manufacturing beef, cooked, boiled",http://purl.obolibrary.org/obo/FOODON_02000403,piece of beef,accepted,,
174731,"Beef, New Zealand, imported, ribs prepared, raw",http://purl.obolibrary.org/obo/FOODON_02000204,beef rib (raw),accepted,,
174732,"Beef, New Zealand, imported, rump centre, separable lean only, cooked, fast fried",http://purl.obolibrary.org/obo/FOODON_02000403,piece of beef,accepted,,
174733,"Beef, New Zealand, imported, striploin, separable lean only, cooked, fast fried",http://purl.obolibrary.org/obo/FOODON_02000121,beef strip loin (bone-in),accepted,,
174734,"Beef, New Zealand, imported, striploin, separable lean only, raw",http://purl.obolibrary.org/obo/FOODON_02000122,"beef strip loin (bone-in, raw)",accepted,,
174735,"Beef, New Zealand, imported, oyster blade, separable lean and fat, raw",http://purl.obolibrary.org/obo/FOODON_00005378,beef oyster blade,accepted,,
174736,"Beef, New Zealand, imported, tenderloin, separable lean only, raw",http://purl.obolibrary.org/obo/FOODON_02000402,beef tenderloin (raw),accepted,,
174737,"Beef, New Zealand, imported, variety meats and by-products, tongue, cooked, boiled",http://purl.obolibrary.org/obo/FOODON_02020916,beef tongue,accepted,,
174738,"Beef, New Zealand, imported, variety meats and by-products, tongue, raw",http://purl.obolibrary.org/obo/FOODON_03310938,beef tongue (raw),accepted,,
174739,"Beef, New Zealand, imported, brisket navel end, separable lean and fat, cooked, braised",http://purl.obolibrary.org/obo/FOODON_02000191,beef brisket flat half,accepted,,
174740,"Beef, New Zealand, imported, brisket navel end, separable lean and fat, raw",http://purl.obolibrary.org/obo/FOODON_02000192,beef brisket flat half (raw),accepted,,
174741,"Beef, New Zealand, imported, brisket point end, separable lean and fat, cooked, braised",http://purl.obolibrary.org/obo/FOODON_02000195,beef brisket point half,accepted,,
174742,"Beef, New Zealand, imported, brisket point end, separable lean and fat, raw",http://purl.obolibrary.org/obo/FOODON_02000196,beef brisket point half (raw),accepted,,
174743,"Beef, New Zealand, imported, eye round, separable lean and fat, cooked, slow roasted",http://purl.obolibrary.org/obo/FOODON_02000039,beef eye of round,accepted,,
174744,"Beef, New Zealand, imported, eye round, separable lean and fat, raw",http://purl.obolibrary.org/obo/FOODON_02000040,beef eye of round (raw),accepted,,
174745,"Beef, New Zealand, imported, flank, separable lean and fat, cooked, braised",http://purl.obolibrary.org/obo/FOODON_02000175,beef flank,accepted,,
174746,"Beef, New Zealand, imported, flank, separable lean and fat, raw",http://purl.obolibrary.org/obo/FOODON_02000176,beef flank (raw),accepted,,
174747,"Beef, New Zealand, imported, flat, separable lean and fat, cooked, braised",,,none,,
174748,"Beef, New Zealand, imported, rump centre, separable lean and fat, cooked, fast fried",http://purl.obolibrary.org/obo/FOODON_02000403,piece of beef,accepted,,
174749,"Beef, New Zealand, imported, rump centre, separable lean only, raw",http://purl.obolibrary.org/obo/FOODON_02000403,piece of beef,accepted,,
174750,"Beef, New Zealand, imported, rump centre, separable lean and fat, raw",http://purl.obolibrary.org/obo/FOODON_02000403,piece of beef,accepted,,
174751,"Beef, New Zealand, imported, striploin, separable lean and fat, cooked, fast fried",http://purl.obolibrary.org/obo/FOODON_02000121,beef strip loin (bone-in),accepted,,
174752,"Beef, ground, 93% lean meat / 7% fat, patty, cooked, broiled",http://purl.obolibrary.org/obo/FOODON_00001282,beef (ground),accepted,,
174753,"Beef, ground, 93% lean meat /7% fat, patty, cooked, pan-broiled",http://purl.obolibrary.org/obo/FOODON_00001282,beef (ground),accepted,,
174754,"Beef, ground, 93% lean meat / 7% fat, loaf, cooked, baked",http://purl.obolibrary.org/obo/FOODON_00001282,beef (ground),accepted,,
174755,"Beef, ground, 93% lean meat / 7% fat, crumbles, cooked, pan-browned",http://purl.obolibrary.org/obo/FOODON_00001282,beef (ground),accepted,,
174756,"Beef, ground, 97% lean meat / 3% fat, crumbles, cooked, pan-browned",http://purl.obolibrary.org/obo/FOODON_00001282,beef (ground),accepted,,
174757,"Beef, composite of trimmed retail cuts, separable lean and fat, trimmed to 0"" fat, all grades, raw",http://purl.obolibrary.org/obo/FOODON_02000465,beef retail cut (raw),accepted,,
174758,"Beef, composite of trimmed retail cuts, separable lean only, trimmed to 1/8"" fat, all grades, raw",http://purl.obolibrary.org/obo/FOODON_02000465,beef retail cut (raw),accepted,,
174759,"Beef, composite of trimmed retail cuts, separable lean only, trimmed to 1/8"" fat, all grades, cooked",http://purl.obolibrary.org/obo/FOODON_00004478,beef retail cut,accepted,,
174760,"Beef, composite of trimmed retail cuts, separable lean only, trimmed to 0"" fat, all grades, raw",http://purl.obolibrary.org/obo/FOODON_02000465,beef retail cut (raw),accepted,,
174761,"Beef, rib, small end (ribs 10-12), separable lean only, trimmed to 1/8"" fat, choice, raw",http://purl.obolibrary.org/obo/FOODON_02000230,beef small end rib roast (raw),accepted,,
174762,"Beef, tenderloin, steak, separable lean only, trimmed to 1/8"" fat, choice, raw",http://purl.obolibrary.org/obo/FOODON_02000138,"beef tenderloin steak (bone-in, raw)",accepted,,
174763,"Beef, top sirloin, steak, separable lean only, trimmed to 1/8"" fat, choice, raw",http://purl.obolibrary.org/obo/FOODON_02000150,beef top sirloin steak (raw),accepted,,
174764,"Beef, rib, small end (ribs 10-12), separable lean only, trimmed to 1/8""fat, choice, cooked, broiled",http://purl.obolibrary.org/obo/FOODON_02000229,beef small end rib roast,accepted,,
174765,"Beef, chuck, arm pot roast, separable lean only, trimmed to 1/8"" fat, select, raw",http://purl.obolibrary.org/obo/FOODON_02000112,beef chuck arm roast (raw),accepted,,
174766,"Beef, brisket, flat half, separable lean only, trimmed to 1/8"" fat, select, raw",http://purl.obolibrary.org/obo/FOODON_02000192,beef brisket flat half (raw),accepted,,
174767,"Beef, chuck, arm pot roast, separable lean only, trimmed to 1/8"" fat, select, cooked, braised",http://purl.obolibrary.org/obo/FOODON_02000111,beef chuck arm roast,accepted,,
174768,"Beef, brisket, flat half, separable lean only, trimmed to 1/8"" fat, select, cooked, braised",http://purl.obolibrary.org/obo/FOODON_02000191,beef brisket flat half,accepted,,
174769,"Beef, variety meats and by-products, tripe, cooked, simmered",http://purl.obolibrary.org/obo/FOODON_03315155,tripe food product,flagged,USDA term is outside the edible branches,review loop 2026-09-28
174770,"Beef, bottom sirloin, tri-tip roast, separable lean only, trimmed to 0"" fat, all grades, raw",http://purl.obolibrary.org/obo/FOODON_02000164,beef tri-tip roast (raw),accepted,,
174771,"Beef, bottom sirloin, tri-tip roast, separable lean only, trimmed to 0"" fat, choice, cooked, roasted",http://purl.obolibrary.org/obo/FOODON_02000163,beef tri-tip roast,accepted,,
174772,"Beef, bottom sirloin, tri-tip roast, separable lean only, trimmed to 0"" fat, choice, raw",http://purl.obolibrary.org/obo/FOODON_02000164,beef tri-tip roast (raw),accepted,,
174773,"Beef, bottom sirloin, tri-tip roast, separable lean only, trimmed to 0"" fat, select, cooked, roasted",http://purl.obolibrary.org/obo/FOODON_02000163,beef tri-tip roast,accepted,,
174774,"Beef, flank, steak, separable lean only, trimmed to 0"" fat, all grades, cooked, broiled",http://purl.obolibrary.org/obo/FOODON_02000177,beef flank steak,accepted,,
174775,"Beef, flank, steak, separable lean only, trimmed to 0"" fat, select, cooked, broiled",http://purl.obolibrary.org/obo/FOODON_02000177,beef flank steak,accepted,,
174776,"Beef, flank, steak, separable lean only, trimmed to 0"" fat, all grades, raw",http://purl.obolibrary.org/obo/FOODON_02000178,beef flank steak (raw),accepted,,
174777,"Beef, flank, steak, separable lean only, trimmed to 0"" fat, select, raw",http://purl.obolibrary.org/obo/FOODON_02000178,beef flank steak (raw),accepted,,
174778,"Snacks, popcorn, microwave, low fat",,,none,,
174779,"Snacks, candy rolls, yogurt-covered, fruit flavored with high vitamin C",,,none,,
174780,"Formulated bar, MARS SNACKFOOD US, SNICKERS MARATHON Chewy Chocolate Peanut Bar",,,none,,
174781,"Formulated bar, MARS SNACKFOOD US, SNICKERS MARATHON MULTIGRAIN CRUNCH BAR",,,none,,
174782,"Formulated bar, MARS SNACKFOOD US, COCOAVIA, Chocolate Almond Snack Bar",,,none,,
174783,"Snacks, sweet potato chips, unsalted",,,none,,
174784,"Snacks, FRITOLAY, SUNCHIPS, Multigrain Snack, original flavor",,,none,,
174785,"Snacks, popcorn, microwave, regular (butter) flavor, made with partially hydrogenated oil",,,none,,
174786,"Formulated bar, MARS SNACKFOOD US, SNICKERS MARATHON Protein Performance Bar, Caramel Nut Rush",,,none,,
174787,"Formulated bar, LUNA BAR, NUTZ OVER CHOCOLATE",,,none,,
174788,"Snacks, FRITOLAY, SUNCHIPS, multigrain, French onion flavor",,,none,,
174789,"Snacks, FRITOLAY, SUNCHIPS, Multigrain Snack, Harvest Cheddar flavor",,,none,,
174790,"Pretzels, soft, unsalted",,,none,,
174791,"Snacks, vegetable chips, HAIN CELESTIAL GROUP, TERRA CHIPS",,,none,,
174792,"Formulated bar, ZONE PERFECT CLASSIC CRUNCH BAR, mixed flavors",,,none,,
174793,"Snacks, granola bar, KASHI GOLEAN, chewy, mixed flavors",,,none,,
174794,"Snacks, granola bar, KASHI TLC Bar, chewy, mixed flavors",,,none,,
174795,"Snacks, granola bars, QUAKER OATMEAL TO GO, all flavors",,,none,,
174796,"Snacks, vegetable chips, made from garden vegetables",,,none,,
174797,"Snacks, granola bar, KASHI TLC Bar, crunchy, mixed flavors",,,none,,
174798,"Snacks, candy bits, yogurt covered with vitamin C",,,none,,
174799,"Snacks, CLIF BAR, mixed flavors",,,none,,
174800,"Snacks, granola bar, QUAKER, chewy, 90 Calorie Bar",,,none,,
174801,"Snacks, granola bar, GENERAL MILLS NATURE VALLEY, SWEET&SALTY NUT, peanut",,,none,,
174802,"Snacks, granola bar, GENERAL MILLS, NATURE VALLEY, with yogurt coating",,,none,,
174803,"Snack, Mixed Berry Bar",,,none,,
174804,"Snacks, potato chips, made from dried potatoes (preformed), multigrain",,,none,,
174805,"Snacks, potato chips, lightly salted",,,none,,
174806,"Snacks, Pretzels, gluten- free made with cornstarch and potato flour",,,none,,
174807,"Soup, egg drop, Chinese restaurant",http://purl.obolibrary.org/obo/FOODON_03304915,egg drop soup,added,FoodOn names it through a safe un-inverted form,review loop 2026-09-28
174808,"Soup, hot and sour, Chinese restaurant",,,none,,
174809,"Beverages, THE COCA-COLA COMPANY, NOS Zero, energy drink, sugar-free with guarana, fortified with vitamins B6 and B12",,,none,,
174810,"Alcoholic beverage, whiskey sour, canned",,,none,,
174811,"Beverages, Whiskey sour mix, bottled",,,none,,
174812,"Alcoholic beverage, whiskey sour, prepared from item 14028",,,none,,
174813,"Beverages, ABBOTT, EAS soy protein powder",,,none,,
174814,"Beverages, CYTOSPORT, Muscle Milk, ready-to-drink",,,none,,
174815,"Alcoholic beverage, distilled, all (gin, rum, vodka, whiskey) 80 proof",,,none,,
174816,"Beverages, OCEAN SPRAY, Cran-Energy, Cranberry Energy Juice Drink",,,none,,
174817,"Alcoholic beverage, distilled, rum, 80 proof",,,none,,
174818,"Alcoholic beverage, distilled, vodka, 80 proof",,,none,,
174819,"Alcoholic beverage, distilled, whiskey, 86 proof",,,none,,
174820,"Beverages, almond milk, chocolate, ready-to-drink",,,none,,
174821,"Beverages, Energy Drink with carbonated water and high fructose corn syrup",,,none,,
174822,"Beverages, Energy Drink, sugar free",,,none,,
174823,"Beverages, ABBOTT, ENSURE, Nutritional Shake, Ready-to-Drink",,,none,,
174824,"Beverages, chocolate powder, no sugar added",,,none,,
174825,"Beverages, ZEVIA, cola",,,none,,
174826,"Beverages, ZEVIA, cola, caffeine free",,,none,,
174827,"Beverages, GEROLSTEINER BRUNNEN GmbH & Co. KG,Gerolsteiner naturally sparkling mineral water,",,,none,,
174828,"Beverages, yellow green colored citrus soft drink with caffeine",,,none,,
174829,"Beverages, V8 SPLASH Smoothies, Strawberry Banana",,,none,,
174830,"Beverages, V8 SPLASH Smoothies, Tropical Colada",,,none,,
174831,"Beverages, Coconut water, ready-to-drink, unsweetened",http://purl.obolibrary.org/obo/FOODON_00005449,coconut water,accepted,,
174832,"Beverages, almond milk, unsweetened, shelf stable",,,none,,
174833,"Alcoholic Beverage, wine, table, red, Cabernet Sauvignon",http://purl.obolibrary.org/obo/FOODON_00002585,Cabernet Sauvignon wine,accepted,,
174834,"Alcoholic Beverage, wine, table, red, Cabernet Franc",http://purl.obolibrary.org/obo/FOODON_00005374,Cabernet Franc wine,accepted,,
174835,"Alcoholic Beverage, wine, table, red, Pinot Noir",http://purl.obolibrary.org/obo/FOODON_00002596,Pinot noir wine,accepted,,
174836,"Alcoholic Beverage, wine, table, red, Syrah",http://purl.obolibrary.org/obo/FOODON_00002612,Syrah wine,accepted,,
174837,"Alcoholic beverage, wine, table, white",,,none,,
174838,"Alcoholic Beverage, wine, table, red, Lemberger",http://purl.obolibrary.org/obo/FOODON_00002864,Blaufränkisch wine,accepted,,
174839,"Alcoholic Beverage, wine, table, red, Sangiovese",http://purl.obolibrary.org/obo/FOODON_00002603,Sangiovese wine,accepted,,
174840,"Alcoholic Beverage, wine, table, red, Carignane",http://purl.obolibrary.org/obo/FOODON_00002625,Carignane wine,accepted,,
174841,"Alcoholic beverage, wine, table, white, Pinot Gris (Grigio)",http://purl.obolibrary.org/obo/FOODON_00002594,Pinot gris wine,accepted,,
174842,"Beverages, carbonated, club soda",,,none,,
174843,"Alcoholic beverage, wine, table, white, Gewurztraminer",http://purl.obolibrary.org/obo/FOODON_00002623,Gewürztraminer wine,accepted,,
174844,"Alcoholic beverage, wine, table, white, late harvest, Gewurztraminer",http://purl.obolibrary.org/obo/FOODON_00002623,Gewürztraminer wine,accepted,,
174845,"Alcoholic beverage, wine, table, white, Semillon",http://purl.obolibrary.org/obo/FOODON_00002607,Semillon wine,accepted,,
174846,"Beverages, carbonated, ginger ale",,,none,,
174847,"Beverages, NESTEA, tea, black, ready-to-drink, lemon",,,none,,
174848,"Alcoholic beverage, wine, table, white, Pinot Blanc",http://purl.obolibrary.org/obo/FOODON_00002592,Pinot blanc wine,accepted,,
174849,"Alcoholic beverage, wine, table, white, Muscat",http://purl.obolibrary.org/obo/FOODON_00005370,Muscat wine,accepted,,
174850,"Beverages, carbonated, low calorie, cola or pepper-type, with aspartame, without caffeine",,,none,,
174851,"Beverages, carbonated, cola, without caffeine",,,none,,
174852,"Beverages, carbonated, cola, regular",,,none,,
174853,"Beverages, carbonated, reduced sugar, cola, contains caffeine and sweeteners",,,none,,
174854,"Beverages, carbonated, orange",,,none,,
174855,"Beverages, tea, black, ready-to-drink, peach, diet",,,none,,
174856,"Beverages, OCEAN SPRAY, Ruby Red cranberry",,,none,,
174857,"Beverages, MOTTS, Apple juice light, fortified with vitamin C",,,none,,
174858,"Beverages, Lemonade, powder",,,none,,
174859,"Lemonade, powder, prepared with water",,,none,,
174860,"Beverages, lemonade-flavor drink, powder",,,none,,
174861,"Beverages, lemonade-flavor drink, powder, prepared with water",,,none,,
174862,"Limeade, frozen concentrate, prepared with water",,,none,,
174863,"Malt beverage, includes non-alcoholic beer",,,none,,
174864,"Beverages, OVALTINE, Classic Malt powder",,,none,,
174865,"Beverages, Malted drink mix, chocolate, with added nutrients, powder, prepared with whole milk",,,none,,
174866,"Beverages, malted drink mix, chocolate, powder",,,none,,
174867,"Beverages, Malted drink mix, chocolate, powder, prepared with whole milk",,,none,,
174868,"Beverages, orange drink, canned, with added vitamin C",,,none,,
174869,"Strawberry-flavor beverage mix, powder",,,none,,
174870,"Beverages, Strawberry-flavor beverage mix, powder, prepared with whole milk",,,none,,
174871,"Beverages, tea, black, brewed, prepared with tap water, decaffeinated",http://purl.obolibrary.org/obo/FOODON_00005518,black tea (decaffeinated),accepted,,
174872,"Beverages, tea, instant, decaffeinated, unsweetened",,,none,,
174873,"Beverages, tea, instant, unsweetened, prepared with water",,,none,,
174874,"Lamb, New Zealand, imported, square-cut shoulder chops, separable lean and fat, cooked, braised",http://purl.obolibrary.org/obo/FOODON_00005382,lamb shoulder square cut,accepted,,
174875,"Lamb, New Zealand, imported, square-cut shoulder chops, separable lean and fat, raw",http://purl.obolibrary.org/obo/FOODON_00005384,lamb square-cut shoulder chop (raw),accepted,,
174876,"Lamb, New Zealand, imported, square-cut shoulder, separable lean and fat, cooked, slow roasted",http://purl.obolibrary.org/obo/FOODON_00005382,lamb shoulder square cut,accepted,,
174877,"Lamb, New Zealand, imported, tunnel-boned leg, chump off, shank off, separable lean and fat, raw",http://purl.obolibrary.org/obo/FOODON_00005390,lamb tunnel boned leg,accepted,,
174878,"Lamb, New Zealand, imported, tenderloin, separable lean and fat, raw",http://purl.obolibrary.org/obo/FOODON_02000280,lamb tenderloin (raw),accepted,,
174879,"Veal, ground, cooked, pan-fried",http://purl.obolibrary.org/obo/FOODON_02021351,veal meat (ground),accepted,,
174880,"Veal, leg, top round, cap off, cutlet, boneless, cooked, grilled",http://purl.obolibrary.org/obo/FOODON_02000348,veal top round,accepted,,
174881,"Veal, shoulder, blade chop, separable lean only, cooked, grilled",http://purl.obolibrary.org/obo/FOODON_00005416,veal shoulder blade chop,accepted,,
174882,"Veal, external fat only, raw",,,none,,
174883,"Veal, external fat only, cooked",http://purl.obolibrary.org/obo/FOODON_02022358,veal external fat,accepted,,
174884,"Veal, seam fat only, raw",,,none,,
174885,"Lamb, Australian, imported, fresh, leg, bottom, boneless, separable lean only, trimmed to 1/8"" fat, cooked, roasted",http://purl.obolibrary.org/obo/FOODON_02000262,lamb leg bottom,accepted,,
174886,"Lamb, Australian, imported, fresh, leg, hindshank, heel on, bone-in, separable lean only, trimmed to 1/8"" fat, cooked, braised",,,none,,
174887,"Lamb, Australian, imported, fresh, leg, hindshank, heel on, bone-in, separable lean only, trimmed to 1/8"" fat, raw",,,none,,
174888,"Lamb, Australian, imported, fresh, tenderloin, boneless, separable lean only, trimmed to 1/8"" fat, cooked, roasted",http://purl.obolibrary.org/obo/FOODON_02000279,lamb tenderloin,accepted,,
174889,"Lamb, Australian, imported, fresh, rack, roast, frenched, denuded, bone-in, separable lean only, trimmed to 0"" fat, cooked, roasted",http://purl.obolibrary.org/obo/FOODON_00005393,rack of lamb,accepted,,
174890,"Lamb, Australian, imported, fresh, rack, roast, frenched, bone-in, separable lean only, trimmed to 1/8"" fat, cooked, roasted",http://purl.obolibrary.org/obo/FOODON_00005393,rack of lamb,accepted,,
174891,"Lamb, Australian, imported, fresh, external fat, cooked",http://purl.obolibrary.org/obo/FOODON_02021142,lamb external fat,accepted,,
174892,"Lamb, Australian, imported, fresh, external fat, raw",http://purl.obolibrary.org/obo/FOODON_02021145,lamb external fat (raw),accepted,,
174893,"Lamb, Australian, imported, fresh, leg, hindshank, heel on, bone-in, separable lean and fat, trimmed to 1/8"" fat, cooked, braised",,,none,,
174894,"Lamb, Australian, imported, fresh, leg, hindshank, heel on, bone-in, separable lean and fat, trimmed to 1/8"" fat, raw",,,none,,
174895,"Lamb, Australian, imported, fresh, leg, trotter off, bone-in, separable lean and fat, trimmed to 1/8"" fat, cooked, roasted",http://purl.obolibrary.org/obo/FOODON_02000253,lamb leg,flagged,Found by hand: a leg of lamb is not a rack of lamb.,review loop 2026-09-28
174896,"Lamb, Australian, imported, fresh, leg, trotter off, bone-in, separable lean and fat, trimmed to 1/8"" fat, raw",http://purl.obolibrary.org/obo/FOODON_02000254,lamb leg (raw),flagged,Found by hand: a leg of lamb is not a rack of lamb.,review loop 2026-09-28
174897,"Lamb, Australian, imported, fresh, tenderloin, boneless, separable lean and fat, trimmed to 1/8"" fat, cooked, roasted",http://purl.obolibrary.org/obo/FOODON_02000279,lamb tenderloin,accepted,,
174898,"Lamb, Australian, imported, fresh, rib chop, frenched, denuded, bone-in, separable lean and fat, trimmed to 0"" fat, cooked, grilled",http://purl.obolibrary.org/obo/FOODON_00005391,lamb rib chop,accepted,,
174899,"Bagels, plain, enriched, with calcium propionate (includes onion, poppy, sesame)",,,none,,
174900,"Bagels, plain, enriched, with calcium propionate (includes onion, poppy, sesame), toasted",,,none,,
174901,"Bagels, egg",,,none,,
174902,"Biscuits, plain or buttermilk, dry mix",,,none,,
174903,"Biscuits, plain or buttermilk, dry mix, prepared",,,none,,
174904,"Biscuits, plain or buttermilk, refrigerated dough, lower fat",,,none,,
174905,"Biscuits, plain or buttermilk, refrigerated dough, lower fat, baked",,,none,,
174906,"Bread, banana, prepared from recipe, made with margarine",,,none,,
174907,"Bread, boston brown, canned",,,none,,
174908,"Bread, cornbread, dry mix, enriched (includes corn muffin mix)",,,none,,
174909,"Bread, cornbread, dry mix, prepared with 2% milk, 80% margarine, and eggs",,,none,,
174910,"Bread, cornbread, prepared from recipe, made with low fat (2%) milk",,,none,,
174911,"Bread, french or vienna, toasted (includes sourdough)",,,none,,
174912,"Bread, irish soda, prepared from recipe",http://purl.obolibrary.org/obo/FOODON_00002860,Irish soda bread,added,FoodOn names it through a safe un-inverted form,review loop 2026-09-28
174913,"Bread, Italian",http://purl.obolibrary.org/obo/FOODON_03302692,italian bread,added,FoodOn names it through a safe un-inverted form,review loop 2026-09-28
174914,"Bread, multi-grain, toasted (includes whole-grain)",,,none,,
174915,"Bread, pita, white, enriched",http://purl.obolibrary.org/obo/FOODON_00003060,pita bread,added,FoodOn names it through a safe un-inverted form,review loop 2026-09-28
174916,"Bread, pita, whole-wheat",http://purl.obolibrary.org/obo/FOODON_03304540,whole wheat pita bread,added,FoodOn names it through a safe un-inverted form,review loop 2026-09-28
174917,"Bread, protein (includes gluten)",,,none,,
174918,"Bread, pumpernickel",http://purl.obolibrary.org/obo/FOODON_03302357,pumpernickel bread,added,FoodOn names it through a safe un-inverted form,review loop 2026-09-28
174919,"Bread, reduced-calorie, oatmeal",,,none,,
174920,"Bread, reduced-calorie, rye",,,none,,
174921,"Bread, reduced-calorie, wheat",,,none,,
174922,"Bread, reduced-calorie, white",,,none,,
174923,"Bread, rice bran",,,none,,
174924,"Bread, white, commercially prepared (includes soft bread crumbs)",http://purl.obolibrary.org/obo/FOODON_03301055,white bread,added,FoodOn names it through a safe un-inverted form,review loop 2026-09-28
174925,"Bread, white, commercially prepared, toasted",http://purl.obolibrary.org/obo/FOODON_03301055,white bread,added,FoodOn names it through a safe un-inverted form,review loop 2026-09-28
174926,"Bread, white, prepared from recipe, made with nonfat dry milk",http://purl.obolibrary.org/obo/FOODON_03301055,white bread,added,FoodOn names it through a safe un-inverted form,review loop 2026-09-28
174927,"Bread, white, prepared from recipe, made with low fat (2%) milk",http://purl.obolibrary.org/obo/FOODON_03301055,white bread,added,FoodOn names it through a safe un-inverted form,review loop 2026-09-28
174928,"Bread, crumbs, dry, grated, plain",,,none,,
174929,"Bread, sticks, plain",,,none,,
174930,"Bread, stuffing, dry mix",,,none,,
174931,"Bread, stuffing, dry mix, prepared",,,none,,
174932,"Cake, pudding-type, carrot, dry mix",,,none,,
174933,"Cake, cherry fudge with chocolate frosting",,,none,,
174934,"Cake, chocolate, commercially prepared with chocolate frosting, in-store bakery",http://purl.obolibrary.org/obo/FOODON_03305417,chocolate cake,added,FoodOn names it through a safe un-inverted form,review loop 2026-09-28
174935,"Cake, pudding-type, chocolate, dry mix",,,none,,
174936,"Cake, coffeecake, creme-filled with chocolate frosting",,,none,,
174937,"Cake, coffeecake, fruit",,,none,,
174938,"Cake, coffeecake, cinnamon with crumb topping, dry mix, prepared",,,none,,
174939,"Cake, fruitcake, commercially prepared",,,none,,
174940,"Cake, pound, commercially prepared, other than all butter, enriched",http://purl.obolibrary.org/obo/FOODON_03302767,pound cake,added,FoodOn names it through a safe un-inverted form,review loop 2026-09-28
174941,"Cake, shortcake, biscuit-type, prepared from recipe",,,none,,
174942,"Cake, snack cakes, creme-filled, chocolate with frosting",,,none,,
174943,"Cake, snack cakes, creme-filled, sponge",,,none,,
174944,"Cake, yellow, commercially prepared, with chocolate frosting, in-store bakery",,,none,,
174945,"Cake, yellow, commercially prepared, with vanilla frosting",,,none,,
174946,"Cake, pudding-type, yellow, dry mix",,,none,,
174947,"Cake, yellow, enriched, dry mix",,,none,,
174948,"Cookies, brownies, dry mix, regular",,,none,,
174949,"Cookies, brownies, prepared from recipe",,,none,,
174950,"Cookies, butter, commercially prepared, enriched",,,none,,
174951,"Cookies, fudge, cake-type (includes trolley cakes)",,,none,,
174952,"Cookies, chocolate chip, dry mix",,,none,,
174953,"Cookies, chocolate chip, refrigerated dough",,,none,,
174954,"Cookies, chocolate chip, refrigerated dough, baked",,,none,,
174955,"Cookies, chocolate chip, prepared from recipe, made with margarine",,,none,,
174956,"Cookies, gingersnaps",,,none,,
174957,"Cookies, graham crackers, plain or honey (includes cinnamon)",,,none,,
174958,"Cookies, graham crackers, chocolate-coated",,,none,,
174959,"Cookies, ladyfingers, with lemon juice and rind",,,none,,
174960,"Cookies, oatmeal, dry mix",,,none,,
174961,"Cookies, oatmeal, refrigerated dough",,,none,,
174962,"Cookies, oatmeal, refrigerated dough, baked",,,none,,
174963,"Cookies, oatmeal, with raisins",,,none,,
174964,"Cookies, peanut butter, prepared from recipe",,,none,,
174965,"Cookies, peanut butter sandwich, regular",,,none,,
174966,"Cookies, raisin, soft-type",,,none,,
174967,"Cookies, shortbread, commercially prepared, plain",,,none,,
174968,"Cookies, shortbread, commercially prepared, pecan",,,none,,
174969,"Cookies, peanut butter sandwich, special dietary",,,none,,
174970,"Cookies, sugar wafer, with creme filling, sugar free",,,none,,
174971,"Cookies, sugar, commercially prepared, regular (includes vanilla)",,,none,,
174972,"Cookies, sugar, refrigerated dough",,,none,,
174973,"Cookies, vanilla wafers, lower fat",,,none,,
174974,"Cookies, vanilla wafers, higher fat",,,none,,
174975,"Crackers, cheese, regular",,,none,,
174976,"Crackers, cheese, sandwich-type with peanut butter filling",,,none,,
174977,"Crackers, melba toast, plain",,,none,,
174978,"Crackers, melba toast, rye (includes pumpernickel)",,,none,,
174979,"Crackers, melba toast, wheat",,,none,,
174980,"Crackers, milk",,,none,,
174981,"Crackers, rusk toast",,,none,,
174982,"Crackers, standard snack-type, regular",,,none,,
174983,"Crackers, standard snack-type, sandwich, with cheese filling",,,none,,
174984,"Crackers, standard snack-type, sandwich, with peanut butter filling",,,none,,
174985,"Crackers, wheat, regular",,,none,,
174986,"Cream puff shell, prepared from recipe",,,none,,
174987,"Croissants, butter",,,none,,
174988,"Croissants, apple",,,none,,
174989,"Croissants, cheese",,,none,,
174990,"Doughnuts, cake-type, plain (includes unsugared, old-fashioned)",,,none,,
174991,"Doughnuts, cake-type, plain, chocolate-coated or frosted",,,none,,
174992,"Doughnuts, cake-type, plain, sugared or glazed",,,none,,
174993,"Doughnuts, cake-type, chocolate, sugared or glazed",,,none,,
174994,"Muffins, English, plain, enriched, with ca prop (includes sourdough)",,,none,,
174995,"Muffins, English, plain, toasted, enriched, with calcium propionate (includes sourdough)",,,none,,
174996,"Muffins, English, mixed-grain (includes granola)",,,none,,
174997,"Muffins, English, raisin-cinnamon (includes apple-cinnamon)",,,none,,
174998,"French toast, prepared from recipe, made with low fat (2%) milk",,,none,,
174999,"Hush puppies, prepared from recipe",,,none,,
175000,"Ice cream cones, cake or wafer-type",,,none,,
175001,"Ice cream cones, sugar, rolled-type",,,none,,
175002,"Muffins, corn, commercially prepared",,,none,,
175003,"Muffins, corn, dry mix, prepared",,,none,,
175004,"Muffins, corn, toaster-type",,,none,,
175005,"Muffins, corn, prepared from recipe, made with low fat (2%) milk",,,none,,
175006,"Pancakes, plain, dry mix, complete, prepared",,,none,,
175007,"Pancakes, plain, dry mix, incomplete (includes buttermilk)",,,none,,
175008,"Pancakes, plain, dry mix, incomplete, prepared",,,none,,
175009,"Pancakes, plain, prepared from recipe",,,none,,
175010,"Pancakes, whole-wheat, dry mix, incomplete, prepared",,,none,,
175011,"Pie, apple, commercially prepared, enriched flour",http://purl.obolibrary.org/obo/FOODON_00002475,apple pie,added,FoodOn names it through a safe un-inverted form,review loop 2026-09-28
175012,"Pie, apple, prepared from recipe",http://purl.obolibrary.org/obo/FOODON_00002475,apple pie,added,FoodOn names it through a safe un-inverted form,review loop 2026-09-28
175013,"Pie, banana cream, prepared from mix, no-bake type",http://purl.obolibrary.org/obo/FOODON_03307352,banana cream pie,added,FoodOn names it through a safe un-inverted form,review loop 2026-09-28
175014,"Pie, chocolate creme, commercially prepared",,,none,,
175015,"Pie, chocolate mousse, prepared from mix, no-bake type",,,none,,
175016,"Pie, coconut creme, commercially prepared",,,none,,
175017,"Pie, coconut cream, prepared from mix, no-bake type",http://purl.obolibrary.org/obo/FOODON_03306765,coconut cream pie,added,FoodOn names it through a safe un-inverted form,review loop 2026-09-28
175018,"Pie, lemon meringue, prepared from recipe",,,none,,
175019,"Pie, mince, prepared from recipe",http://purl.obolibrary.org/obo/FOODON_03305824,mince pie,added,FoodOn names it through a safe un-inverted form,review loop 2026-09-28
175020,"Pie, peach",http://purl.obolibrary.org/obo/FOODON_03306759,peach pie,added,FoodOn names it through a safe un-inverted form,review loop 2026-09-28
175021,"Pie, pecan, commercially prepared",http://purl.obolibrary.org/obo/FOODON_03306781,pecan pie,added,FoodOn names it through a safe un-inverted form,review loop 2026-09-28
175022,"Pie crust, standard-type, dry mix",,,none,,
175023,"Pie crust, standard-type, dry mix, prepared, baked",,,none,,
175024,"Pie crust, standard-type, frozen, ready-to-bake, enriched",,,none,,
175025,"Pie crust, standard-type, frozen, ready-to-bake, enriched, baked",,,none,,
175026,"Pie crust, standard-type, prepared from recipe, baked",,,none,,
175027,"Rolls, dinner, egg",,,none,,
175028,"Rolls, dinner, oat bran",,,none,,
175029,"Rolls, dinner, rye",,,none,,
175030,"Rolls, dinner, wheat",,,none,,
175031,"Rolls, hard (includes kaiser)",,,none,,
175032,"Strudel, apple",,,none,,
175033,"Sweet rolls, cheese",,,none,,
175034,"Sweet rolls, cinnamon, commercially prepared with raisins",,,none,,
175035,"Toaster pastries, fruit (includes apple, blueberry, cherry, strawberry)",,,none,,
175036,"Tortillas, ready-to-bake or -fry, corn",,,none,,
175037,"Tortillas, ready-to-bake or -fry, flour, refrigerated",,,none,,
175038,"Waffles, plain, frozen, ready-to-heat",,,none,,
175039,"Waffles, plain, prepared from recipe",,,none,,
175040,"Leavening agents, baking soda",http://purl.obolibrary.org/obo/FOODON_00002385,baking soda,flagged,The FoodOn name lacks the USDA food's main word (leavening).,review loop 2026-09-28
175041,"Leavening agents, cream of tartar",http://purl.obolibrary.org/obo/FOODON_03414273,potassium hydrogen tartrate,flagged,USDA term shares no content word with the USDA name,review loop 2026-09-28
175042,"Leavening agents, yeast, baker's, compressed",http://purl.obolibrary.org/obo/FOODON_03311884,compressed yeast,flagged,The FoodOn name lacks the USDA food's main word (leavening).,review loop 2026-09-28
175043,"Leavening agents, yeast, baker's, active dry",http://purl.obolibrary.org/obo/FOODON_03310334,bakers yeast,flagged,The FoodOn name lacks the USDA food's main word (leavening).,review loop 2026-09-28
175044,"Bread, rice bran, toasted",,,none,,
175045,"Muffins, blueberry, toaster-type, toasted",,,none,,
175046,"Muffins, wheat bran, toaster-type with raisins, toasted",,,none,,
175047,"Pancakes, buttermilk, prepared from recipe",,,none,,
175048,"Waffles, plain, frozen, ready -to-heat, toasted",,,none,,
175049,"Bagels, plain, enriched, without calcium propionate (includes onion, poppy, sesame)",,,none,,
175050,"Bagels, plain, unenriched, with calcium propionate (includes onion, poppy, sesame)",,,none,,
175051,"Bagels, plain, unenriched, without calcium propionate(includes onion, poppy, sesame)",,,none,,
175052,"Cake, coffeecake, cinnamon with crumb topping, commercially prepared, unenriched",,,none,,
175053,"Cake, pound, commercially prepared, other than all butter, unenriched",http://purl.obolibrary.org/obo/FOODON_03302767,pound cake,added,FoodOn names it through a safe un-inverted form,review loop 2026-09-28
175054,"Cake, pudding-type, white, unenriched, dry mix",,,none,,
175055,"Cake, yellow, unenriched, dry mix",,,none,,
175056,"Crackers, saltines, low salt (includes oyster, soda, soup)",,,none,,
175057,"Crackers, saltines, unsalted tops (includes oyster, soda, soup)",,,none,,
175058,"Crackers, standard snack-type, regular, low salt",,,none,,
175059,"Crackers, wheat, low salt",,,none,,
175060,"Crackers, cheese, low sodium",,,none,,
175061,"Danish pastry, raspberry, unenriched",,,none,,
175062,"Doughnuts, yeast-leavened, glazed, unenriched (includes honey buns)",,,none,,
175063,"English muffins, plain, enriched, without calcium propionate(includes sourdough)",,,none,,
175064,"Pie, fried pies, lemon",,,none,,
175065,"Pie crust, standard-type, frozen, ready-to-bake, unenriched",,,none,,
175066,"Popovers, dry mix, unenriched",,,none,,
175067,"Taco shells, baked, without added salt",,,none,,
175068,"Crackers, saltines, fat-free, low-sodium",,,none,,
175069,"Tart, breakfast, low fat",,,none,,
175070,"Archway Home Style Cookies, Sugar Free Oatmeal",,,none,,
175071,"Archway Home Style Cookies, Chocolate Chip Ice Box",,,none,,
175072,"Archway Home Style Cookies, Iced Oatmeal",,,none,,
175073,"Archway Home Style Cookies, Molasses",,,none,,
175074,"Archway Home Style Cookies, Oatmeal",,,none,,
175075,"Archway Home Style Cookies, Oatmeal Raisin",,,none,,
175076,"Archway Home Style Cookies, Strawberry Filled",,,none,,
175077,"Archway Home Style Cookies, Reduced Fat Ginger Snaps",,,none,,
175078,"Artificial Blueberry Muffin Mix, dry",,,none,,
175079,"Kraft, Stove Top Stuffing Mix Chicken Flavor",,,none,,
175080,"Martha White Foods, Martha White's Chewy Fudge Brownie Mix, dry",,,none,,
175081,"Martha White Foods, Martha White's Buttermilk Biscuit Mix, dry",,,none,,
175082,"Mission Foods, Mission Flour Tortillas, Soft Taco, 8 inch",,,none,,
175083,"Nabisco, Nabisco Grahams Crackers",,,none,,
175084,"Nabisco, Nabisco Oreo Crunchies, Cookie Crumb Topping",,,none,,
175085,"Game meat, deer, cooked, roasted",http://purl.obolibrary.org/obo/FOODON_02021416,piece of deer meat,accepted,,
175086,"Game meat, horse, raw",http://purl.obolibrary.org/obo/FOODON_03306058,piece of horse meat (raw),accepted,,
175087,"Game meat, horse, cooked, roasted",http://purl.obolibrary.org/obo/FOODON_02021553,piece of horse meat,accepted,,
175088,"Beverages, tea, instant, lemon, unsweetened",,,none,,
175089,"Beverages, tea, instant, lemon, sweetened, powder",,,none,,
175090,"Beverages, tea, instant, lemon, sweetened, prepared with water",,,none,,
175091,"Beverages, tea, instant, sweetened with sodium saccharin, lemon-flavored, powder",,,none,,
175092,"Beverages, cocoa mix, with aspartame, powder, prepared with water",,,none,,
175093,"Beverages, carbonated, cola, fast-food cola",,,none,,
175094,"Beverages, fruit punch juice drink, frozen concentrate",,,none,,
175095,"Beverages, fruit punch juice drink, frozen concentrate, prepared with water",,,none,,
175096,"Beverages, water, tap, well",,,flagged,USDA term is outside the edible branches,review loop 2026-09-28
175097,"Alcoholic beverage, liqueur, coffee, 53 proof",,,none,,
175098,"Alcoholic beverage, liqueur, coffee with cream, 34 proof",,,none,,
175099,"Beverages, carbonated, low calorie, cola or pepper-type, with aspartame, contains caffeine",,,none,,
175100,"Beverages, Orange drink, breakfast type, with juice and pulp, frozen concentrate",,,none,,
175101,"Beverages, Orange drink, breakfast type, with juice and pulp, frozen concentrate, prepared with water",,,none,,
175102,"Beverages, shake, fast food, strawberry",,,none,,
175103,"Beverages, water, tap, municipal",,,flagged,USDA term is outside the edible branches,review loop 2026-09-28
175104,"Beverages, The COCA-COLA company, DASANI, water, bottled, non-carbonated",,,none,,
175105,"Beverages, orange breakfast drink, ready-to-drink, with added nutrients",,,none,,
175106,"Beverages, water, bottled, non-carbonated, CALISTOGA",http://purl.obolibrary.org/obo/FOODON_00005581,non-carbonated water (bottled),accepted,,
175107,"Beverages, water, bottled, non-carbonated, CRYSTAL GEYSER",http://purl.obolibrary.org/obo/FOODON_00005581,non-carbonated water (bottled),accepted,,
175108,"Beverages, COCA-COLA, POWERADE, lemon-lime flavored, ready-to-drink",,,none,,
175109,"Beverages, Propel Zero, fruit-flavored, non-carbonated",,,none,,
175110,"Beverages, ARIZONA, tea, ready-to-drink, lemon",,,none,,
175111,"Beverages, LIPTON BRISK, tea, black, ready-to-drink, lemon",,,none,,
175112,"Alcoholic beverage, wine, dessert, dry",,,none,,
175113,"Carbonated beverage, low calorie, other than cola or pepper, with sodium saccharin, without caffeine",,,none,,
175114,"Beverages, Cocoa mix, low calorie, powder, with added calcium, phosphorus, aspartame, without added sodium or vitamin A",,,none,,
175115,"Beverages, fruit punch-flavor drink, powder, without added sodium, prepared with water",,,none,,
175116,"Fish, herring, Atlantic, raw",http://purl.obolibrary.org/obo/FOODON_03308102,atlantic herring (raw),accepted,,
175117,"Fish, herring, Atlantic, cooked, dry heat",,,none,,
175118,"Fish, herring, Atlantic, pickled",,,none,,
175119,"Fish, mackerel, Atlantic, raw",http://purl.obolibrary.org/obo/FOODON_03308256,atlantic mackerel (raw),accepted,,
175120,"Fish, mackerel, Atlantic, cooked, dry heat",,,none,,
175121,"Fish, mackerel, jack, canned, drained solids",http://purl.obolibrary.org/obo/FOODON_03311115,jack mackerel (canned),accepted,,
175122,"Fish, mackerel, king, raw",http://purl.obolibrary.org/obo/FOODON_03309710,king mackerel (raw),accepted,,
175123,"Fish, mullet, striped, raw",http://purl.obolibrary.org/obo/FOODON_03308427,striped mullet (raw),accepted,,
175124,"Fish, mullet, striped, cooked, dry heat",,,none,,
175125,"Fish, ocean perch, Atlantic, raw",http://purl.obolibrary.org/obo/FOODON_03306502,ocean perch (raw),accepted,,
175126,"Fish, ocean perch, Atlantic, cooked, dry heat",,,none,,
175127,"Fish, pike, northern, cooked, dry heat",,,none,,
175128,"Fish, pike, walleye, raw",http://purl.obolibrary.org/obo/FOODON_03307396,pike (raw),accepted,,
175129,"Fish, pollock, Atlantic, raw",http://purl.obolibrary.org/obo/FOODON_03309227,atlantic pollock (raw),accepted,,
175130,"Fish, pollock, Alaska, raw (may contain additives to retain moisture)",http://purl.obolibrary.org/obo/FOODON_03309141,alaska pollock (raw),accepted,,
175131,"Fish, rockfish, Pacific, mixed species, cooked, dry heat",,,none,,
175132,"Fish, roe, mixed species, raw",,,none,,
175133,"Fish, roughy, orange, raw",http://purl.obolibrary.org/obo/FOODON_03309112,orange roughy (raw),accepted,,
175134,"Fish, sablefish, raw",http://purl.obolibrary.org/obo/FOODON_03309439,sablefish (raw),accepted,,
175135,"Fish, salmon, chum, canned, drained solids with bone",,,none,,
175136,"Fish, salmon, coho, wild, raw",http://purl.obolibrary.org/obo/FOODON_03308314,coho salmon (raw),accepted,,
175137,"Fish, salmon, coho, wild, cooked, moist heat",,,none,,
175138,"Fish, salmon, pink, raw",http://purl.obolibrary.org/obo/FOODON_03308556,pink salmon (raw),accepted,,
175139,"Fish, sardine, Atlantic, canned in oil, drained solids with bone",,,none,,
175140,"Fish, sardine, Pacific, canned in tomato sauce, drained solids with bone",,,none,,
175141,"Fish, scup, raw",,,none,,
175142,"Fish, sea bass, mixed species, raw",,,none,,
175143,"Fish, shark, mixed species, cooked, batter-dipped and fried",,,none,,
175144,"Fish, sheepshead, raw",http://purl.obolibrary.org/obo/FOODON_03308887,sheepshead (raw),accepted,,
175145,"Fish, sheepshead, cooked, dry heat",,,none,,
175146,"Fish, smelt, rainbow, raw",,,none,,
175147,"Fish, smelt, rainbow, cooked, dry heat",,,none,,
175148,"Fish, sturgeon, mixed species, cooked, dry heat",,,none,,
175149,"Fish, sturgeon, mixed species, smoked",,,none,,
175150,"Fish, sucker, white, raw",http://purl.obolibrary.org/obo/FOODON_02022360,piece of white sucker (raw),accepted,,
175151,"Fish, sunfish, pumpkin seed, raw",http://purl.obolibrary.org/obo/FOODON_02022337,piece of pumpkinseed sunfish (raw),accepted,,
175152,"Fish, tilefish, cooked, dry heat",http://purl.obolibrary.org/obo/FOODON_02022014,piece of tilefish,accepted,,
175153,"Fish, trout, mixed species, raw",,,none,,
175154,"Fish, trout, rainbow, wild, raw",http://purl.obolibrary.org/obo/FOODON_03308453,rainbow trout (raw),accepted,,
175155,"Fish, trout, rainbow, wild, cooked, dry heat",,,none,,
175156,"Fish, tuna, fresh, skipjack, raw",http://purl.obolibrary.org/obo/FOODON_03308719,skipjack tuna (raw),accepted,,
175157,"Fish, tuna, white, canned in oil, drained solids",,,none,,
175158,"Fish, tuna, white, canned in water, drained solids",http://purl.obolibrary.org/obo/FOODON_03308711,"tuna (light meat, canned)",accepted,,
175159,"Fish, tuna, fresh, yellowfin, raw",http://purl.obolibrary.org/obo/FOODON_03308461,yellowfin tuna (raw),accepted,,
175160,"Fish, tuna salad",,,none,,
175161,"Fish, whiting, mixed species, cooked, dry heat",,,none,,
175162,"Fish, wolffish, Atlantic, raw",http://purl.obolibrary.org/obo/FOODON_03309322,atlantic wolffish (raw),accepted,,
175163,"Fish, yellowtail, mixed species, raw",,,none,,
175164,"Crustaceans, crab, alaska king, raw",http://purl.obolibrary.org/obo/FOODON_03308585,red king crab (raw),accepted,,
175165,"Fish, catfish, channel, farmed, raw",http://purl.obolibrary.org/obo/FOODON_03308001,channel catfish (raw),accepted,,
175166,"Fish, catfish, channel, farmed, cooked, dry heat",,,none,,
175167,"Fish, salmon, Atlantic, farmed, raw",http://purl.obolibrary.org/obo/FOODON_03307996,piece of atlantic salmon meat (raw),accepted,,
175168,"Fish, salmon, Atlantic, farmed, cooked, dry heat",,,none,,
175169,"Crustaceans, crayfish, mixed species, farmed, raw",,,none,,
175170,"Crustaceans, crayfish, mixed species, farmed, cooked, moist heat",,,none,,
175171,"Mollusks, oyster, eastern, wild, cooked, dry heat",,,none,,
175172,"Mollusks, oyster, eastern, farmed, raw",http://purl.obolibrary.org/obo/FOODON_03308151,eastern oyster (raw),accepted,,
175173,"Mollusks, oyster, eastern, farmed, cooked, dry heat",,,none,,
175174,"Salmon, sockeye, canned, total can contents",http://purl.obolibrary.org/obo/FOODON_02021848,sockeye salmon,added,FoodOn names it through a safe un-inverted form,review loop 2026-09-28
175175,"Fish, salmon, pink, canned, drained solids",,,none,,
175176,"Fish, tilapia, raw",http://purl.obolibrary.org/obo/FOODON_03309216,tilapia (raw),accepted,,
175177,"Fish, tilapia, cooked, dry heat",,,none,,
175178,"Fish, cod, Pacific, cooked",http://purl.obolibrary.org/obo/FOODON_03411841,pacific cod,added,FoodOn names it through a safe un-inverted form,review loop 2026-09-28
175179,"Crustaceans, shrimp, raw",http://purl.obolibrary.org/obo/FOODON_03301837,shrimp (raw),accepted,,
175180,"Crustaceans, shrimp, cooked",,,none,,
175181,"Fish, trout, brook, raw, New York State",http://purl.obolibrary.org/obo/FOODON_03309630,brook trout (raw),accepted,,
175182,"Beans, baked, canned, plain or vegetarian",http://purl.obolibrary.org/obo/FOODON_03301946,baked beans (dish),added,FoodOn names it through a safe un-inverted form,review loop 2026-09-28
175183,"Beans, baked, canned, with beef",http://purl.obolibrary.org/obo/FOODON_03301946,baked beans (dish),added,FoodOn names it through a safe un-inverted form,review loop 2026-09-28
175184,"Beans, baked, canned, with franks",http://purl.obolibrary.org/obo/FOODON_03301946,baked beans (dish),added,FoodOn names it through a safe un-inverted form,review loop 2026-09-28
175185,"Beans, baked, canned, with pork",http://purl.obolibrary.org/obo/FOODON_03301466,pork and beans (canned),added,FoodOn names it through a safe un-inverted form,review loop 2026-09-28
175186,"Beans, black turtle, mature seeds, raw",http://purl.obolibrary.org/obo/FOODON_00005274,black turtle bean (mature),accepted,,
175187,"Beans, black turtle, mature seeds, cooked, boiled, without salt",http://purl.obolibrary.org/obo/FOODON_00005274,black turtle bean (mature),accepted,,
175188,"Beans, black turtle, mature seeds, canned",http://purl.obolibrary.org/obo/FOODON_00004518,black turtle bean (canned),accepted,,
175189,"Beans, cranberry (roman), mature seeds, raw",http://purl.obolibrary.org/obo/FOODON_00005290,"cranberry bean (raw, mature)",accepted,,
175190,"Beans, great northern, mature seeds, raw (Includes foods for USDA's Food Distribution Program)",http://purl.obolibrary.org/obo/FOODON_00005278,"great northern bean (raw, mature)",accepted,,
175191,"Beans, great northern, mature seeds, cooked, boiled, without salt",http://purl.obolibrary.org/obo/FOODON_00005272,great northern bean (mature),accepted,,
175192,"Beans, great northern, mature seeds, canned",http://purl.obolibrary.org/obo/FOODON_03302057,great northern bean (canned),accepted,,
175193,"Beans, kidney, all types, mature seeds, raw",http://purl.obolibrary.org/obo/FOODON_00005279,"kidney bean (raw, mature)",accepted,,
175194,"Beans, kidney, red, mature seeds, cooked, boiled, without salt",http://purl.obolibrary.org/obo/FOODON_00005267,red kidney bean (mature),accepted,,
175195,"Beans, kidney, red, mature seeds, canned, solids and liquids",http://purl.obolibrary.org/obo/FOODON_03303520,red kidney bean (canned),accepted,,
175196,"Beans, kidney, royal red, mature seeds, raw",http://purl.obolibrary.org/obo/FOODON_00005280,"red kidney bean (raw, mature)",accepted,,
175197,"Beans, kidney, royal red, mature seeds, cooked, boiled, without salt",http://purl.obolibrary.org/obo/FOODON_00005267,red kidney bean (mature),accepted,,
175198,"Beans, pink, mature seeds, cooked, boiled, without salt",http://purl.obolibrary.org/obo/FOODON_00005266,pink bean (mature),accepted,,
175199,"Beans, pinto, mature seeds, raw (Includes foods for USDA's Food Distribution Program)",http://purl.obolibrary.org/obo/FOODON_03000193,"pinto bean (raw, mature)",accepted,,
175200,"Beans, pinto, mature seeds, cooked, boiled, without salt",http://purl.obolibrary.org/obo/FOODON_00005265,pinto bean (mature),accepted,,
175201,"Beans, pinto, mature seeds, canned, solids and liquids",http://purl.obolibrary.org/obo/FOODON_03315783,pinto bean (canned),flagged,Found by hand: pinto beans are not adzuki beans.,review loop 2026-09-28
175202,"Beans, white, mature seeds, raw",http://purl.obolibrary.org/obo/FOODON_03000194,"white bean (raw, mature)",accepted,,
175203,"Beans, white, mature seeds, cooked, boiled, without salt",http://purl.obolibrary.org/obo/FOODON_00005263,white bean (mature),accepted,,
175204,"Beans, white, mature seeds, canned",http://purl.obolibrary.org/obo/FOODON_03301232,white bean,accepted,,
175205,"Broadbeans (fava beans), mature seeds, raw",http://purl.obolibrary.org/obo/FOODON_03000200,"broad bean (raw, mature)",accepted,,
175206,"Chickpeas (garbanzo beans, bengal gram), mature seeds, canned, solids and liquids",http://purl.obolibrary.org/obo/FOODON_03315784,chickpea (canned),accepted,,
175207,"Chili with beans, canned",http://purl.obolibrary.org/obo/FOODON_03317312,chili with beans (canned),added,FoodOn names it through a safe un-inverted form,review loop 2026-09-28
175208,"Cowpeas, catjang, mature seeds, raw",http://purl.obolibrary.org/obo/FOODON_03000201,"catjang pea (raw, mature)",accepted,,
175209,"Cowpeas, catjang, mature seeds, cooked, boiled, without salt",http://purl.obolibrary.org/obo/FOODON_00005282,catjang pea (mature),accepted,,
175210,"Hyacinth beans, mature seeds, raw",http://purl.obolibrary.org/obo/FOODON_03000199,"hyacinth bean (raw, mature)",flagged,USDA term shares no content word with the USDA name,review loop 2026-09-28
175211,"Hyacinth beans, mature seeds, cooked, boiled, without salt",http://purl.obolibrary.org/obo/FOODON_00005252,hyacinth bean (mature),accepted,,
175212,"Vitasoy USA, Vitasoy Organic Creamy Original Soymilk",,,none,,
175213,"Vitasoy USA, Vitasoy Organic Classic Original Soymilk",,,none,,
175214,"Vitasoy USA, Vitasoy Light Vanilla Soymilk",,,none,,
175215,"Soymilk (all flavors), unsweetened, with added calcium, vitamins A and D",,,none,,
175216,"Soymilk (all flavors), nonfat, with added calcium, vitamins A and D",,,none,,
175217,"Soymilk, chocolate, nonfat, with added calcium, vitamins A and D",,,none,,
175218,"SILK Plain, soymilk",,,none,,
175219,"SILK Vanilla, soymilk",,,none,,
175220,"SILK Plus Omega-3 DHA, soymilk",,,none,,
175221,"SILK Plus for Bone Health, soymilk",,,none,,
175222,"SILK Plus Fiber, soymilk",,,none,,
175223,"SILK Unsweetened, soymilk",,,none,,
175224,"SILK Coffee, soymilk",,,none,,
175225,SILK Vanilla soy yogurt (family size),,,none,,
175226,SILK Vanilla soy yogurt (single serving size),,,none,,
175227,SILK Plain soy yogurt,,,none,,
175228,SILK Strawberry soy yogurt,,,none,,
175229,SILK Key Lime soy yogurt,,,none,,
175230,SILK Banana-Strawberry soy yogurt,,,none,,
175231,SILK Original Creamer,,,none,,
175232,SILK French Vanilla Creamer,,,none,,
175233,"Vitasoy USA Organic Nasoya, Tofu Plus Firm",http://purl.obolibrary.org/obo/FOODON_00005540,firm tofu,flagged,USDA term shares no content word with the USDA name,review loop 2026-09-28
175234,"Vitasoy USA Organic Nasoya Sprouted, Tofu Plus Super Firm",http://purl.obolibrary.org/obo/FOODON_00005544,super firm tofu,flagged,USDA term shares no content word with the USDA name,review loop 2026-09-28
175235,"Vitasoy USA Azumaya, Extra Firm Tofu",http://purl.obolibrary.org/obo/FOODON_00004698,extra firm tofu,flagged,"The FoodOn name lacks the USDA food's main word (vitasoy, azumaya).",review loop 2026-09-28
175236,"Vitasoy USA Azumaya, Firm Tofu",http://purl.obolibrary.org/obo/FOODON_00005540,firm tofu,flagged,"The FoodOn name lacks the USDA food's main word (vitasoy, azumaya).",review loop 2026-09-28
175237,"Beans, black, mature seeds, cooked, boiled, with salt",http://purl.obolibrary.org/obo/FOODON_00005274,black turtle bean (mature),accepted,,
175238,"Beans, black, mature seeds, canned, low sodium",http://purl.obolibrary.org/obo/FOODON_00004518,black turtle bean (canned),accepted,,
175239,"Beans, black turtle, mature seeds, cooked, boiled, with salt",http://purl.obolibrary.org/obo/FOODON_00005274,black turtle bean (mature),accepted,,
175240,"Beans, cranberry (roman), mature seeds, cooked, boiled, with salt",http://purl.obolibrary.org/obo/FOODON_03000435,"cranberry bean (mature, boiled)",accepted,,
175241,"Beans, french, mature seeds, cooked, boiled, with salt",,,flagged,"Found by hand: mature french bean seeds are a dry bean, not a green bean pod.",review loop 2026-09-28
175242,"Beans, kidney, red, mature seeds, cooked, boiled, with salt",http://purl.obolibrary.org/obo/FOODON_00005267,red kidney bean (mature),accepted,,
175243,"Beans, kidney, red, mature seeds, canned, drained solids, rinsed in tap water",http://purl.obolibrary.org/obo/FOODON_03303520,red kidney bean (canned),accepted,,
175244,"Beans, kidney, royal red, mature seeds, cooked, boiled with salt",http://purl.obolibrary.org/obo/FOODON_00005267,red kidney bean (mature),accepted,,
175245,"Beans, kidney, red, mature seeds, canned, solids and liquid, low sodium",http://purl.obolibrary.org/obo/FOODON_03303520,red kidney bean (canned),accepted,,
175246,"Beans, small white, mature seeds, cooked, boiled, with salt",http://purl.obolibrary.org/obo/FOODON_00005263,white bean (mature),accepted,,
175247,"Beans, pinto, mature seeds, canned, solids and liquids, low sodium",http://purl.obolibrary.org/obo/FOODON_00005265,pinto bean (mature),accepted,,
175248,"Beans, yellow, mature seeds, cooked, boiled, with salt",http://purl.obolibrary.org/obo/FOODON_00005262,yellow bean (mature),accepted,,
175249,"Beans, white, mature seeds, cooked, boiled, with salt",http://purl.obolibrary.org/obo/FOODON_00005263,white bean (mature),accepted,,
175250,"Chickpeas (garbanzo beans, bengal gram), mature seeds, canned, solids and liquids, low sodium",http://purl.obolibrary.org/obo/FOODON_03315784,chickpea (canned),accepted,,
175251,"Cowpeas, catjang, mature seeds, cooked, boiled, with salt",http://purl.obolibrary.org/obo/FOODON_00005258,cowpea (mature),accepted,,
175252,"Cowpeas, common (blackeyes, crowder, southern), mature seeds, cooked, boiled, with salt",http://purl.obolibrary.org/obo/FOODON_00005260,common cowpea (mature),accepted,,
175253,"Hyacinth beans, mature seeds, cooked, boiled, with salt",http://purl.obolibrary.org/obo/FOODON_00005252,hyacinth bean (mature),accepted,,
175254,"Lentils, mature seeds, cooked, boiled, with salt",http://purl.obolibrary.org/obo/FOODON_00005251,lentil (mature),accepted,,
175255,"Mung beans, mature seeds, cooked, boiled, with salt",http://purl.obolibrary.org/obo/FOODON_00005248,mung bean (mature),accepted,,
175256,"Mungo beans, mature seeds, cooked, boiled, with salt",http://purl.obolibrary.org/obo/FOODON_00005287,black gram bean (mature),flagged,The FoodOn name lacks the USDA food's main word (mungo).,review loop 2026-09-28
175257,"Peas, split, mature seeds, cooked, boiled, with salt",http://purl.obolibrary.org/obo/FOODON_03000215,"split pea (dried, mature)",accepted,,
175258,"Peanuts, all types, oil-roasted, without salt",,,none,,
175259,"Lamb, New Zealand, imported, frozen, loin, separable lean and fat, cooked, broiled",http://purl.obolibrary.org/obo/FOODON_02000277,lamb loin,accepted,,
175260,"Lamb, New Zealand, imported, rack - partly frenched, separable lean only, raw",http://purl.obolibrary.org/obo/FOODON_02000273,lamb rib (raw),accepted,,
175261,"Lamb, New Zealand, imported, rack - partly frenched, separable lean only, cooked, fast roasted",http://purl.obolibrary.org/obo/FOODON_02000272,lamb rib,accepted,,
175262,"Lamb, New Zealand, imported, square-cut shoulder, separable lean and fat, raw",http://purl.obolibrary.org/obo/FOODON_02000240,lamb shoulder (raw),accepted,,
175263,"Lamb, New Zealand, imported, frozen, shoulder, whole (arm and blade), separable lean and fat, cooked, braised",http://purl.obolibrary.org/obo/FOODON_02000239,lamb shoulder,accepted,,
175264,"Lamb, New Zealand, imported, square-cut shoulder, separable lean only, raw",http://purl.obolibrary.org/obo/FOODON_02000240,lamb shoulder (raw),accepted,,
175265,"Veal, composite of trimmed retail cuts, separable lean only, cooked",http://purl.obolibrary.org/obo/FOODON_02021379,veal retail cut,accepted,,
175266,"Veal, composite of trimmed retail cuts, separable fat, raw",http://purl.obolibrary.org/obo/FOODON_02021380,veal retail cut (raw),accepted,,
175267,"Veal, composite of trimmed retail cuts, separable fat, cooked",http://purl.obolibrary.org/obo/FOODON_02021379,veal retail cut,accepted,,
175268,"Veal, leg (top round), separable lean and fat, raw",http://purl.obolibrary.org/obo/FOODON_02000349,veal top round (raw),accepted,,
175269,"Veal, leg (top round), separable lean only, raw",http://purl.obolibrary.org/obo/FOODON_02000349,veal top round (raw),accepted,,
175270,"Veal, leg (top round), separable lean only, cooked, braised",http://purl.obolibrary.org/obo/FOODON_02000348,veal top round,accepted,,
175271,"Veal, leg (top round), separable lean only, cooked, pan-fried, breaded",,,none,,
175272,"Veal, leg (top round), separable lean only, cooked, pan-fried, not breaded",http://purl.obolibrary.org/obo/FOODON_02000348,veal top round,accepted,,
175273,"Veal, loin, separable lean only, cooked, braised",http://purl.obolibrary.org/obo/FOODON_02000352,veal loin,accepted,,
175274,"Veal, loin, separable lean only, cooked, roasted",http://purl.obolibrary.org/obo/FOODON_02000352,veal loin,accepted,,
175275,"Veal, rib, separable lean and fat, raw",http://purl.obolibrary.org/obo/FOODON_02000355,veal rib (raw),accepted,,
175276,"Veal, rib, separable lean and fat, cooked, braised",http://purl.obolibrary.org/obo/FOODON_02000354,veal rib,accepted,,
175277,"Veal, shoulder, whole (arm and blade), separable lean and fat, raw",http://purl.obolibrary.org/obo/FOODON_02000367,veal shoulder (raw),accepted,,
175278,"Veal, shoulder, whole (arm and blade), separable lean and fat, cooked, braised",http://purl.obolibrary.org/obo/FOODON_02000366,veal shoulder,accepted,,
175279,"Veal, shoulder, whole (arm and blade), separable lean and fat, cooked, roasted",http://purl.obolibrary.org/obo/FOODON_02000366,veal shoulder,accepted,,
175280,"Veal, shoulder, whole (arm and blade), separable lean only, raw",http://purl.obolibrary.org/obo/FOODON_02000367,veal shoulder (raw),accepted,,
175281,"Veal, shoulder, arm, separable lean and fat, cooked, roasted",http://purl.obolibrary.org/obo/FOODON_02000370,veal shoulder arm,accepted,,
175282,"Veal, shoulder, arm, separable lean only, raw",http://purl.obolibrary.org/obo/FOODON_02000371,veal shoulder arm (raw),accepted,,
175283,"Veal, shoulder, arm, separable lean only, cooked, braised",http://purl.obolibrary.org/obo/FOODON_02000370,veal shoulder arm,accepted,,
175284,"Veal, shoulder, arm, separable lean only, cooked, roasted",http://purl.obolibrary.org/obo/FOODON_02000370,veal shoulder arm,accepted,,
175285,"Veal, shoulder, blade, separable lean only, cooked, roasted",http://purl.obolibrary.org/obo/FOODON_02000368,veal shoulder blade,accepted,,
175286,"Veal, sirloin, separable lean and fat, raw",http://purl.obolibrary.org/obo/FOODON_02000365,veal sirloin (raw),accepted,,
175287,"Veal, sirloin, separable lean and fat, cooked, braised",http://purl.obolibrary.org/obo/FOODON_02000364,veal sirloin,accepted,,
175288,"Veal, sirloin, separable lean and fat, cooked, roasted",http://purl.obolibrary.org/obo/FOODON_02000364,veal sirloin,accepted,,
175289,"Veal, cubed for stew (leg and shoulder), separable lean only, cooked, braised",http://purl.obolibrary.org/obo/FOODON_02021342,piece of veal meat (cubed),accepted,,
175290,"Veal, ground, raw",http://purl.obolibrary.org/obo/FOODON_02021352,"veal meat (ground, raw)",accepted,,
175291,"Veal, ground, cooked, broiled",http://purl.obolibrary.org/obo/FOODON_02021351,veal meat (ground),accepted,,
175292,"Game meat, antelope, raw",http://purl.obolibrary.org/obo/FOODON_02020828,piece of antelope meat (raw),accepted,,
175293,"Bison, ground, grass-fed, raw",http://purl.obolibrary.org/obo/FOODON_02020857,"bison meat (ground, raw)",accepted,,
175294,"Game meat, beaver, raw",http://purl.obolibrary.org/obo/FOODON_02021606,piece of beaver meat (raw),accepted,,
175295,"Game meat, beaver, cooked, roasted",http://purl.obolibrary.org/obo/FOODON_02021605,piece of beaver meat,accepted,,
175296,"Game meat, beefalo, composite of cuts, raw",http://purl.obolibrary.org/obo/FOODON_02020999,butchery cut of beefalo (raw),accepted,,
175297,"Game meat, boar, wild, raw",http://purl.obolibrary.org/obo/FOODON_00004424,piece of wild boar meat (raw),accepted,,
175298,"Game meat, boar, wild, cooked, roasted",http://purl.obolibrary.org/obo/FOODON_02021644,piece of wild boar meat,accepted,,
175299,"Game meat, buffalo, water, raw",http://purl.obolibrary.org/obo/FOODON_03301322,piece of water buffalo meat (raw),accepted,,
175300,"Game meat, buffalo, water, cooked, roasted",http://purl.obolibrary.org/obo/FOODON_02021050,piece of water buffalo meat,accepted,,
175301,"Game meat, elk, raw",http://purl.obolibrary.org/obo/FOODON_03306463,piece of elk meat (raw),accepted,,
175302,"Game meat, elk, cooked, roasted",http://purl.obolibrary.org/obo/FOODON_02021425,piece of elk meat,accepted,,
175303,"Game meat, goat, raw",http://purl.obolibrary.org/obo/FOODON_00004422,piece of goat meat (raw),accepted,,
175304,"Game meat, goat, cooked, roasted",http://purl.obolibrary.org/obo/FOODON_02021079,piece of goat meat,accepted,,
321360,"Tomatoes, grape, raw",http://purl.obolibrary.org/obo/FOODON_00003299,grape tomato (raw),accepted,,
323604,"Egg, whole, raw, frozen, pasteurized",http://purl.obolibrary.org/obo/FOODON_03306265,"chicken egg liquid (pasteurized, frozen)",accepted,,
325198,"Cheese, pasteurized process, American, vitamin D fortified",http://purl.obolibrary.org/obo/FOODON_03303517,pasteurized process cheese food,accepted,,
328637,"Cheese, cheddar",http://purl.obolibrary.org/obo/FOODON_03302458,cheddar cheese,accepted,,
330137,"Yogurt, Greek, plain, nonfat",http://purl.obolibrary.org/obo/FOODON_00004409,greek yogurt,accepted,,
331897,"Chicken, broilers or fryers, drumstick, meat only, cooked, braised",http://purl.obolibrary.org/obo/FOODON_02020269,piece of chicken drumstick (skinless),accepted,,
332791,"Olives, green, Manzanilla, stuffed with pimiento",http://purl.obolibrary.org/obo/FOODON_03307143,olive (stuffed with pimiento),accepted,,
333008,"Cookies, oatmeal, soft, with raisins",http://purl.obolibrary.org/obo/FOODON_00003294,oatmeal raisin cookie,accepted,,
333281,"Tomatoes, canned, red, ripe, diced",http://purl.obolibrary.org/obo/FOODON_03304885,"tomato (diced, canned)",accepted,,
333476,"Fish, pollock, raw",http://purl.obolibrary.org/obo/FOODON_03301079,pollock (raw),accepted,,
334194,"Fish, tuna, light, canned in water, drained solids",http://purl.obolibrary.org/obo/FOODON_03309003,"tuna (white, solid pack, canned in water)",accepted,,
746764,"Carrots, frozen, unprepared",http://purl.obolibrary.org/obo/FOODON_03304759,carrot (frozen),accepted,,
746771,"Oranges, raw, navels",http://purl.obolibrary.org/obo/FOODON_00002511,navel orange (raw),accepted,,
746773,"Pears, raw, bartlett",http://purl.obolibrary.org/obo/FOODON_00002843,Williams pear (raw),accepted,,
746775,"Salt, table, iodized",http://purl.obolibrary.org/obo/FOODON_03305008,salt (iodized),accepted,,
746781,"Sausage, pork, chorizo, link or ground, cooked, pan-fried",http://purl.obolibrary.org/obo/FOODON_03316070,chorizo,accepted,,
746952,"Ham, sliced, restaurant",http://purl.obolibrary.org/obo/FOODON_03311694,"ham (sliced, cooked)",accepted,,
747429,"Cheese, American, restaurant",http://purl.obolibrary.org/obo/FOODON_03316860,"cheese food (american, grated)",accepted,,
747430,"Beans, Dry, Medium Red (0% moisture)",http://purl.obolibrary.org/obo/FOODON_00001202,winged bean food product,accepted,,
747431,"Beans, Dry, Red (0% moisture)",http://purl.obolibrary.org/obo/FOODON_00001202,winged bean food product,accepted,,
747432,"Beans, Dry, Flor de Mayo (0% moisture)",http://purl.obolibrary.org/obo/FOODON_00001202,winged bean food product,accepted,,
747433,"Beans, Dry, Brown (0% moisture)",http://purl.obolibrary.org/obo/FOODON_00002749,brown bean,accepted,,
747434,"Beans, Dry, Tan (0% moisture)",http://purl.obolibrary.org/obo/FOODON_00001202,winged bean food product,accepted,,
747435,"Beans, Dry, Light Tan (0% moisture)",http://purl.obolibrary.org/obo/FOODON_00001202,winged bean food product,accepted,,
747436,"Beans, Dry, Carioca (0% moisture)",http://purl.obolibrary.org/obo/FOODON_00001201,dry bean food product,accepted,,
747437,"Beans, Dry, Cranberry (0% moisture)",http://purl.obolibrary.org/obo/FOODON_00002751,cranberry bean (dried),accepted,,
747438,"Beans, Dry, Light Red Kidney (0% moisture)",http://purl.obolibrary.org/obo/FOODON_00003586,light red kidney bean,accepted,,
747439,"Beans, Dry, Pink (0% moisture)",http://purl.obolibrary.org/obo/FOODON_00001202,winged bean food product,accepted,,
747440,"Beans, Dry, Dark Red Kidney (0% moisture)",http://purl.obolibrary.org/obo/FOODON_00003587,dark red kidney bean,accepted,,
747441,"Beans, Dry, Navy (0% moisture)",http://purl.obolibrary.org/obo/FOODON_03310738,navy bean (dried),accepted,,
747442,"Beans, Dry, Small White (0% moisture)",http://purl.obolibrary.org/obo/FOODON_00001202,winged bean food product,accepted,,
747443,"Beans, Dry, Small Red (0% moisture)",http://purl.obolibrary.org/obo/FOODON_00001202,winged bean food product,accepted,,
747444,"Beans, Dry, Black (0% moisture)",http://purl.obolibrary.org/obo/FOODON_00001201,dry bean food product,accepted,,
747445,"Beans, Dry, Pinto (0% moisture)",http://purl.obolibrary.org/obo/FOODON_00001202,winged bean food product,accepted,,
747446,"Beans, Dry, Great Northern (0% moisture)",http://purl.obolibrary.org/obo/FOODON_03310058,great northern bean,accepted,,
747693,"Ketchup, restaurant",http://purl.obolibrary.org/obo/FOODON_03301460,tomato ketchup,accepted,,
747997,"Eggs, Grade A, Large, egg white",http://purl.obolibrary.org/obo/FOODON_02020156,chicken egg white (raw),flagged,USDA term is outside the edible branches,review loop 2026-09-28
748236,"Eggs, Grade A, Large, egg yolk",http://purl.obolibrary.org/obo/FOODON_02020158,chicken egg yolk (raw),accepted,,
748323,"Oil, corn",http://purl.obolibrary.org/obo/FOODON_03301474,corn oil,accepted,,
748366,"Oil, soybean",http://purl.obolibrary.org/obo/FOODON_03302776,soybean oil,accepted,,
748608,"Oil, olive, extra virgin",http://purl.obolibrary.org/obo/FOODON_00002808,olive oil (extra-virgin),accepted,,
748967,"Eggs, Grade A, Large, egg whole",http://purl.obolibrary.org/obo/FOODON_03316061,chicken egg,accepted,,
749420,"Pork, cured, bacon, cooked, restaurant",http://purl.obolibrary.org/obo/FOODON_03317331,bacon (whole cut or pieces),accepted,,
789828,"Butter, stick, unsalted",http://purl.obolibrary.org/obo/FOODON_03301777,butter (unsalted),accepted,,
789890,"Flour, wheat, all-purpose, enriched, bleached",http://purl.obolibrary.org/obo/FOODON_03304534,white wheat flour (all purpose),accepted,,
789951,"Flour, wheat, all-purpose, enriched, unbleached",http://purl.obolibrary.org/obo/FOODON_03301969,"white wheat flour (unbleached, enriched)",accepted,,
790018,"Flour, wheat, all-purpose, unenriched, unbleached",http://purl.obolibrary.org/obo/FOODON_00003354,"white wheat flour (unenriched, unbleached)",accepted,,
790085,"Flour, whole wheat, unenriched",http://purl.obolibrary.org/obo/FOODON_03302340,whole wheat flour,accepted,,
790146,"Flour, bread, white, enriched, unbleached",http://purl.obolibrary.org/obo/FOODON_03304043,white bread flour,accepted,,
790214,"Flour, rice, white, unenriched",http://purl.obolibrary.org/obo/FOODON_03307541,white rice flour,accepted,,
790276,"Flour, corn, yellow, fine meal, enriched",http://purl.obolibrary.org/obo/FOODON_03306290,yellow corn flour,accepted,,
790508,"Butter, stick, salted",http://purl.obolibrary.org/obo/FOODON_03302643,butter (salted),accepted,,
790577,"Onions, red, raw",http://purl.obolibrary.org/obo/FOODON_00003515,red onion (raw),accepted,,
790646,"Onions, yellow, raw",http://purl.obolibrary.org/obo/FOODON_03311276,yellow onion (raw),accepted,,
1104705,"Flour, soy, defatted",http://purl.obolibrary.org/obo/FOODON_03311459,soybean flour (defatted),accepted,,
1104766,"Flour, soy, full-fat",http://purl.obolibrary.org/obo/FOODON_03302142,soybean flour,accepted,,
1104812,"Flour, rice, brown",http://purl.obolibrary.org/obo/FOODON_00003351,brown rice flour,accepted,,
1104867,"Flour, rice, glutinous",http://purl.obolibrary.org/obo/FOODON_00003353,glutinous rice flour,accepted,,
1104913,"Flour, pastry, unenriched, unbleached",http://purl.obolibrary.org/obo/FOODON_00003355,pastry flour,accepted,,
1104962,"Onions, white, raw",http://purl.obolibrary.org/obo/FOODON_00003349,white onion (raw),accepted,,
1105073,"Bananas, overripe, raw",http://purl.obolibrary.org/obo/FOODON_00003345,"Cavendish banana (overripe, raw)",accepted,,
1105314,"Bananas, ripe and slightly ripe, raw",http://purl.obolibrary.org/obo/FOODON_00004184,banana (raw),accepted,,
1750339,"Apples, red delicious, with skin, raw",http://purl.obolibrary.org/obo/FOODON_00004201,Red Delicious apple (raw),accepted,,
1750340,"Apples, fuji, with skin, raw",http://purl.obolibrary.org/obo/FOODON_00004205,Fuji apple (raw),accepted,,
1750341,"Apples, gala, with skin, raw",http://purl.obolibrary.org/obo/FOODON_00004204,Gala apple (raw),accepted,,
1750342,"Apples, granny smith, with skin, raw",http://purl.obolibrary.org/obo/FOODON_00004206,Granny Smith apple (raw),accepted,,
1750343,"Apples, honeycrisp, with skin, raw",http://purl.obolibrary.org/obo/FOODON_00004607,Honeycrisp apple (raw),accepted,,
1750348,"Oil, peanut",http://purl.obolibrary.org/obo/FOODON_03309857,peanut oil,accepted,,
1750349,"Oil, sunflower",http://purl.obolibrary.org/obo/FOODON_03310357,sunflower seed oil,accepted,,
1750350,"Oil, safflower",http://purl.obolibrary.org/obo/FOODON_03302780,safflower oil,accepted,,
1750351,"Oil, olive, extra light",http://purl.obolibrary.org/obo/FOODON_03301826,olive oil,accepted,,
1999626,"Mushroom, lion's mane",http://purl.obolibrary.org/obo/FOODON_03414547,bearded tooth mushroom,accepted,,
1999627,"Mushroom, oyster",http://purl.obolibrary.org/obo/FOODON_03306534,oyster mushroom (raw),accepted,,
1999628,"Mushrooms, shiitake",http://purl.obolibrary.org/obo/FOODON_03411635,shiitake mushroom,accepted,,
1999629,"Mushrooms, white button",http://purl.obolibrary.org/obo/FOODON_00003462,white mushroom,accepted,,
1999630,"Soy milk, unsweetened, plain, shelf stable",http://purl.obolibrary.org/obo/FOODON_03305289,soybean milk,accepted,,
1999631,"Almond milk, unsweetened, plain, shelf stable",http://purl.obolibrary.org/obo/FOODON_00003157,almond milk,accepted,,
1999632,"Spinach, baby",http://purl.obolibrary.org/obo/FOODON_00002977,baby spinach,accepted,,
1999633,"Spinach, mature",http://purl.obolibrary.org/obo/FOODON_03301716,spinach leaf (raw),accepted,,
1999634,"Tomato, roma",http://purl.obolibrary.org/obo/FOODON_00003228,plum tomato (raw),accepted,,
2003586,"Flour, 00",http://purl.obolibrary.org/obo/FOODON_00004512,00 white wheat flour,accepted,,
2003587,"Flour, spelt, whole grain",http://purl.obolibrary.org/obo/FOODON_00004721,spelt flour,accepted,,
2003588,"Flour, semolina, coarse and semi-coarse",http://purl.obolibrary.org/obo/FOODON_00004513,semolina flour (durum wheat),accepted,,
2003589,"Flour, semolina, fine",http://purl.obolibrary.org/obo/FOODON_00004514,fine semolina flour (durum wheat),accepted,,
2003590,"Apple juice, with added vitamin C, from concentrate, shelf stable",http://purl.obolibrary.org/obo/FOODON_03301420,apple juice (reconstituted),accepted,,
2003591,"Orange juice, no pulp, not fortified, from concentrate, refrigerated",http://purl.obolibrary.org/obo/FOODON_03305984,reconstituted orange juice (from concentrate),accepted,,
2003592,"Grape juice, purple, with added vitamin C, from concentrate, shelf stable",http://purl.obolibrary.org/obo/FOODON_03305763,grape juice (reconstituted),accepted,,
2003593,"Grape juice, white, with added vitamin C, from concentrate, shelf stable",http://purl.obolibrary.org/obo/FOODON_03309404,white grape juice,accepted,,
2003594,"Cranberry juice, not fortified, from concentrate, shelf stable",http://purl.obolibrary.org/obo/FOODON_03301671,cranberry juice,accepted,,
2003595,"Grapefruit juice, red, not fortified, not from concentrate, refrigerated",http://purl.obolibrary.org/obo/FOODON_03306174,grapefruit juice,accepted,,
2003596,"Tomato juice, with added ingredients, from concentrate, shelf stable",http://purl.obolibrary.org/obo/FOODON_03301454,tomato juice,accepted,,
2003597,"Orange juice, no pulp, not fortified, not from concentrate, refrigerated",http://purl.obolibrary.org/obo/FOODON_03305980,orange juice (chilled),accepted,,
2003598,"Mushroom, portabella",http://purl.obolibrary.org/obo/FOODON_00003464,portobello mushroom,accepted,,
2003599,"Mushroom, king oyster",http://purl.obolibrary.org/obo/FOODON_03413743,king oyster mushroom,accepted,,
2003600,"Mushroom, enoki",http://purl.obolibrary.org/obo/FOODON_03412507,enoki mushroom,accepted,,
2003601,"Mushroom, crimini",http://purl.obolibrary.org/obo/FOODON_00003463,brown mushroom,accepted,,
2003602,"Mushroom, maitake",http://purl.obolibrary.org/obo/FOODON_03413726,maitake mushroom,accepted,,
2003603,"Mushroom, beech",http://purl.obolibrary.org/obo/FOODON_03414533,white beech mushroom,accepted,,
2003604,"Mushroom, pioppini",http://purl.obolibrary.org/obo/FOODON_00003466,pioppini mushroom,accepted,,
2257044,"Soy milk, sweetened, plain, refrigerated",http://purl.obolibrary.org/obo/FOODON_03305289,soybean milk,accepted,,
2257045,"Almond milk, unsweetened, plain, refrigerated",http://purl.obolibrary.org/obo/FOODON_00003157,almond milk,accepted,,
2257046,"Oat milk, unsweetened, plain, refrigerated",http://purl.obolibrary.org/obo/FOODON_00004515,oat milk,accepted,,
2258586,"Carrots, mature, raw",http://purl.obolibrary.org/obo/FOODON_03301570,carrot root (raw),accepted,,
2258588,"Peppers, bell, green, raw",http://purl.obolibrary.org/obo/FOODON_03306726,sweet green bell pepper (raw),accepted,,
2258589,"Peppers, bell, yellow, raw",http://purl.obolibrary.org/obo/FOODON_00003012,yellow bell pepper (raw),accepted,,
2258590,"Peppers, bell, red, raw",http://purl.obolibrary.org/obo/FOODON_03315874,red bell pepper (raw),accepted,,
2258591,"Peppers, bell, orange, raw",http://purl.obolibrary.org/obo/FOODON_00003016,orange bell pepper (raw),accepted,,
2259792,"Buttermilk, low fat",http://purl.obolibrary.org/obo/FOODON_03310817,cow buttermilk (raw),accepted,,
2259795,"Cheese, parmesan, grated, refrigerated",http://purl.obolibrary.org/obo/FOODON_03302978,parmesan cheese (grated),accepted,,
2259796,"Cheese, feta, whole milk, crumbled",http://purl.obolibrary.org/obo/FOODON_03307280,feta cheese,accepted,,
2261420,"Flour, almond",http://purl.obolibrary.org/obo/FOODON_00003919,almond meal,flagged,The FoodOn name lacks the USDA food's main word (flour).,review loop 2026-09-28
2261421,"Flour, oat, whole grain",http://purl.obolibrary.org/obo/FOODON_03301312,oat flour,accepted,,
2261422,"Flour, potato",http://purl.obolibrary.org/obo/FOODON_03302378,potato flour,accepted,,
2262072,"Peanut butter, creamy",http://purl.obolibrary.org/obo/FOODON_03306903,peanut butter (creamy),accepted,,
2262073,"Sesame butter, creamy",http://purl.obolibrary.org/obo/FOODON_00004525,sesame butter,accepted,,
2262074,"Almond butter, creamy",http://purl.obolibrary.org/obo/FOODON_03310875,almond butter,accepted,,
2262075,"Flaxseed, ground",http://purl.obolibrary.org/obo/FOODON_00004777,flaxseed (ground),accepted,,
2346384,"Cottage cheese, full fat, large or small curd",http://purl.obolibrary.org/obo/FOODON_03301605,cottage cheese,accepted,,
2346385,"Cream cheese, full fat, block",http://purl.obolibrary.org/obo/FOODON_03301889,cream cheese,accepted,,
2346386,"Cream, heavy",http://purl.obolibrary.org/obo/FOODON_03310795,heavy cream,accepted,,
2346387,"Cream, sour, full fat",http://purl.obolibrary.org/obo/FOODON_03302515,sour cream,accepted,,
2346388,"Lettuce, iceberg, raw",http://purl.obolibrary.org/obo/FOODON_03000124,crisphead lettuce (raw),accepted,,
2346389,"Lettuce, romaine, green, raw",http://purl.obolibrary.org/obo/FOODON_03306127,romaine lettuce head (raw),accepted,,
2346390,"Lettuce, leaf, red, raw",http://purl.obolibrary.org/obo/FOODON_03000019,red leaf lettuce (raw),accepted,,
2346391,"Lettuce, leaf, green, raw",http://purl.obolibrary.org/obo/FOODON_00003423,lettuce leaf,accepted,,
2346392,"Nuts, pine nuts, raw",http://purl.obolibrary.org/obo/FOODON_03309360,pine nut kernel (raw),accepted,,
2346393,"Nuts, almonds, whole, raw",http://purl.obolibrary.org/obo/FOODON_03301355,almond (raw),accepted,,
2346394,"Nuts, walnuts, English, halves, raw",http://purl.obolibrary.org/obo/FOODON_03315233,walnut (raw),accepted,,
2346395,"Nuts, pecans, halves, raw",http://purl.obolibrary.org/obo/FOODON_03315232,pecan nut (raw),accepted,,
2346396,"Oats, whole grain, rolled, old fashioned",http://purl.obolibrary.org/obo/FOODON_03307110,rolled oats,accepted,,
2346397,"Oats, whole grain, steel cut",http://purl.obolibrary.org/obo/FOODON_00003209,steel cut oats,accepted,,
2346398,"Pineapple, raw",http://purl.obolibrary.org/obo/FOODON_03301831,pineapple (raw),accepted,,
2346399,"Cherries, sweet, dark red, raw",http://purl.obolibrary.org/obo/FOODON_03311457,sweet cherry (raw),accepted,,
2346401,"Potatoes, russet, without skin, raw",http://purl.obolibrary.org/obo/FOODON_03307036,idaho russet potato (raw),accepted,,
2346402,"Potatoes, red, without skin, raw",http://purl.obolibrary.org/obo/FOODON_03000040,red potato (raw),accepted,,
2346403,"Potatoes, gold, without skin, raw",http://purl.obolibrary.org/obo/FOODON_00003558,yellow potato,accepted,,
2346404,"Sweet potatoes, orange flesh, without skin, raw",http://purl.obolibrary.org/obo/FOODON_03301717,sweet potato (raw),accepted,,
2346407,"Cabbage, green, raw",http://purl.obolibrary.org/obo/FOODON_03310228,green cabbage head (raw),accepted,,
2346412,"Grapes, red, seedless, raw",http://purl.obolibrary.org/obo/FOODON_03311298,red grape (raw),accepted,,
2346413,"Grapes, green, seedless, raw",http://purl.obolibrary.org/obo/FOODON_03301123,grape (raw),accepted,,
2346414,"Applesauce, unsweetened, with added vitamin C",http://purl.obolibrary.org/obo/FOODON_03301126,applesauce,accepted,,
2512371,"Flour, amaranth",http://purl.obolibrary.org/obo/FOODON_00004104,amaranth flour,accepted,,
2512372,"Flour, quinoa",http://purl.obolibrary.org/obo/FOODON_00004506,quinoa flour,accepted,,
2512373,"Flour, sorghum",http://purl.obolibrary.org/obo/FOODON_03304495,sorghum flour,accepted,,
2512374,"Flour, buckwheat",http://purl.obolibrary.org/obo/FOODON_03309980,buckwheat flour,accepted,,
2512375,"Flour, rye",http://purl.obolibrary.org/obo/FOODON_03302492,rye flour,accepted,,
2512376,"Flour, barley",http://purl.obolibrary.org/obo/FOODON_03309657,barley flour,accepted,,
2512377,"Flour, cassava",http://purl.obolibrary.org/obo/FOODON_03310125,cassava flour,accepted,,
2512378,"Buckwheat, whole grain",http://purl.obolibrary.org/obo/FOODON_00004234,buckwheat seed (dried),flagged,The FoodOn name names a part the USDA name does not (seed).,review loop 2026-09-28
2512379,"Millet, whole grain",http://purl.obolibrary.org/obo/FOODON_03309702,millet seed (dried),accepted,,
2512380,"Rice, brown, long grain, unenriched, raw",http://purl.obolibrary.org/obo/FOODON_03000268,long grain brown rice kernel (uncooked),flagged,The FoodOn name names a part the USDA name does not (kernel).,review loop 2026-09-28
2512381,"Rice, white, long grain, unenriched, raw",http://purl.obolibrary.org/obo/FOODON_03000273,long-grain white rice (uncooked),accepted,,
2514745,"Pork, ground, raw",http://purl.obolibrary.org/obo/FOODON_02021719,"pork meat (ground, raw)",accepted,,
2514746,"Chicken, ground, with additives, raw",http://purl.obolibrary.org/obo/FOODON_02020311,chicken meat (ground),accepted,,
2514747,"Turkey, ground, 93% lean/ 7% fat, raw",http://purl.obolibrary.org/obo/FOODON_02020577,turkey meat (ground),accepted,,
2515373,"Nuts, brazilnuts, raw",http://purl.obolibrary.org/obo/FOODON_03301821,brazilnut (raw),accepted,,
2515375,"Nuts, hazelnuts or filberts, raw",http://purl.obolibrary.org/obo/FOODON_03310015,filbert nut (raw),accepted,,
2515376,"Peanuts, raw",http://purl.obolibrary.org/obo/FOODON_03301299,peanut (raw),accepted,,
2515377,"Flour, chestnut",http://purl.obolibrary.org/obo/FOODON_00004511,chestnut flour,accepted,,
2515380,"Seeds, pumpkin seeds (pepitas), raw",http://purl.obolibrary.org/obo/FOODON_00004886,pumpkin seed,flagged,The FoodOn name names a part the USDA name does not (shell).,review loop 2026-09-28
2515381,"Seeds, sunflower seed, kernel, raw",http://purl.obolibrary.org/obo/FOODON_03304869,"sunflower seed (whole kernel, raw)",accepted,,
2515382,"Flour, coconut",http://purl.obolibrary.org/obo/FOODON_00004507,coconut flour,accepted,,
2644281,"Beans, cannellini, dry",http://purl.obolibrary.org/obo/FOODON_03309415,white kidney bean,accepted,,
2644282,"Chickpeas, (garbanzo beans, bengal gram), dry",http://purl.obolibrary.org/obo/FOODON_00002789,chickpea (dried),accepted,,
2644283,"Lentils, dry",http://purl.obolibrary.org/obo/FOODON_03301421,lentil (dried),accepted,,
2644284,"Blackeye pea, dry",http://purl.obolibrary.org/obo/FOODON_03000202,"blackeyed pea (raw, mature)",flagged,The FoodOn name lacks the USDA food's main word (blackeye).,review loop 2026-09-28
2644285,"Beans, black, canned, sodium added, drained and rinsed",http://purl.obolibrary.org/obo/FOODON_00002889,black turtle bean,accepted,,
2644286,"Beans, navy, canned, sodium added, drained and rinsed",http://purl.obolibrary.org/obo/FOODON_00002685,navy bean,accepted,,
2644287,"Beans, cannellini, canned, sodium added, drained and rinsed",http://purl.obolibrary.org/obo/FOODON_03309415,white kidney bean,accepted,,
2644288,"Chickpeas (garbanzo beans, bengal gram), canned, sodium added, drained and rinsed",http://purl.obolibrary.org/obo/FOODON_03315784,chickpea (canned),accepted,,
2644289,"Beans, kidney, dark red, canned, sodium added, sugar added, drained and rinsed",http://purl.obolibrary.org/obo/FOODON_03303520,red kidney bean (canned),accepted,,
2644290,"Beans, kidney, light red, canned, sodium added, sugar added, drained and rinsed",http://purl.obolibrary.org/obo/FOODON_03311156,kidney bean (canned),accepted,,
2644291,"Peas, green, sweet, canned, sodium added, sugar added, drained and rinsed",http://purl.obolibrary.org/obo/FOODON_03316665,green pea (canned),accepted,,
2644292,"Beans, pinto, canned, sodium added, drained and rinsed",http://purl.obolibrary.org/obo/FOODON_03315783,pinto bean (canned),accepted,,
2644293,"Blackeye pea, canned, sodium added, drained and rinsed",http://purl.obolibrary.org/obo/FOODON_00003414,cowpea,flagged,The FoodOn name lacks the USDA food's main word (blackeye).,review loop 2026-09-28
2644294,"Beans, great northern, canned, sodium added, drained and rinsed",http://purl.obolibrary.org/obo/FOODON_03302057,great northern bean (canned),accepted,,
2646168,"Pork, loin, boneless, raw",http://purl.obolibrary.org/obo/FOODON_02000289,pork loin (raw),accepted,,
2646169,"Pork, loin, tenderloin, boneless, raw",http://purl.obolibrary.org/obo/FOODON_03309967,pork tenderloin (raw),accepted,,
2646170,"Chicken, breast, boneless, skinless, raw",http://purl.obolibrary.org/obo/FOODON_02020280,"piece of chicken breast (skinless, boneless, raw)",flagged,USDA term is outside the edible branches,review loop 2026-09-28
2646171,"Chicken, thigh, boneless, skinless, raw",http://purl.obolibrary.org/obo/FOODON_00003359,"chicken thigh (skinless, debonned)",accepted,,
2646172,"Beef, ribeye, steak, boneless, choice, raw",http://purl.obolibrary.org/obo/FOODON_02000210,beef ribeye steak (raw),accepted,,
2646173,"Beef, round, top round, boneless, choice, raw",http://purl.obolibrary.org/obo/FOODON_02000024,"beef top round roast (boneless, raw)",accepted,,
2646174,"Beef, chuck, roast, boneless, choice, raw",http://purl.obolibrary.org/obo/FOODON_02000104,beef chuck roast (raw),accepted,,
2646175,"Beef, flank, steak, boneless, choice, raw",http://purl.obolibrary.org/obo/FOODON_02000178,beef flank steak (raw),accepted,,
2647437,"Yogurt, plain, nonfat",http://purl.obolibrary.org/obo/FOODON_03301502,yogurt (plain),accepted,,
2647438,"Cheese, monterey jack, solid",http://purl.obolibrary.org/obo/FOODON_03302918,Monterey Jack cheese (pasteurized),accepted,,
2647439,"Cheese, pasteurized process cheese food or product, American, singles",http://purl.obolibrary.org/obo/FOODON_00002091,pasteurized process cheese food product,accepted,,
2647440,"Cheese, provolone, sliced",http://purl.obolibrary.org/obo/FOODON_03302916,provolone cheese,accepted,,
2647441,"Cheese, oaxaca, solid",http://purl.obolibrary.org/obo/FOODON_00002543,oaxaca cheese,accepted,,
2647442,"Cheese, queso fresco, solid",http://purl.obolibrary.org/obo/FOODON_00004528,queso fresco,accepted,,
2647443,"Cheese, cotija, solid",http://purl.obolibrary.org/obo/FOODON_00002542,cotija cheese,accepted,,
2684440,"Fish, salmon, sockeye, wild caught, raw",http://purl.obolibrary.org/obo/FOODON_03308212,sockeye salmon (raw),accepted,,
2684441,"Fish, salmon, Atlantic, farm raised, raw",http://purl.obolibrary.org/obo/FOODON_03307996,piece of atlantic salmon meat (raw),accepted,,
2684442,"Fish, tilapia, farm raised, raw",http://purl.obolibrary.org/obo/FOODON_03309216,tilapia (raw),accepted,,
2684443,"Crustaceans, shrimp, farm raised, raw",http://purl.obolibrary.org/obo/FOODON_02021465,piece of shrimp,accepted,,
2684444,"Fish, cod, Atlantic, wild caught, raw",http://purl.obolibrary.org/obo/FOODON_03411423,cod,accepted,,
2684445,"Fish, catfish, farm raised, raw",http://purl.obolibrary.org/obo/FOODON_03303384,catfish (raw),accepted,,
2684446,"Crustaceans, crab, blue swimming, lump, pasteurized, refrigerated",http://purl.obolibrary.org/obo/FOODON_02021449,piece of crab,accepted,,
2685568,"Squash, summer, green, zucchini, includes skin, raw",http://purl.obolibrary.org/obo/FOODON_00004138,zucchini squash (raw),accepted,,
2685569,"Squash, summer, yellow, includes skin, raw",http://purl.obolibrary.org/obo/FOODON_03309596,yellow summer squash (raw),accepted,,
2685572,"Cabbage, bok choy, raw",http://purl.obolibrary.org/obo/FOODON_00003896,bok choy rosette,accepted,,
2685578,"Tomatoes, whole, canned, solids and liquids, with salt added",http://purl.obolibrary.org/obo/FOODON_03301452,tomato (canned),accepted,,
2685579,"Tomato, sauce, canned, with salt added",http://purl.obolibrary.org/obo/FOODON_03311250,tomato sauce (canned),accepted,,
2685580,"Tomato, paste, canned, without salt added",http://purl.obolibrary.org/obo/FOODON_03302667,tomato paste (canned),accepted,,
2685582,"Tomato, puree, canned",http://purl.obolibrary.org/obo/FOODON_03301457,tomato puree,accepted,,
2710815,"Apricot, with skin, raw",http://purl.obolibrary.org/obo/FOODON_03301701,apricot (raw),accepted,,
2710817,"Plantains, ripe, raw",http://purl.obolibrary.org/obo/FOODON_03310126,plantain (raw),accepted,,
2710818,"Plantains, underripe, raw",http://purl.obolibrary.org/obo/FOODON_03310126,plantain (raw),accepted,,
2710819,"Chia seeds, dry, raw",http://purl.obolibrary.org/obo/FOODON_00002961,chia seed,accepted,,
2710820,"Bulgur, dry, raw",http://purl.obolibrary.org/obo/FOODON_00003143,bulgur,accepted,,
2710821,"Wild rice, dry, raw",http://purl.obolibrary.org/obo/FOODON_03000253,wild rice kernel (raw),flagged,The FoodOn name names a part the USDA name does not (kernel).,review loop 2026-09-28
2710822,"Arugula, baby, raw",http://purl.obolibrary.org/obo/FOODON_00005223,arugula leaf (raw),flagged,The FoodOn name names a part the USDA name does not (leaf).,review loop 2026-09-28
2710823,"Asparagus, green, raw",http://purl.obolibrary.org/obo/FOODON_03311349,asparagus spear (raw),accepted,,
2710824,"Avocado, Hass, peeled, raw",http://purl.obolibrary.org/obo/FOODON_03305236,avocado (raw),accepted,,
2710825,"Rice, black, unenriched, raw",http://purl.obolibrary.org/obo/FOODON_00004676,black rice kernel (raw),flagged,The FoodOn name names a part the USDA name does not (kernel).,review loop 2026-09-28
2710826,"Corn, sweet, yellow and white kernels,  fresh, raw",http://purl.obolibrary.org/obo/FOODON_00003785,sweet corn kernel,accepted,,
2710827,"Einkorn, grain, dry, raw",,,flagged,"The FoodOn name is a whole animal, a plant or a catalog code, not a food (00610 - einkorn wheat grain (efsa foodex2)).",review loop 2026-09-28
2710828,"Farro, pearled, dry, raw",http://purl.obolibrary.org/obo/FOODON_00005281,farro kernel (raw),flagged,The FoodOn name names a part the USDA name does not (kernel).,review loop 2026-09-28
2710829,"Fonio, grain, dry, raw",http://purl.obolibrary.org/obo/FOODON_00001193,fonio food product,accepted,,
2710830,"Khorasan, grain, dry, raw",http://purl.obolibrary.org/obo/FOODON_03000261,khorasan wheat kernel (raw),flagged,The FoodOn name names a part the USDA name does not (kernel).,review loop 2026-09-28
2710831,"Kiwifruit (kiwi), green, peeled, raw",http://purl.obolibrary.org/obo/FOODON_03303398,fuzzy kiwifruit (raw),accepted,,
2710832,"Mandarin, seedless, peeled, raw",http://purl.obolibrary.org/obo/FOODON_00004386,mandarin orange (raw),accepted,,
2710833,"Mango, Tommy Atkins, peeled, raw",http://purl.obolibrary.org/obo/FOODON_03301813,mango (raw),accepted,,
2710834,"Mango, Ataulfo, peeled, raw",http://purl.obolibrary.org/obo/FOODON_03301813,mango (raw),accepted,,
2710835,"Corn flour, masa harina, white or yellow, dry, raw",http://purl.obolibrary.org/obo/FOODON_00002529,masa,flagged,The FoodOn name lacks the USDA food's main word (flour).,review loop 2026-09-28
2710836,"Pear, Anjou, green, with skin, raw",http://purl.obolibrary.org/obo/FOODON_00004233,green anjou pear (raw),accepted,,
2710837,"Plum, black, with skin, raw",http://purl.obolibrary.org/obo/FOODON_03301580,plum (raw),accepted,,
2710838,"Rice, red, unenriched, dry, raw",http://purl.obolibrary.org/obo/FOODON_00003077,red rice kernel,flagged,The FoodOn name names a part the USDA name does not (kernel).,review loop 2026-09-28
2710839,"Sorghum bran, white, unenriched, dry, raw",,,flagged,The FoodOn name lacks the USDA food's main word (bran).,review loop 2026-09-28
2710840,"Sorghum flour, white, pearled, unenriched, dry, raw",http://purl.obolibrary.org/obo/FOODON_03304495,sorghum flour,accepted,,
2710841,"Sorghum grain, white, pearled, unenriched, dry, raw",http://purl.obolibrary.org/obo/FOODON_03309906,sorghum kernel (dried),flagged,The FoodOn name names a part the USDA name does not (kernel). The FoodOn name says the opposite of the USDA name (dried).,review loop 2026-09-28
2710842,"Sorghum, whole grain, white, dry, raw",http://purl.obolibrary.org/obo/FOODON_03309906,sorghum kernel (dried),flagged,The FoodOn name names a part the USDA name does not (kernel). The FoodOn name says the opposite of the USDA name (dried).,review loop 2026-09-28
2710843,"Plantains, overripe, raw",http://purl.obolibrary.org/obo/FOODON_03310126,plantain (raw),accepted,,
2727566,"Chicken, drumstick, meat and skin, raw",http://purl.obolibrary.org/obo/FOODON_02020268,"piece of chicken drumstick (with skin, raw)",accepted,,
2727567,"Chicken, thigh, meat and skin, raw",http://purl.obolibrary.org/obo/FOODON_02020230,"chicken thigh (with skin, raw)",accepted,,
2727568,"Chicken, wing, meat and skin, raw",http://purl.obolibrary.org/obo/FOODON_02020290,"piece of chicken wing (with skin, raw)",accepted,,
2727569,"Chicken, breast, meat and skin, raw",http://purl.obolibrary.org/obo/FOODON_02020278,"piece of chicken breast (with skin, raw)",accepted,,
2727571,"Bison, ground, raw",http://purl.obolibrary.org/obo/FOODON_02020857,"bison meat (ground, raw)",accepted,,
2727572,"Beef, short loin (NY strip steak), raw",http://purl.obolibrary.org/obo/FOODON_02000128,"beef strip steak (boneless, raw)",accepted,,
2727573,"Beef, tenderloin steak, raw",http://purl.obolibrary.org/obo/FOODON_02000144,beef tenderloin steak (raw),accepted,,
2727574,"Beef, top sirloin steak, raw",http://purl.obolibrary.org/obo/FOODON_02000150,beef top sirloin steak (raw),accepted,,
2727575,"Pork, chop, center cut, raw",http://purl.obolibrary.org/obo/FOODON_00005409,pork center cut-chop,accepted,,
2727576,"Pork, belly, with skin, raw",http://purl.obolibrary.org/obo/FOODON_02000282,pork belly (raw),accepted,,
2727577,"Pawpaw, peeled, seeded, raw",http://purl.obolibrary.org/obo/FOODON_03306835,pawpaw (raw),accepted,,
2727578,"Squash, pie pumpkin, peeled, seeded, raw",http://purl.obolibrary.org/obo/FOODON_00004565,winter squash (raw),accepted,,
2727579,"Squash, spaghetti, peeled, seeded, raw",http://purl.obolibrary.org/obo/FOODON_03000078,spaghetti squash (raw),accepted,,
2727580,"Rutabaga, peeled, raw",http://purl.obolibrary.org/obo/FOODON_03309574,rutabaga (raw),accepted,,
2727582,"Tomatillos, dehusked, raw",http://purl.obolibrary.org/obo/FOODON_03309584,tomatillo (raw),accepted,,
2727583,"Cabbage, napa, leaf, destemmed, raw",http://purl.obolibrary.org/obo/FOODON_00005339,napa cabbage leaf,accepted,,
2727584,"Leeks, bulb and greens, root removed, raw",http://purl.obolibrary.org/obo/FOODON_03311757,leek (raw),accepted,,
2727585,"Green onion, (scallion), bulb and greens, root removed, raw",http://purl.obolibrary.org/obo/FOODON_03311340,scallion (raw),accepted,,
2727586,"Shallots, bulb, peeled, root removed, raw",http://purl.obolibrary.org/obo/FOODON_00003019,shallot (raw),accepted,,
2727587,"Juice, prune, shelf-stable",http://purl.obolibrary.org/obo/FOODON_03303632,prune juice,accepted,,
2727588,"Juice, pomegranate, from concentrate, shelf-stable",http://purl.obolibrary.org/obo/FOODON_00005441,pomegranate juice,accepted,,
2727589,"Juice, tart cherry, from concentrate, shelf-stable",http://purl.obolibrary.org/obo/FOODON_00005550,tart cherry juice,accepted,,
2747652,"Anchovies, canned in olive oil, with salt, drained",http://purl.obolibrary.org/obo/FOODON_00004439,anchovy (canned),accepted,,
2747654,"Cod, Pacific or Alaskan, frozen, wild caught",http://purl.obolibrary.org/obo/FOODON_03411423,cod,accepted,,
2747656,"Halibut, frozen, wild caught",http://purl.obolibrary.org/obo/FOODON_03411532,halibut,accepted,,
2747657,"Lobster, tail only, frozen, wild caught",http://purl.obolibrary.org/obo/FOODON_02021459,lobster tail,accepted,,
2747658,"Mahi mahi, frozen, wild caught",http://purl.obolibrary.org/obo/FOODON_03305577,mahi mahi (frozen),accepted,,
2747660,"Peppers, banana or Hungarian wax, seeded, raw",http://purl.obolibrary.org/obo/FOODON_03000127,banana pepper (raw),accepted,,
2747661,"Peppers, jalapeno, seeded, raw",http://purl.obolibrary.org/obo/FOODON_03000023,jalapeno pepper (raw),accepted,,
2747662,"Peppers, poblano, seeded, raw",,,flagged,"The FoodOn name is a whole animal, a plant or a catalog code, not a food (poblano pepper plant).",review loop 2026-09-28
2747663,"Peppers, serrano, seeded, raw",http://purl.obolibrary.org/obo/FOODON_03000129,serrano pepper (raw),accepted,,
2747665,"Radishes, red, raw",http://purl.obolibrary.org/obo/FOODON_03304656,radish (raw),accepted,,
2747666,"Scallops, bay, Patagonian, frozen, wild caught",http://purl.obolibrary.org/obo/FOODON_02022204,piece of scallop (raw),accepted,,
2747667,"Scallops, sea, frozen, wild caught",http://purl.obolibrary.org/obo/FOODON_02022204,piece of scallop (raw),accepted,,
2747668,"Sea bass, Chilean, frozen, wild caught",http://purl.obolibrary.org/obo/FOODON_03308790,sea bass (raw),accepted,,
2747669,"Snapper, frozen, wild caught",http://purl.obolibrary.org/obo/FOODON_03411510,snapper,accepted,,
2747670,"Snow crab, legs only, frozen",http://purl.obolibrary.org/obo/FOODON_03308187,snow crab (raw),accepted,,
2747671,"Squid (calamari), frozen, tubes only",http://purl.obolibrary.org/obo/FOODON_03310077,squid raw,flagged,The FoodOn name lacks the USDA food's main word (calamari).,review loop 2026-09-28
2747672,"Swordfish, frozen, wild caught",http://purl.obolibrary.org/obo/FOODON_03308717,swordfish (frozen),accepted,,
2747673,"Tuna, ahi or yellowfin, frozen, wild caught",http://purl.obolibrary.org/obo/FOODON_03308716,tuna (frozen),accepted,,
2747675,"Watermelon, seedless, flesh only, raw",http://purl.obolibrary.org/obo/FOODON_03301040,watermelon (raw),accepted,,
2747676,"Watermelon, seedless, rind only, raw",http://purl.obolibrary.org/obo/FOODON_03301040,watermelon (raw),accepted,,
2758975,"Rhubarb, stalk, raw",http://purl.obolibrary.org/obo/FOODON_03309858,rhubarb stalk (raw),added,FoodOn names it through a safe un-inverted form,review loop 2026-09-28
2758976,"Cranberries, dried, sweetened",,,none,,
2758977,"Grapefruit, raw",http://purl.obolibrary.org/obo/FOODON_03301702,grapefruit (raw),added,FoodOn names it through a safe un-inverted form,review loop 2026-09-28
2758980,"Raisins, dark, seedless",,,none,,
2758982,"Baked beans, Original, canned, with pork",,,none,,
2758983,"Beans, baked, canned, vegetarian",http://purl.obolibrary.org/obo/FOODON_03301946,baked beans (dish),added,FoodOn names it through a safe un-inverted form,review loop 2026-09-28
2758984,"Refried beans, canned (pinto)",,,none,,
2758986,"Mayonnaise, Regular",,,none,,
2758988,"Dressing, Ranch",,,none,,
2758989,"Peanut butter, Creamy",http://purl.obolibrary.org/obo/FOODON_03306903,peanut butter (creamy),added,FoodOn names it through a safe un-inverted form,review loop 2026-09-28
2758990,Sweetened condensed milk,http://purl.obolibrary.org/obo/FOODON_03304384,sweetened condensed milk,added,FoodOn names it through a safe un-inverted form,review loop 2026-09-28
2758992,"Bologna, classic",,,none,,
2758993,"Bread, white, commercial",http://purl.obolibrary.org/obo/FOODON_03301055,white bread,added,FoodOn names it through a safe un-inverted form,review loop 2026-09-28
2758994,"Bread, 100% whole wheat, commercial",,,none,,
2758995,"Bread, mulitgrain, commercial",,,none,,
2758996,"Tortilla, wheat flour, shelf stable",,,none,,
2758997,"Tortilla, corn, shelf stable",,,none,,
2758998,"Pasta, dry, enriched, spaghetti",,,none,,
2759000,"Pasta, dry, whole grain, spaghetti",,,none,,
2759001,"Lunchmeat, turkey, oven roasted, sliced",,,none,,
2759002,"Lunchmeat, ham, black forest, sliced",,,none,,
2759003,"Lunchmeat, roast beef, sliced, prepackaged",,,none,,
2759004,"Lunchmeat, chicken breast, sliced",,,none,,
2759005,"Salami, hard, sliced",,,none,,
2768188,"Alaska Pollock, raw",http://purl.obolibrary.org/obo/FOODON_03309141,alaska pollock (raw),added,FoodOn names it through a safe un-inverted form,review loop 2026-09-28
