fdc_id,usda_description,status,current_iri,current_label,proposed_verdict,proposed_iri,proposed_label,reason,confidence
167612,"Oopah (tunicate), whole animal (Alaska Native)",flagged,http://purl.obolibrary.org/obo/FOODON_03414466,tunicate,confirm,http://purl.obolibrary.org/obo/FOODON_03414466,tunicate,"Oopah is an Alaska Native name for a tunicate, eaten whole.",sure
167622,"Deer (venison), sitka, raw (Alaska Native)",flagged,http://purl.obolibrary.org/obo/FOODON_02022160,sitka deer carcass (raw),replace,http://purl.obolibrary.org/obo/FOODON_02022164,piece of sitka deer meat (raw),"Venison is deer meat, and USDA's carcass term is not usable, so this names raw sitka deer meat.",sure
167623,"Whale, bowhead, subcutaneous fat (blubber) (Alaska Native)",added,http://purl.obolibrary.org/obo/FOODON_02022560,bowhead whale,no_match,,,"'bowhead whale' names the animal, and FoodOn has only a generic 'animal blubber'.",unsure
167624,"Whale, bowhead, skin and subcutaneous fat (muktuk) (Alaska Native)",added,http://purl.obolibrary.org/obo/FOODON_02022560,bowhead whale,no_match,,,"The current term names the whole animal, not this part, and FoodOn has no term for the part.",sure
167630,Chilchen (Red Berry Beverage) (Navajo),flagged,http://purl.obolibrary.org/obo/FOODON_00005595,chilchen,confirm,http://purl.obolibrary.org/obo/FOODON_00005595,chilchen,Chilchen is the Navajo red berry drink this term names.,sure
167631,"Corn, dried (Navajo)",flagged,http://purl.obolibrary.org/obo/FOODON_03310640,corn kernel (dried),confirm,http://purl.obolibrary.org/obo/FOODON_03310640,corn kernel (dried),Navajo dried corn is the dried corn kernel.,sure
167632,"Squash, Indian, cooked, boiled (Navajo)",flagged,http://purl.obolibrary.org/obo/FOODON_03000161,tinda,no_match,,,"FoodOn's 'tinda' sits outside the food branches, and the only edible match is the tinda plant.",sure
167644,"Caribou, rump meat, half dried (Alaska Native)",flagged,http://purl.obolibrary.org/obo/FOODON_00005425,reindeer rump,confirm,http://purl.obolibrary.org/obo/FOODON_00005425,reindeer rump,"Caribou and reindeer are the same species, and FoodOn has no caribou term for this cut.",sure
167653,"Corn, dried, yellow (Northern Plains Indians)",flagged,http://purl.obolibrary.org/obo/FOODON_00003782,yellow sweet corn kernel,replace,http://purl.obolibrary.org/obo/FOODON_03310640,corn kernel (dried),"Dried field corn is not sweet corn, and the Navajo dried corn uses 'corn kernel (dried)'.",sure
167666,"Restaurant, Mexican, refried beans",flagged,http://purl.obolibrary.org/obo/FOODON_03310088,refried beans (dish),confirm,http://purl.obolibrary.org/obo/FOODON_03310088,refried beans (dish),"Restaurant is a category word, and these are refried beans.",sure
167670,"CRACKER BARREL, grilled sirloin steak",flagged,http://purl.obolibrary.org/obo/FOODON_02000149,beef top sirloin steak,confirm,http://purl.obolibrary.org/obo/FOODON_02000149,beef top sirloin steak,"A restaurant sirloin steak is a top sirloin steak, as the Denny's row uses.",sure
167672,"DENNY'S, french fries",flagged,http://purl.obolibrary.org/obo/FOODON_03301959,potato (french-fried),confirm,http://purl.obolibrary.org/obo/FOODON_03301959,potato (french-fried),French fries are french-fried potatoes.,sure
167682,"Pectin, liquid",flagged,CHEBI:17309,,replace,http://purl.obolibrary.org/obo/FOODON_03316189,pectin (liquid),USDA points at the chemical pectin; 'pectin (liquid)' names this product.,sure
167703,"Cheese, cottage, lowfat, 1% milkfat, lactose reduced",added,http://purl.obolibrary.org/obo/FOODON_03301605,cottage cheese,replace,http://purl.obolibrary.org/obo/FOODON_03303720,cottage cheese (lowfat),FoodOn has a narrower term that matches the description; 'cottage cheese' is the broader one.,sure
167715,"Cereals ready-to-eat, POST, Shredded Wheat n' Bran, spoon-size",flagged,http://purl.obolibrary.org/obo/FOODON_03311444,wheat bran breakfast cereal,replace,http://purl.obolibrary.org/obo/FOODON_03303943,shredded wheat breakfast cereal,"Shredded Wheat 'n Bran is a shredded wheat cereal, as the other Shredded Wheat rows use.",sure
167716,"Cheese, cottage, lowfat, 1% milkfat, with vegetables",added,http://purl.obolibrary.org/obo/FOODON_03301605,cottage cheese,replace,http://purl.obolibrary.org/obo/FOODON_03303720,cottage cheese (lowfat),FoodOn has a narrower term that matches the description; 'cottage cheese' is the broader one.,sure
167724,"Millet, puffed",flagged,http://purl.obolibrary.org/obo/FOODON_00005207,millet seed,no_match,,,"Puffed millet is a puffed cereal like puffed rice, and FoodOn has no puffed millet term.",sure
167732,"Babyfood, banana no tapioca, strained",flagged,http://purl.obolibrary.org/obo/FOODON_00005491,banana puree,confirm,http://purl.obolibrary.org/obo/FOODON_00005491,banana puree,"Strained baby banana is a banana puree, and babyfood is a category word.",sure
167735,"Cheese, mozzarella, low sodium",added,http://purl.obolibrary.org/obo/FOODON_03303578,mozzarella cheese,confirm,http://purl.obolibrary.org/obo/FOODON_03303578,mozzarella cheese,It names this cheese; FoodOn has no narrower term for this version.,sure
167737,"Oil, corn, peanut, and olive",added,http://purl.obolibrary.org/obo/FOODON_03301474,corn oil,no_match,,,"This is a blend; the current term names only one of its parts, and no FoodOn term names the blend.",sure
167748,"Lemon juice from concentrate, canned or bottled",flagged,http://purl.obolibrary.org/obo/FOODON_03306160,lime juice,replace,http://purl.obolibrary.org/obo/FOODON_03305747,lemon juice (reconstituted),USDA's term is lime juice; the lemon-from-concentrate siblings use this term.,sure
167750,"Prickly pears, raw",flagged,http://purl.obolibrary.org/obo/FOODON_03000448,prickly pear pad (raw),no_match,,,"The prickly pear fruit is not the pad, and FoodOn has no term for the fruit.",sure
167754,"Pummelo, raw",flagged,http://purl.obolibrary.org/obo/FOODON_00004241,pomelo fruit (raw),confirm,http://purl.obolibrary.org/obo/FOODON_00004241,pomelo fruit (raw),Pomelo is another spelling of pummelo.,sure
167771,"Apple juice, canned or bottled, unsweetened, with added ascorbic acid",flagged,http://purl.obolibrary.org/obo/FOODON_03301420,apple juice (reconstituted),replace,http://purl.obolibrary.org/obo/FOODON_03310588,apple juice (canned),"Its without-ascorbic-acid twin uses 'apple juice (canned)', and the description does not say reconstituted.",sure
167782,"Abiyuch, raw",flagged,http://purl.obolibrary.org/obo/FOODON_00003070,sacred pear (raw),confirm,http://purl.obolibrary.org/obo/FOODON_00003070,sacred pear (raw),Sacred pear is another name for abiyuch (Crateva religiosa).,sure
167790,"Naranjilla (lulo) pulp, frozen, unsweetened",flagged,http://purl.obolibrary.org/obo/FOODON_00004806,naranjilla pulp,confirm,http://purl.obolibrary.org/obo/FOODON_00004806,naranjilla pulp,Lulo is another name for naranjilla.,sure
167791,Horned melon (Kiwano),flagged,http://purl.obolibrary.org/obo/FOODON_00003658,horned melon,confirm,http://purl.obolibrary.org/obo/FOODON_00003658,horned melon,Kiwano is another name for horned melon.,sure
167801,"Lemon juice from concentrate, bottled, CONCORD",flagged,http://purl.obolibrary.org/obo/FOODON_03305747,lemon juice (reconstituted),confirm,http://purl.obolibrary.org/obo/FOODON_03305747,lemon juice (reconstituted),Lemon juice from concentrate is reconstituted lemon juice.,sure
167802,"Lemon juice from concentrate, bottled, REAL LEMON",flagged,http://purl.obolibrary.org/obo/FOODON_03305747,lemon juice (reconstituted),confirm,http://purl.obolibrary.org/obo/FOODON_03305747,lemon juice (reconstituted),Lemon juice from concentrate is reconstituted lemon juice.,sure
167850,"Pork, fresh, shoulder, (Boston butt), blade (steaks), separable lean and fat, cooked, braised",flagged,http://purl.obolibrary.org/obo/FOODON_02000331,pork butt steak (raw),replace,http://purl.obolibrary.org/obo/FOODON_02000330,pork butt steak,"The steak is cooked, and 'pork butt steak' names the cut without the raw state.",sure
167851,"Pork, fresh, shoulder, blade, boston (steaks), separable lean and fat, cooked, broiled",flagged,http://purl.obolibrary.org/obo/FOODON_02000331,pork butt steak (raw),replace,http://purl.obolibrary.org/obo/FOODON_02000330,pork butt steak,"The steak is cooked, and 'pork butt steak' names the cut without the raw state.",sure
167859,"Pork, fresh, variety meats and by-products, feet, raw",flagged,http://purl.obolibrary.org/obo/FOODON_00004558,pig foot (raw),confirm,http://purl.obolibrary.org/obo/FOODON_00004558,pig foot (raw),Raw pork feet are pig's feet.,sure
167870,"Pork, cured, feet, pickled",flagged,http://purl.obolibrary.org/obo/FOODON_00004557,pig foot,confirm,http://purl.obolibrary.org/obo/FOODON_00004557,pig foot,Pickled pig's feet are a kind of pig foot.,sure
167887,"Pork, fresh, loin, top loin (chops), boneless, separable lean and fat, cooked, pan-fried",flagged,http://purl.obolibrary.org/obo/FOODON_02000308,"New York chop (boneless, raw)",replace,http://purl.obolibrary.org/obo/FOODON_02000307,New York chop (boneless),"The chop is cooked, and its braised and broiled siblings use 'New York chop (boneless)'.",sure
167909,"HORMEL, Cure 81 Ham",flagged,http://purl.obolibrary.org/obo/FOODON_03301114,ham (cured),confirm,http://purl.obolibrary.org/obo/FOODON_03301114,ham (cured),Cure 81 is a Hormel brand of cured ham.,sure
167937,"Cake, pound, Bimbo Bakeries USA, Panque Casero, home baked style",added,http://purl.obolibrary.org/obo/FOODON_03302767,pound cake,confirm,http://purl.obolibrary.org/obo/FOODON_03302767,pound cake,"Panque casero is a pound cake, and FoodOn has no term for the brand.",sure
167939,"Garlic bread, frozen",added,http://purl.obolibrary.org/obo/FOODON_03302451,garlic bread (frozen),confirm,http://purl.obolibrary.org/obo/FOODON_03302451,garlic bread (frozen),It names this food; FoodOn has no narrower term for this version.,sure
167943,"Bread, potato",added,http://purl.obolibrary.org/obo/FOODON_03302199,potato bread,confirm,http://purl.obolibrary.org/obo/FOODON_03302199,potato bread,It names this bread; FoodOn has no narrower term for this version.,sure
167944,"Bread, cheese",added,http://purl.obolibrary.org/obo/FOODON_03302457,cheese bread,confirm,http://purl.obolibrary.org/obo/FOODON_03302457,cheese bread,It names this bread; FoodOn has no narrower term for this version.,sure
167950,"Snacks, KRAFT, CORNNUTS, plain",flagged,http://purl.obolibrary.org/obo/FOODON_00002845,corn nut,confirm,http://purl.obolibrary.org/obo/FOODON_00002845,corn nut,Corn nuts is the product this brand is named for.,sure
167953,Fruit syrup,added,http://purl.obolibrary.org/obo/FOODON_03304333,fruit syrup,confirm,http://purl.obolibrary.org/obo/FOODON_03304333,fruit syrup,It names this food; FoodOn has no narrower term for this version.,sure
167957,"Syrup, fruit flavored",added,http://purl.obolibrary.org/obo/FOODON_03311362,fruit-flavored syrup,confirm,http://purl.obolibrary.org/obo/FOODON_03311362,fruit-flavored syrup,It names this food; FoodOn has no narrower term for this version.,sure
168016,"Sweet Potato puffs, frozen, unprepared",flagged,http://purl.obolibrary.org/obo/FOODON_00003445,sweet potato,no_match,,,"Sweet potato puffs are a formed side dish (161 kcal per 100 g), not plain sweet potato, and FoodOn has no term for them.",sure
168017,"Mouse nuts, roots (Alaska Native)",flagged,http://purl.obolibrary.org/obo/FOODON_00005368,common cottongrass root,no_match,,,"FoodOn has only cottongrass plant parts, outside the food branches.",sure
168018,"Mouse nuts, seedlings (Alaska Native)",flagged,http://purl.obolibrary.org/obo/FOODON_00005369,common cottongrass seed,no_match,,,"FoodOn has only cottongrass plant parts, outside the food branches.",sure
168026,"Seal, ringed, liver (Alaska Native)",added,http://purl.obolibrary.org/obo/FOODON_02022553,ringed seal,no_match,,,"The current term names the whole animal, not this part, and FoodOn has no term for the part.",sure
168027,"Soup, fish, homemade (Alaska Native)",added,http://purl.obolibrary.org/obo/FOODON_00001856,fish soup,confirm,http://purl.obolibrary.org/obo/FOODON_00001856,fish soup,It names this soup; FoodOn has no narrower term for this version.,sure
168040,"Squash, Indian, raw (Navajo)",flagged,http://purl.obolibrary.org/obo/FOODON_03000162,tinda (raw),no_match,,,"FoodOn's 'tinda' sits outside the food branches, and the only edible match is the tinda plant.",sure
168049,"Caribou, shoulder meat, dried (Alaska Native)",flagged,http://purl.obolibrary.org/obo/FOODON_00005426,reindeer shoulder,confirm,http://purl.obolibrary.org/obo/FOODON_00005426,reindeer shoulder,"Caribou and reindeer are the same species, and FoodOn has no caribou term for this cut.",sure
168050,"Caribou, hind quarter meat, raw (Alaska Native)",flagged,http://purl.obolibrary.org/obo/FOODON_03306464,piece of reindeer meat (raw),replace,http://purl.obolibrary.org/obo/FOODON_03306460,piece of caribou meat (raw),FoodOn has a caribou-specific term; 'piece of reindeer meat (raw)' is the broader one.,sure
168092,"Ham, turkey, sliced, extra lean, prepackaged or deli",added,http://purl.obolibrary.org/obo/FOODON_03310971,turkey ham,confirm,http://purl.obolibrary.org/obo/FOODON_03310971,turkey ham,It names this food; FoodOn has no narrower term for this version.,sure
168101,"Bologna, beef, low fat",added,http://purl.obolibrary.org/obo/FOODON_00005508,beef bologna,confirm,http://purl.obolibrary.org/obo/FOODON_00005508,beef bologna,It names this food; FoodOn has no narrower term for this version.,sure
168106,Papad,flagged,http://purl.obolibrary.org/obo/FOODON_03307020,poppadum,confirm,http://purl.obolibrary.org/obo/FOODON_03307020,poppadum,Poppadum is another name for papad.,sure
168114,"Cheese, cottage, lowfat, 1% milkfat, no sodium added",added,http://purl.obolibrary.org/obo/FOODON_03301605,cottage cheese,replace,http://purl.obolibrary.org/obo/FOODON_03303720,cottage cheese (lowfat),FoodOn has a narrower term that matches the description; 'cottage cheese' is the broader one.,sure
168121,"Cheese, pasteurized process, cheddar or American, low sodium",added,http://purl.obolibrary.org/obo/FOODON_03301740,pasteurized process cheese,confirm,http://purl.obolibrary.org/obo/FOODON_03301740,pasteurized process cheese,"The description names two cheeses, so the general process-cheese term is right.",sure
168124,"Cheese, swiss, low sodium",added,http://purl.obolibrary.org/obo/FOODON_03303659,swiss cheese,confirm,http://purl.obolibrary.org/obo/FOODON_03303659,swiss cheese,It names this cheese; FoodOn has no narrower term for this version.,sure
168128,"Beans, baked, canned, no salt added",added,http://purl.obolibrary.org/obo/FOODON_03301946,baked beans (dish),confirm,http://purl.obolibrary.org/obo/FOODON_03301946,baked beans (dish),It names this food; FoodOn has no narrower term for this version.,sure
168141,"Cheese, swiss, low fat",added,http://purl.obolibrary.org/obo/FOODON_03303659,swiss cheese,confirm,http://purl.obolibrary.org/obo/FOODON_03303659,swiss cheese,It names this cheese; FoodOn has no narrower term for this version.,sure
168147,Vital wheat gluten,flagged,http://purl.obolibrary.org/obo/FOODON_03310809,wheat gluten,confirm,http://purl.obolibrary.org/obo/FOODON_03310809,wheat gluten,Vital wheat gluten is the wheat gluten sold for baking.,sure
168150,"Java-plum, (jambolan), raw",flagged,http://purl.obolibrary.org/obo/FOODON_00005313,jambolan (raw),no_match,,,FoodOn's jambolan fruit sits outside the food branches; the only edible term is the plant.,sure
168152,"Jujube, Chinese, fresh, dried",flagged,http://purl.obolibrary.org/obo/FOODON_00004227,jujube fruit (dried),confirm,http://purl.obolibrary.org/obo/FOODON_00004227,jujube fruit (dried),"USDA's 'fresh, dried' is dried jujube (281 kcal per 100 g), so the dried term is right.",sure
168156,"Lime juice, raw",flagged,http://purl.obolibrary.org/obo/FOODON_00005464,lemon juice (unpasteurized),replace,http://purl.obolibrary.org/obo/FOODON_00005465,lime juice (unpasteurized),"USDA's term is lemon juice; this is the matching lime term, as raw lemon juice uses.",sure
168175,"Sugar-apples, (sweetsop), raw",flagged,http://purl.obolibrary.org/obo/FOODON_00003032,bullocks heart (raw),replace,http://purl.obolibrary.org/obo/FOODON_00005626,custard apple fruit (raw),"USDA's term is bullock's heart, a different species; this term lists sugar apple and sweetsop as synonyms, but its label may read as bullock's heart.",unsure
168176,"Feijoa, raw",flagged,http://purl.obolibrary.org/obo/FOODON_00005320,pineapple guava (raw),confirm,http://purl.obolibrary.org/obo/FOODON_00005320,pineapple guava (raw),Pineapple guava is another name for feijoa.,sure
168188,"Apple juice, frozen concentrate, unsweetened, undiluted, with added ascorbic acid",flagged,http://purl.obolibrary.org/obo/FOODON_00001059,apple juice,no_match,,,"Undiluted concentrate is not ready-to-drink juice, and FoodOn has no apple juice concentrate.",sure
168198,"Juice, apple, grape and pear blend, with added ascorbic acid and calcium",added,http://purl.obolibrary.org/obo/FOODON_00001059,apple juice,no_match,,,"This is a blend; the current term names only one of its parts, and no FoodOn term names the blend.",sure
168217,Raspberry juice concentrate,flagged,http://purl.obolibrary.org/obo/FOODON_03305757,raspberry juice,no_match,,,"This is a concentrate (221 kcal per 100 g), and FoodOn has no raspberry juice concentrate term.",sure
168219,"Pork, fresh, carcass, separable lean and fat, raw",flagged,http://purl.obolibrary.org/obo/FOODON_02021653,pig carcass (raw),no_match,,,"FoodOn names the whole carcass, which is not a food name, and has no term for its lean and fat.",sure
168261,"Pork, fresh, shoulder, (Boston butt), blade (steaks), separable lean only, cooked, braised",flagged,http://purl.obolibrary.org/obo/FOODON_02000331,pork butt steak (raw),replace,http://purl.obolibrary.org/obo/FOODON_02000330,pork butt steak,"The steak is cooked, and 'pork butt steak' names the cut without the raw state.",sure
168262,"Pork, fresh, shoulder, blade, boston (steaks), separable lean only, cooked, broiled",flagged,http://purl.obolibrary.org/obo/FOODON_02000331,pork butt steak (raw),replace,http://purl.obolibrary.org/obo/FOODON_02000330,pork butt steak,"The steak is cooked, and 'pork butt steak' names the cut without the raw state.",sure
168267,"Pork, fresh, variety meats and by-products, heart, raw",flagged,http://purl.obolibrary.org/obo/FOODON_03000300,companion animal,replace,http://purl.obolibrary.org/obo/FOODON_02021676,pork heart (raw),USDA's term is 'companion animal'.,sure
168270,"Pork, fresh, variety meats and by-products, kidneys, raw",flagged,http://purl.obolibrary.org/obo/FOODON_03000301,squab,replace,http://purl.obolibrary.org/obo/FOODON_02021678,pork kidney (raw),USDA's term is 'squab'.,sure
168290,"Pork, fresh, variety meats and by-products, feet, cooked, simmered",flagged,http://purl.obolibrary.org/obo/FOODON_00004557,pig foot,confirm,http://purl.obolibrary.org/obo/FOODON_00004557,pig foot,Pork feet are pig's feet.,sure
168294,"Pork, fresh, loin, top loin (chops), boneless, separable lean only, cooked, pan-fried",flagged,http://purl.obolibrary.org/obo/FOODON_02000308,"New York chop (boneless, raw)",replace,http://purl.obolibrary.org/obo/FOODON_02000307,New York chop (boneless),"The chop is cooked, and its braised and broiled siblings use 'New York chop (boneless)'.",sure
168320,"HORMEL ALWAYS TENDER, Boneless Pork Loin, Fresh Pork",flagged,http://purl.obolibrary.org/obo/FOODON_00002570,pork loin,confirm,http://purl.obolibrary.org/obo/FOODON_00002570,pork loin,"It is fresh boneless pork loin, and the other words are the brand.",sure
168372,"Pork, ground, 84% lean / 16% fat, raw",flagged,http://purl.obolibrary.org/obo/FOODON_0202719,,replace,http://purl.obolibrary.org/obo/FOODON_02021719,"pork meat (ground, raw)",USDA's ID is missing a digit; the intended term is raw ground pork.,sure
168383,"Canadian bacon, cooked, pan-fried",flagged,http://purl.obolibrary.org/obo/FOODON_00004524,bacon (cooked),replace,http://purl.obolibrary.org/obo/FOODON_00003149,Canadian bacon,"Canadian bacon is cured lean loin, not streaky bacon, and its unprepared twin uses 'Canadian bacon'.",sure
168384,"Alfalfa seeds, sprouted, raw",flagged,http://purl.obolibrary.org/obo/FOODON_03301571,alfalfa sprout (raw),confirm,http://purl.obolibrary.org/obo/FOODON_03301571,alfalfa sprout (raw),Sprouted alfalfa seeds are alfalfa sprouts.,sure
168391,"Balsam-pear (bitter gourd), leafy tips, raw",flagged,http://purl.obolibrary.org/obo/FOODON_03000107,bitter gourd leaf (raw),confirm,http://purl.obolibrary.org/obo/FOODON_03000107,bitter gourd leaf (raw),"Leafy tips are the young leaves, and balsam-pear is bitter gourd.",sure
168392,"Balsam-pear (bitter gourd), leafy tips, cooked, boiled, drained, without salt",flagged,http://purl.obolibrary.org/obo/FOODON_00003825,bitter gourd leaf,confirm,http://purl.obolibrary.org/obo/FOODON_00003825,bitter gourd leaf,"Leafy tips are the young leaves, and balsam-pear is bitter gourd.",sure
168402,"Cowpeas (blackeyes), immature seeds, cooked, boiled, drained, without salt",flagged,http://purl.obolibrary.org/obo/FOODON_03306820,blackeyed pea (cooked),confirm,http://purl.obolibrary.org/obo/FOODON_03306820,blackeyed pea (cooked),Blackeyes are blackeyed peas.,sure
168403,"Cowpeas (blackeyes), immature seeds, frozen, unprepared",flagged,http://purl.obolibrary.org/obo/FOODON_00003491,blackeyed pea,confirm,http://purl.obolibrary.org/obo/FOODON_00003491,blackeyed pea,Blackeyes are blackeyed peas.,sure
168404,"Cowpeas (blackeyes), immature seeds, frozen, cooked, boiled, drained, without salt",flagged,http://purl.obolibrary.org/obo/FOODON_00003414,cowpea,replace,http://purl.obolibrary.org/obo/FOODON_03306820,blackeyed pea (cooked),"Blackeyes are blackeyed peas, and the fresh cooked blackeye rows use 'blackeyed pea (cooked)'.",sure
168406,"Cowpeas, leafy tips, cooked, boiled, drained, without salt",flagged,http://purl.obolibrary.org/obo/FOODON_03000099,cowpea leaf,confirm,http://purl.obolibrary.org/obo/FOODON_03000099,cowpea leaf,Leafy tips are the young cowpea leaves.,sure
168407,"Cress, garden, raw",flagged,http://purl.obolibrary.org/obo/FOODON_03000035,garden cress leaf (raw),confirm,http://purl.obolibrary.org/obo/FOODON_03000035,garden cress leaf (raw),"The leaves are the part eaten, so the leaf term names this food.",sure
168410,"Edamame, frozen, unprepared",flagged,http://purl.obolibrary.org/obo/FOODON_03000155,edamame pod,replace,http://purl.obolibrary.org/obo/FOODON_00002809,edamame,"Its green soybean siblings use 'edamame', which names the same food.",sure
168411,"Edamame, frozen, prepared",flagged,http://purl.obolibrary.org/obo/FOODON_03000155,edamame pod,replace,http://purl.obolibrary.org/obo/FOODON_00002809,edamame,"Its green soybean siblings use 'edamame', which names the same food.",sure
168412,"Endive, raw",flagged,http://purl.obolibrary.org/obo/FOODON_03302987,endive leaf (raw),confirm,http://purl.obolibrary.org/obo/FOODON_03302987,endive leaf (raw),"The leaves are the part eaten, so the leaf term names this food.",sure
168413,"Escarole, cooked, boiled, drained, no salt added",flagged,http://purl.obolibrary.org/obo/FOODON_00005352,escarole leaf,confirm,http://purl.obolibrary.org/obo/FOODON_00005352,escarole leaf,"The leaves are the part eaten, so the leaf term names this food.",sure
168414,"Gourd, dishcloth (towelgourd), raw",flagged,http://purl.obolibrary.org/obo/FOODON_03000110,sponge gourd (raw),no_match,,,"FoodOn's term for it sits outside the food branches, and the only edible terms are the plant or catalogue codes.",sure
168415,"Gourd, dishcloth (towelgourd), cooked, boiled, drained, without salt",flagged,http://purl.obolibrary.org/obo/FOODON_03000109,sponge gourd,no_match,,,"FoodOn's term for it sits outside the food branches, and the only edible terms are the plant or catalogue codes.",sure
168416,"Drumstick leaves, raw",flagged,http://purl.obolibrary.org/obo/FOODON_00005328,moringa leaf (raw),confirm,http://purl.obolibrary.org/obo/FOODON_00005328,moringa leaf (raw),Drumstick leaves are moringa leaves.,sure
168417,"Drumstick leaves, cooked, boiled, drained, without salt",flagged,http://purl.obolibrary.org/obo/FOODON_00005327,moringa leaf,confirm,http://purl.obolibrary.org/obo/FOODON_00005327,moringa leaf,Drumstick leaves are moringa leaves.,sure
168418,"Pepeao, dried",flagged,http://purl.obolibrary.org/obo/FOODON_00005331,jelly ear (dried),confirm,http://purl.obolibrary.org/obo/FOODON_00005331,jelly ear (dried),Pepeao is a wood-ear fungus; jelly ear is a close relative sold under the same name.,unsure
168419,"Jute, potherb, raw",flagged,http://purl.obolibrary.org/obo/FOODON_03000112,nalta jute leaf (raw),confirm,http://purl.obolibrary.org/obo/FOODON_03000112,nalta jute leaf (raw),"Potherb jute is eaten as its leaves, which FoodOn calls nalta jute leaf.",sure
168420,"Jute, potherb, cooked, boiled, drained, without salt",flagged,http://purl.obolibrary.org/obo/FOODON_03000112,nalta jute leaf (raw),replace,http://purl.obolibrary.org/obo/FOODON_03000111,nalta jute leaf,"The jute is cooked, and its with-salt twin uses 'nalta jute leaf'.",sure
168425,"Kohlrabi, cooked, boiled, drained, without salt",flagged,http://purl.obolibrary.org/obo/FOODON_00003422,kohlrabi stem,confirm,http://purl.obolibrary.org/obo/FOODON_00003422,kohlrabi stem,Kohlrabi is eaten as its swollen stem.,sure
168430,"Lotus root, cooked, boiled, drained, without salt",flagged,http://purl.obolibrary.org/obo/FOODON_03000104,lotus root,no_match,,,"FoodOn's term for it sits outside the food branches, and the only edible terms are the plant or catalogue codes.",sure
168438,"Mustard spinach, (tendergreen), raw",flagged,http://purl.obolibrary.org/obo/FOODON_00004357,mustard spinach leaf (raw),confirm,http://purl.obolibrary.org/obo/FOODON_00004357,mustard spinach leaf (raw),"The leaves are the part eaten, so the leaf term names this food.",sure
168440,"New Zealand spinach, raw",flagged,http://purl.obolibrary.org/obo/FOODON_03000085,New Zealand spinach leaf (raw),confirm,http://purl.obolibrary.org/obo/FOODON_03000085,New Zealand spinach leaf (raw),"The leaves are the part eaten, so the leaf term names this food.",sure
168441,"New Zealand spinach, cooked, boiled, drained, without salt",flagged,http://purl.obolibrary.org/obo/FOODON_03000084,New Zealand spinach leaf,confirm,http://purl.obolibrary.org/obo/FOODON_03000084,New Zealand spinach leaf,"The leaves are the part eaten, so the leaf term names this food.",sure
168451,"Radishes, oriental, raw",flagged,http://purl.obolibrary.org/obo/FOODON_00003076,daikon (raw),confirm,http://purl.obolibrary.org/obo/FOODON_00003076,daikon (raw),Oriental radish is daikon.,sure
168452,"Radishes, oriental, cooked, boiled, drained, without salt",flagged,http://purl.obolibrary.org/obo/FOODON_00003666,daikon,confirm,http://purl.obolibrary.org/obo/FOODON_00003666,daikon,Oriental radish is daikon.,sure
168453,"Radishes, oriental, dried",flagged,http://purl.obolibrary.org/obo/FOODON_00003666,daikon,confirm,http://purl.obolibrary.org/obo/FOODON_00003666,daikon,Oriental radish is daikon.,sure
168456,"Seaweed, irishmoss, raw",flagged,http://purl.obolibrary.org/obo/FOODON_03000276,irish moss (raw),confirm,http://purl.obolibrary.org/obo/FOODON_03000276,irish moss (raw),Irishmoss is Irish moss.,sure
168457,"Seaweed, kelp, raw",flagged,http://purl.obolibrary.org/obo/FOODON_00004358,kelp (raw),confirm,http://purl.obolibrary.org/obo/FOODON_00004358,kelp (raw),"Seaweed is a category word, and kelp is the food.",sure
168459,"Sesbania flower, raw",flagged,http://purl.obolibrary.org/obo/FOODON_03000278,sesbania flower,no_match,,,"FoodOn's term for it sits outside the food branches, and the only edible terms are the plant or catalogue codes.",sure
168460,"Soybeans, mature seeds, sprouted, cooked, steamed",flagged,http://purl.obolibrary.org/obo/FOODON_00003837,soybean sprout,confirm,http://purl.obolibrary.org/obo/FOODON_00003837,soybean sprout,Sprouted soybeans are soybean sprouts.,sure
168461,"Soybeans, mature seeds, sprouted, cooked, stir-fried",flagged,http://purl.obolibrary.org/obo/FOODON_00003837,soybean sprout,confirm,http://purl.obolibrary.org/obo/FOODON_00003837,soybean sprout,Sprouted soybeans are soybean sprouts.,sure
168463,"Spinach, cooked, boiled, drained, without salt",flagged,http://purl.obolibrary.org/obo/FOODON_00003495,spinach leaf,replace,http://purl.obolibrary.org/obo/FOODON_00003908,spinach (cooked),"Its with-salt twin uses 'spinach (cooked)', and 'spinach leaf' is the broader one.",sure
168486,"Taro, cooked, without salt",flagged,http://purl.obolibrary.org/obo/FOODON_00003649,taro leaf,replace,http://purl.obolibrary.org/obo/FOODON_00003752,taro root,"Taro is eaten as its corm (142 kcal per 100 g), and its with-salt twin uses 'taro root'.",sure
168493,"Arrowhead, cooked, boiled, drained, with salt",flagged,http://purl.obolibrary.org/obo/FOODON_03000042,arrowhead,no_match,,,"FoodOn's term for it sits outside the food branches, and the only edible terms are the plant or catalogue codes.",sure
168495,"Balsam-pear (bitter gourd), leafy tips, cooked, boiled, drained, with salt",flagged,http://purl.obolibrary.org/obo/FOODON_00003825,bitter gourd leaf,confirm,http://purl.obolibrary.org/obo/FOODON_00003825,bitter gourd leaf,"Leafy tips are the young leaves, and balsam-pear is bitter gourd.",sure
168506,"Beets, cooked, boiled. drained, with salt",flagged,http://purl.obolibrary.org/obo/FOODON_03317254,beetroot,confirm,http://purl.obolibrary.org/obo/FOODON_03317254,beetroot,Beetroot is the beet root.,sure
168508,"Beet greens, cooked, boiled, drained, with salt",flagged,http://purl.obolibrary.org/obo/FOODON_00003633,beet leaf,confirm,http://purl.obolibrary.org/obo/FOODON_00003633,beet leaf,Beet greens are beet leaves.,sure
168509,"Borage, cooked, boiled, drained, with salt",flagged,http://purl.obolibrary.org/obo/FOODON_03000061,borage flower,replace,http://purl.obolibrary.org/obo/FOODON_03000063,borage leaf,"Cooked borage is the leaves, and the raw borage row uses 'borage leaf (raw)'.",sure
168522,"Chrysanthemum, garland, cooked, boiled, drained, with salt",flagged,http://purl.obolibrary.org/obo/FOODON_00005325,chrysanthemum leaf,confirm,http://purl.obolibrary.org/obo/FOODON_00005325,chrysanthemum leaf,Garland chrysanthemum is eaten as its leaves.,sure
168523,"Collards, cooked, boiled, drained, with salt",flagged,http://purl.obolibrary.org/obo/FOODON_00003500,collard leaf,confirm,http://purl.obolibrary.org/obo/FOODON_00003500,collard leaf,Collards are eaten as their leaves.,sure
168524,"Collards, frozen, chopped, cooked, boiled, drained, with salt",flagged,http://purl.obolibrary.org/obo/FOODON_00003500,collard leaf,replace,http://purl.obolibrary.org/obo/FOODON_03310954,collard greens (frozen),"Its without-salt twin uses 'collard greens (frozen)', and 'collard leaf' is the broader one.",sure
168526,"Cowpeas (blackeyes), immature seeds, cooked, boiled, drained, with salt",flagged,http://purl.obolibrary.org/obo/FOODON_00003491,blackeyed pea,replace,http://purl.obolibrary.org/obo/FOODON_03306820,blackeyed pea (cooked),"Same food as its without-salt twin, which uses 'blackeyed pea (cooked)'.",sure
168527,"Cowpeas (blackeyes), immature seeds, frozen, cooked, boiled, drained, with salt",flagged,http://purl.obolibrary.org/obo/FOODON_00005301,cowpea (immature),replace,http://purl.obolibrary.org/obo/FOODON_03306820,blackeyed pea (cooked),"Blackeyes are blackeyed peas, and the fresh cooked blackeye rows use 'blackeyed pea (cooked)'.",sure
168529,"Cowpeas, leafy tips, cooked, boiled, drained, with salt",flagged,http://purl.obolibrary.org/obo/FOODON_03000099,cowpea leaf,confirm,http://purl.obolibrary.org/obo/FOODON_03000099,cowpea leaf,Leafy tips are the young cowpea leaves.,sure
168530,"Gourd, dishcloth (towelgourd), cooked, boiled, drained, with salt",flagged,http://purl.obolibrary.org/obo/FOODON_03000109,sponge gourd,no_match,,,"FoodOn's term for it sits outside the food branches, and the only edible terms are the plant or catalogue codes.",sure
168531,"Drumstick leaves, cooked, boiled, drained, with salt",flagged,http://purl.obolibrary.org/obo/FOODON_00005327,moringa leaf,confirm,http://purl.obolibrary.org/obo/FOODON_00005327,moringa leaf,Drumstick leaves are moringa leaves.,sure
168532,"Drumstick pods, cooked, boiled, drained, with salt",flagged,http://purl.obolibrary.org/obo/FOODON_00004575,moringa pod,confirm,http://purl.obolibrary.org/obo/FOODON_00004575,moringa pod,Drumstick is another name for moringa.,sure
168534,"Lambsquarters, cooked, boiled, drained, with salt",flagged,http://purl.obolibrary.org/obo/FOODON_00005189,lambs quarters leaf,confirm,http://purl.obolibrary.org/obo/FOODON_00005189,lambs quarters leaf,Lambsquarters are lambs quarters leaves.,sure
168536,"Lotus root, cooked, boiled, drained, with salt",flagged,http://purl.obolibrary.org/obo/FOODON_03000104,lotus root,no_match,,,"FoodOn's term for it sits outside the food branches, and the only edible terms are the plant or catalogue codes.",sure
168553,"Tree fern, cooked, with salt",flagged,http://purl.obolibrary.org/obo/FOODON_00005360,tree fern leaf,no_match,,,"The nutrients (0.3 g protein, almost no vitamin A) fit the starchy trunk core, not the fronds, and FoodOn has no other tree fern term.",unsure
168559,"Pimento, canned",flagged,http://purl.obolibrary.org/obo/FOODON_00003464,portobello mushroom,replace,http://purl.obolibrary.org/obo/FOODON_03306922,pimiento (canned),USDA's term is portobello mushroom.,sure
168571,"Nopales, raw",flagged,http://purl.obolibrary.org/obo/FOODON_03000448,prickly pear pad (raw),confirm,http://purl.obolibrary.org/obo/FOODON_03000448,prickly pear pad (raw),Nopales are prickly pear pads.,sure
168572,"Cabbage, napa, cooked",flagged,http://purl.obolibrary.org/obo/FOODON_00005339,napa cabbage leaf,replace,http://purl.obolibrary.org/obo/FOODON_00005337,napa cabbage head,"Napa cabbage is pe-tsai, and the cooked pe-tsai row uses 'napa cabbage head'.",sure
168573,"Lemon grass (citronella), raw",flagged,http://purl.obolibrary.org/obo/FOODON_03000028,lemongrass leaf (raw),confirm,http://purl.obolibrary.org/obo/FOODON_03000028,lemongrass leaf (raw),Lemon grass is lemongrass.,sure
168581,"Fungi, Cloud ears, dried",flagged,http://purl.obolibrary.org/obo/FOODON_00005334,cloud ear mushroom (dried),confirm,http://purl.obolibrary.org/obo/FOODON_00005334,cloud ear mushroom (dried),"Fungi is a category word, and cloud ear is the food.",sure
168583,"Wasabi, root, raw",flagged,http://purl.obolibrary.org/obo/FOODON_03000087,wasabi root (raw),replace,http://purl.obolibrary.org/obo/FOODON_03305495,wasabi (food product),"USDA's root term sits outside the food branches; this is the edible wasabi term, though its label reads clumsily.",unsure
168584,"Fiddlehead ferns, frozen, unprepared",flagged,http://purl.obolibrary.org/obo/FOODON_03000170,fiddlehead leaf (raw),confirm,http://purl.obolibrary.org/obo/FOODON_03000170,fiddlehead leaf (raw),"Frozen, unprepared fiddleheads are uncooked, so the raw term groups them with the raw row.",sure
168587,"Seeds, sisymbrium sp. seeds, whole, dried",flagged,http://purl.obolibrary.org/obo/FOODON_00005365,hedge mustard seed,no_match,,,"FoodOn has only hedge mustard seed and plant, neither in the food branches.",sure
168591,"Seeds, lotus seeds, raw",flagged,http://purl.obolibrary.org/obo/FOODON_03310028,lotus seed (dried),replace,http://purl.obolibrary.org/obo/FOODON_00003796,lotus seed,"These are fresh lotus seeds (89 kcal per 100 g), and 'dried' would group them with the 332 kcal dried seeds.",sure
168771,Chewing gum,added,http://purl.obolibrary.org/obo/FOODON_03310643,chewing gum,confirm,http://purl.obolibrary.org/obo/FOODON_03310643,chewing gum,It names this food; FoodOn has no narrower term for this version.,sure
168819,"Marmalade, orange",added,http://purl.obolibrary.org/obo/FOODON_03302512,orange marmalade,confirm,http://purl.obolibrary.org/obo/FOODON_03302512,orange marmalade,It names this food; FoodOn has no narrower term for this version.,sure
168820,Molasses,flagged,CHEBI:83163,,replace,http://purl.obolibrary.org/obo/CHEBI_83163,molasses,"Same FoodOn term 'molasses'; USDA wrote its ID in short form (CHEBI:83163), which does not match the ontology.",sure
168869,"Cornmeal, yellow, self-rising, bolted, with wheat flour added, enriched",added,http://purl.obolibrary.org/obo/FOODON_03305642,yellow cornmeal,replace,http://purl.obolibrary.org/obo/FOODON_03316846,yellow cornmeal (self-rising),FoodOn has a narrower term that matches the description; 'yellow cornmeal' is the broader one.,sure
168871,"Millet, cooked",flagged,http://purl.obolibrary.org/obo/FOODON_00005207,millet seed,replace,http://purl.obolibrary.org/obo/FOODON_00004438,common millet (cooked),"FoodOn has a cooked millet term, and 'millet seed' does not say cooked.",sure
168875,"Rice, brown, medium-grain, cooked (Includes foods for USDA's Food Distribution Program)",flagged,http://purl.obolibrary.org/obo/FOODON_00005208,medium-grain brown rice kernel,confirm,http://purl.obolibrary.org/obo/FOODON_00005208,medium-grain brown rice kernel,"The grain is the kernel, so the kernel term names this food.",sure
168876,"Rice, brown, parboiled, dry, UNCLE BEN'S",flagged,http://purl.obolibrary.org/obo/FOODON_00004679,brown rice kernel (raw),confirm,http://purl.obolibrary.org/obo/FOODON_00004679,brown rice kernel (raw),"Dry parboiled rice is uncooked brown rice, which the raw kernel term names.",sure
168884,Rye grain,flagged,http://purl.obolibrary.org/obo/FOODON_00004216,rye kernel (dried),confirm,http://purl.obolibrary.org/obo/FOODON_00004216,rye kernel (dried),"The grain is the kernel, so the kernel term names this food.",sure
168889,"Wheat, hard red spring",flagged,http://purl.obolibrary.org/obo/FOODON_03309946,hard red spring wheat kernel,confirm,http://purl.obolibrary.org/obo/FOODON_03309946,hard red spring wheat kernel,"The grain is the kernel, so the kernel term names this food.",sure
168890,"Wheat, hard red winter",flagged,http://purl.obolibrary.org/obo/FOODON_03311425,hard red winter wheat kernel,confirm,http://purl.obolibrary.org/obo/FOODON_03311425,hard red winter wheat kernel,"The grain is the kernel, so the kernel term names this food.",sure
168891,"Wheat, soft red winter",flagged,http://purl.obolibrary.org/obo/FOODON_03311291,soft red winter wheat kernel,confirm,http://purl.obolibrary.org/obo/FOODON_03311291,soft red winter wheat kernel,"The grain is the kernel, so the kernel term names this food.",sure
168896,"Wheat flour, white, bread, enriched",flagged,http://purl.obolibrary.org/obo/FOODON_03304751,white bread (enriched),replace,http://purl.obolibrary.org/obo/FOODON_03304043,white bread flour,"This is bread flour, not bread, and 'white bread flour' names it.",sure
168897,"Wild rice, cooked",flagged,http://purl.obolibrary.org/obo/FOODON_03000252,wild rice kernel,replace,http://purl.obolibrary.org/obo/FOODON_00005623,wild rice kernel (cooked),"FoodOn has a cooked wild rice term, and 'wild rice kernel' is the broader one.",sure
168908,"Noodles, japanese, somen, dry",flagged,http://purl.obolibrary.org/obo/FOODON_00002878,Sōmen,confirm,http://purl.obolibrary.org/obo/FOODON_00002878,Sōmen,Somen is sōmen.,sure
168909,"Noodles, japanese, somen, cooked",flagged,http://purl.obolibrary.org/obo/FOODON_00002878,Sōmen,confirm,http://purl.obolibrary.org/obo/FOODON_00002878,Sōmen,Somen is sōmen.,sure
168913,"Wheat flours, bread, unenriched",flagged,http://purl.obolibrary.org/obo/FOODON_03302200,wheat bread,replace,http://purl.obolibrary.org/obo/FOODON_03304043,white bread flour,"This is bread flour, not bread, and 'white bread flour' names it.",sure
168917,"Quinoa, cooked",flagged,http://purl.obolibrary.org/obo/FOODON_00004188,quinoa seed,replace,http://purl.obolibrary.org/obo/FOODON_00004405,"quinoa seed (dried, cooked)","FoodOn's 'quinoa seed (dried, cooked)' names cooked quinoa, and 'quinoa seed' is the broader one.",sure
168918,"Teff, cooked",flagged,http://purl.obolibrary.org/obo/FOODON_03000255,teff kernel,no_match,,,"The only edible teff term is 'teff kernel (raw)', which is the uncooked grain, not cooked teff.",unsure
168920,"Corn grain, white",flagged,http://purl.obolibrary.org/obo/FOODON_03303201,white sweet corn kernel (raw),replace,http://purl.obolibrary.org/obo/FOODON_00003562,field corn kernel,"Corn grain is field corn, not sweet corn, and FoodOn has no white dent corn term.",sure
168922,"Cornmeal, degermed, enriched, white",flagged,http://purl.obolibrary.org/obo/FOODON_03316845,white cornmeal (self-rising),replace,http://purl.obolibrary.org/obo/FOODON_03317234,white cornmeal (degerminated),"This is plain degermed cornmeal, not self-rising, and its unenriched twin uses 'white cornmeal (degerminated)'.",sure
168924,"Cornmeal, white, self-rising, bolted, with wheat flour added, enriched",added,http://purl.obolibrary.org/obo/FOODON_03309766,white cornmeal,replace,http://purl.obolibrary.org/obo/FOODON_03316845,white cornmeal (self-rising),FoodOn has a narrower term that matches the description; 'white cornmeal' is the broader one.,sure
168978,Ascidians (tunughnak) (Alaska Native),flagged,http://purl.obolibrary.org/obo/FOODON_03414467,ascidian,confirm,http://purl.obolibrary.org/obo/FOODON_03414467,ascidian,"Tunughnak is an Alaska Native name for ascidians, a kind of tunicate.",sure
168979,"Whale, beluga, flipper, raw (Alaska Native)",added,http://purl.obolibrary.org/obo/FOODON_03414486,beluga whale,no_match,,,"The current term names the whole animal, not this part, and FoodOn has no term for the part.",sure
168980,"Whale, beluga, liver, raw (Alaska Native)",added,http://purl.obolibrary.org/obo/FOODON_03414486,beluga whale,no_match,,,"The current term names the whole animal, not this part, and FoodOn has no term for the part.",sure
168987,"Fish, devilfish, meat (Alaska Native)",flagged,http://purl.obolibrary.org/obo/FOODON_03000423,,no_match,,,"In Alaska 'devilfish' usually means octopus, but USDA's scientific name says devil ray, so the food is unclear.",unsure
168995,"Lambsquarters, raw (Northern Plains Indians)",flagged,http://purl.obolibrary.org/obo/FOODON_00005190,lambs quarters leaf (raw),confirm,http://purl.obolibrary.org/obo/FOODON_00005190,lambs quarters leaf (raw),Lambsquarters are lambs quarters leaves.,sure
168996,"Prairie Turnips, boiled (Northern Plains Indians)",flagged,http://purl.obolibrary.org/obo/FOODON_03000157,prairie turnip,no_match,,,FoodOn's prairie turnip sits outside the food branches; the only edible term is the plant.,sure
169000,"Sea lion, Steller, liver (Alaska Native)",added,http://purl.obolibrary.org/obo/FOODON_02022110,steller sea lion,replace,http://purl.obolibrary.org/obo/FOODON_02022123,steller sea lion liver,'steller sea lion' names the animal; FoodOn has a term for its liver.,sure
169001,"Sea lion, Steller, kidney (Alaska Native)",added,http://purl.obolibrary.org/obo/FOODON_02022110,steller sea lion,replace,http://purl.obolibrary.org/obo/FOODON_02022122,steller sea lion kidney,'steller sea lion' names the animal; FoodOn has a term for its kidney.,sure
169002,"Sea lion, Steller, heart (Alaska Native)",added,http://purl.obolibrary.org/obo/FOODON_02022110,steller sea lion,replace,http://purl.obolibrary.org/obo/FOODON_02022121,steller sea lion heart,'steller sea lion' names the animal; FoodOn has a term for its heart.,sure
169003,"Sea lion, Steller, meat (Alaska Native)",added,http://purl.obolibrary.org/obo/FOODON_02022110,steller sea lion,replace,http://purl.obolibrary.org/obo/FOODON_02022114,piece of steller sea lion meat,'steller sea lion' names the animal; FoodOn has a term for its meat.,sure
169005,"Wocas, tuber, cooked, Oregon, yellow pond lily (Klamath)",flagged,http://purl.obolibrary.org/obo/FOODON_00005202,wocas tuber,no_match,,,"FoodOn's wocas tuber sits outside the food branches, and no edible term names it.",sure
169050,"Cheese, muenster, low fat",added,http://purl.obolibrary.org/obo/FOODON_03303682,muenster cheese,confirm,http://purl.obolibrary.org/obo/FOODON_03303682,muenster cheese,It names this cheese; FoodOn has no narrower term for this version.,sure
169051,"Cheese, mozzarella, nonfat",added,http://purl.obolibrary.org/obo/FOODON_03303578,mozzarella cheese,confirm,http://purl.obolibrary.org/obo/FOODON_03303578,mozzarella cheese,It names this cheese; FoodOn has no narrower term for this version.,sure
169078,"Cheese, cottage, with vegetables",added,http://purl.obolibrary.org/obo/FOODON_03301605,cottage cheese,confirm,http://purl.obolibrary.org/obo/FOODON_03301605,cottage cheese,It names this cheese; FoodOn has no narrower term for this version.,sure
169079,"Cheese, cream, low fat",added,http://purl.obolibrary.org/obo/FOODON_03301889,cream cheese,confirm,http://purl.obolibrary.org/obo/FOODON_03301889,cream cheese,It names this cheese; FoodOn has no narrower term for this version.,sure
169080,"Cheese, pasteurized process, American, low fat",added,http://purl.obolibrary.org/obo/FOODON_03301740,pasteurized process cheese,replace,http://purl.obolibrary.org/obo/FOODON_03000482,pasteurized process american cheese,FoodOn has a narrower term that matches the description; 'pasteurized process cheese' is the broader one.,sure
169086,"Litchis, raw",flagged,http://purl.obolibrary.org/obo/FOODON_00004228,lychee (raw),confirm,http://purl.obolibrary.org/obo/FOODON_00004228,lychee (raw),Litchi is lychee.,sure
169087,"Litchis, dried",flagged,http://purl.obolibrary.org/obo/FOODON_00005314,lychee (dried),confirm,http://purl.obolibrary.org/obo/FOODON_00005314,lychee (dried),Litchi is lychee.,sure
169099,"Orange juice, canned, unsweetened",flagged,http://purl.obolibrary.org/obo/FOODON_03307142,olives (canned),replace,http://purl.obolibrary.org/obo/FOODON_03305981,orange juice (canned),"USDA's term is canned olives, a known USDA error.",sure
169146,"Beets, cooked, boiled, drained",flagged,http://purl.obolibrary.org/obo/FOODON_00003633,beet leaf,replace,http://purl.obolibrary.org/obo/FOODON_03317254,beetroot,"Beets are the root, not the leaves, and the with-salt twin uses 'beetroot'.",sure
169190,"Pork, ground, 96% lean / 4% fat, raw",flagged,http://purl.obolibrary.org/obo/FOODON_0202719,,replace,http://purl.obolibrary.org/obo/FOODON_02021719,"pork meat (ground, raw)",USDA's ID is missing a digit; the intended term is raw ground pork.,sure
169203,"Arrowhead, raw",flagged,http://purl.obolibrary.org/obo/FOODON_03000043,arrowhead (raw),no_match,,,"FoodOn's term for it sits outside the food branches, and the only edible terms are the plant or catalogue codes.",sure
169204,"Arrowhead, cooked, boiled, drained, without salt",flagged,http://purl.obolibrary.org/obo/FOODON_03000042,arrowhead,no_match,,,"FoodOn's term for it sits outside the food branches, and the only edible terms are the plant or catalogue codes.",sure
169220,"Cowpeas (blackeyes), immature seeds, raw",flagged,http://purl.obolibrary.org/obo/FOODON_03000203,"blackeyed pea (raw, immature)",confirm,http://purl.obolibrary.org/obo/FOODON_03000203,"blackeyed pea (raw, immature)",Blackeyes are blackeyed peas.,sure
169222,"Yardlong bean, raw",flagged,http://purl.obolibrary.org/obo/FOODON_00004350,asparagus bean (raw),confirm,http://purl.obolibrary.org/obo/FOODON_00004350,asparagus bean (raw),Yardlong bean and asparagus bean are two names for the same bean.,sure
169223,"Yardlong bean, cooked, boiled, drained, without salt",flagged,http://purl.obolibrary.org/obo/FOODON_03000097,asparagus bean,confirm,http://purl.obolibrary.org/obo/FOODON_03000097,asparagus bean,Yardlong bean and asparagus bean are two names for the same bean.,sure
169224,"Cowpeas, leafy tips, raw",flagged,http://purl.obolibrary.org/obo/FOODON_03000100,cowpea leaf (raw),confirm,http://purl.obolibrary.org/obo/FOODON_03000100,cowpea leaf (raw),Leafy tips are the young cowpea leaves.,sure
169227,"Dandelion greens, cooked, boiled, drained, without salt",flagged,http://purl.obolibrary.org/obo/FOODON_03000070,dandelion leaf,confirm,http://purl.obolibrary.org/obo/FOODON_03000070,dandelion leaf,Dandelion greens are dandelion leaves.,sure
169232,"Gourd, white-flowered (calabash), raw",flagged,http://purl.obolibrary.org/obo/FOODON_03305223,zucca melon (raw),confirm,http://purl.obolibrary.org/obo/FOODON_03305223,zucca melon (raw),FoodOn lists calabash and bottle gourd as synonyms of zucca melon.,sure
169233,"Gourd, white-flowered (calabash), cooked, boiled, drained, without salt",flagged,http://purl.obolibrary.org/obo/FOODON_00003780,zucca melon,confirm,http://purl.obolibrary.org/obo/FOODON_00003780,zucca melon,FoodOn lists calabash and bottle gourd as synonyms of zucca melon.,sure
169235,"Hyacinth-beans, immature seeds, cooked, boiled, drained, without salt",flagged,http://purl.obolibrary.org/obo/FOODON_00005293,"hyacinth bean (raw, immature)",replace,http://purl.obolibrary.org/obo/FOODON_00005292,hyacinth bean (immature),"The beans are cooked, and the with-salt twin uses 'hyacinth bean (immature)'.",sure
169237,"Jew's ear, (pepeao), raw",flagged,http://purl.obolibrary.org/obo/FOODON_03000216,jelly ear (raw),confirm,http://purl.obolibrary.org/obo/FOODON_03000216,jelly ear (raw),"Jew's ear is another name for jelly ear (Auricularia auricula-judae), as USDA's scientific name says.",sure
169238,"Kale, cooked, boiled, drained, without salt",flagged,http://purl.obolibrary.org/obo/FOODON_00003501,kale leaf,confirm,http://purl.obolibrary.org/obo/FOODON_00003501,kale leaf,"The leaves are the part eaten, so the leaf term names this food.",sure
169244,"Lambsquarters, raw",flagged,http://purl.obolibrary.org/obo/FOODON_03310119,lamb's quarter leaf (raw),replace,http://purl.obolibrary.org/obo/FOODON_00005190,lambs quarters leaf (raw),FoodOn has two duplicate terms; this one matches the other raw lambsquarters row.,sure
169245,"Lambsquarters, cooked, boiled, drained, without salt",flagged,http://purl.obolibrary.org/obo/FOODON_00005189,lambs quarters leaf,confirm,http://purl.obolibrary.org/obo/FOODON_00005189,lambs quarters leaf,Lambsquarters are lambs quarters leaves.,sure
169250,"Lotus root, raw",flagged,http://purl.obolibrary.org/obo/FOODON_03000105,lotus root (raw),no_match,,,"FoodOn's term for it sits outside the food branches, and the only edible terms are the plant or catalogue codes.",sure
169270,"Pumpkin flowers, raw",flagged,http://purl.obolibrary.org/obo/FOODON_03000137,pumpkin flower (raw),replace,http://purl.obolibrary.org/obo/FOODON_00002571,squash flower,"Pumpkin flowers are squash blossoms, and 'squash flower' is the edible term.",sure
169271,"Pumpkin flowers, cooked, boiled, drained, without salt",flagged,http://purl.obolibrary.org/obo/FOODON_03000136,pumpkin flower,replace,http://purl.obolibrary.org/obo/FOODON_00002571,squash flower,"Pumpkin flowers are squash blossoms, and 'squash flower' is the edible term.",sure
169275,"Purslane, cooked, boiled, drained, without salt",flagged,http://purl.obolibrary.org/obo/FOODON_00003711,purslane leaf,confirm,http://purl.obolibrary.org/obo/FOODON_00003711,purslane leaf,"The leaves are the part eaten, so the leaf term names this food.",sure
169277,"Salsify, (vegetable oyster), raw",flagged,http://purl.obolibrary.org/obo/FOODON_03311758,salsify root (raw),no_match,,,FoodOn's salsify root sits outside the food branches; the only edible term is the plant.,sure
169278,"Salsify, cooked, boiled, drained, without salt",flagged,http://purl.obolibrary.org/obo/FOODON_00003728,salsify root,no_match,,,FoodOn's salsify root sits outside the food branches; the only edible term is the plant.,sure
169281,"Sesbania flower, cooked, steamed, without salt",flagged,http://purl.obolibrary.org/obo/FOODON_03000278,sesbania flower,no_match,,,"FoodOn's term for it sits outside the food branches, and the only edible terms are the plant or catalogue codes.",sure
169282,"Soybeans, green, raw",flagged,http://purl.obolibrary.org/obo/FOODON_03000156,edamame pod (raw),replace,http://purl.obolibrary.org/obo/FOODON_00002809,edamame,"USDA's term is the pod, but the data is for the beans; 'edamame' is what the cooked rows use.",sure
169283,"Soybeans, green, cooked, boiled, drained, without salt",flagged,http://purl.obolibrary.org/obo/FOODON_00002809,edamame,confirm,http://purl.obolibrary.org/obo/FOODON_00002809,edamame,Green soybeans are edamame.,sure
169301,"Water convolvulus,raw",flagged,http://purl.obolibrary.org/obo/FOODON_00005359,water morning glory leaf (raw),confirm,http://purl.obolibrary.org/obo/FOODON_00005359,water morning glory leaf (raw),"Water convolvulus is water morning glory, eaten as its leaves.",sure
169308,"Taro, raw",flagged,http://purl.obolibrary.org/obo/FOODON_03309835,taro leaf (raw),replace,http://purl.obolibrary.org/obo/FOODON_03309801,taro root (raw),"Taro is eaten as its corm (112 kcal per 100 g), not its leaves.",sure
169310,"Taro, tahitian, raw",flagged,http://purl.obolibrary.org/obo/FOODON_03000147,tahitian taro leaf (raw),confirm,http://purl.obolibrary.org/obo/FOODON_03000147,tahitian taro leaf (raw),"Tahitian taro is grown for its leaves (44 kcal per 100 g), which FoodOn also calls tahitian spinach.",sure
169334,"Butterbur, cooked, boiled, drained, with salt",flagged,http://purl.obolibrary.org/obo/FOODON_03317621,butterbur stem,confirm,http://purl.obolibrary.org/obo/FOODON_03317621,butterbur stem,Butterbur (fuki) is eaten as its stalks.,sure
169338,"Cardoon, cooked, boiled, drained, with salt",flagged,http://purl.obolibrary.org/obo/FOODON_03000051,cardoon leaf,replace,http://purl.obolibrary.org/obo/FOODON_03000049,cardoon stalk,"Cardoon is eaten as its leaf stalks, and its twins use 'cardoon stalk'.",sure
169341,"Celeriac, cooked, boiled, drained, with salt",flagged,http://purl.obolibrary.org/obo/FOODON_00004115,celeriac stalk,replace,http://purl.obolibrary.org/obo/FOODON_00004120,celeriac root,"Celeriac is eaten as its root, and its without-salt twin uses 'celeriac root'.",sure
169342,"Celery, cooked, boiled, drained, with salt",flagged,http://purl.obolibrary.org/obo/FOODON_00003635,celery leaf,replace,http://purl.obolibrary.org/obo/FOODON_00003411,celery stalk,"Cooked celery is the stalk, not the leaf, and the raw row uses 'celery stalk (raw)'.",sure
169343,"Chard, swiss, cooked, boiled, drained, with salt",flagged,http://purl.obolibrary.org/obo/FOODON_00003631,swiss chard leaf,confirm,http://purl.obolibrary.org/obo/FOODON_00003631,swiss chard leaf,"The leaves are the part eaten, so the leaf term names this food.",sure
169351,"Dandelion greens, cooked, boiled, drained, with salt",flagged,http://purl.obolibrary.org/obo/FOODON_03000070,dandelion leaf,confirm,http://purl.obolibrary.org/obo/FOODON_03000070,dandelion leaf,Dandelion greens are dandelion leaves.,sure
169353,"Gourd, white-flowered (calabash), cooked, boiled, drained, with salt",flagged,http://purl.obolibrary.org/obo/FOODON_00003780,zucca melon,confirm,http://purl.obolibrary.org/obo/FOODON_00003780,zucca melon,FoodOn lists calabash and bottle gourd as synonyms of zucca melon.,sure
169354,"Jute, potherb, cooked, boiled, drained, with salt",flagged,http://purl.obolibrary.org/obo/FOODON_03000111,nalta jute leaf,confirm,http://purl.obolibrary.org/obo/FOODON_03000111,nalta jute leaf,"Potherb jute is eaten as its leaves, which FoodOn calls nalta jute leaf.",sure
169355,"Kale, cooked, boiled, drained, with salt",flagged,http://purl.obolibrary.org/obo/FOODON_00003501,kale leaf,confirm,http://purl.obolibrary.org/obo/FOODON_00003501,kale leaf,"The leaves are the part eaten, so the leaf term names this food.",sure
169357,"Kohlrabi, cooked, boiled, drained, with salt",flagged,http://purl.obolibrary.org/obo/FOODON_00003422,kohlrabi stem,confirm,http://purl.obolibrary.org/obo/FOODON_00003422,kohlrabi stem,Kohlrabi is eaten as its swollen stem.,sure
169359,"Yardlong bean, cooked, boiled, drained, with salt",flagged,http://purl.obolibrary.org/obo/FOODON_03000097,asparagus bean,confirm,http://purl.obolibrary.org/obo/FOODON_03000097,asparagus bean,Yardlong bean and asparagus bean are two names for the same bean.,sure
169368,"Sesbania flower, cooked, steamed, with salt",flagged,http://purl.obolibrary.org/obo/FOODON_03000278,sesbania flower,no_match,,,"FoodOn's term for it sits outside the food branches, and the only edible terms are the plant or catalogue codes.",sure
169369,"Soybeans, mature seeds, sprouted, cooked, steamed, with salt",flagged,http://purl.obolibrary.org/obo/FOODON_03301415,soybean,replace,http://purl.obolibrary.org/obo/FOODON_00003837,soybean sprout,Sprouted soybeans are soybean sprouts.,sure
169370,"Soybeans, mature seeds, sprouted, cooked, stir-fried, with salt",flagged,http://purl.obolibrary.org/obo/FOODON_03301415,soybean,replace,http://purl.obolibrary.org/obo/FOODON_00003837,soybean sprout,Sprouted soybeans are soybean sprouts.,sure
169371,"Dock, cooked, boiled, drained, with salt",flagged,http://purl.obolibrary.org/obo/FOODON_03000184,dock leaf,confirm,http://purl.obolibrary.org/obo/FOODON_03000184,dock leaf,"The leaves are the part eaten, so the leaf term names this food.",sure
169387,"Arugula, raw",flagged,http://purl.obolibrary.org/obo/FOODON_00005223,arugula leaf (raw),confirm,http://purl.obolibrary.org/obo/FOODON_00005223,arugula leaf (raw),"The leaves are the part eaten, so the leaf term names this food.",sure
169388,"Nopales, cooked, without salt",flagged,http://purl.obolibrary.org/obo/FOODON_00003078,prickly pear pad,confirm,http://purl.obolibrary.org/obo/FOODON_00003078,prickly pear pad,Nopales are prickly pear pads.,sure
169392,"Broccoli, chinese, cooked",flagged,http://purl.obolibrary.org/obo/FOODON_00003130,gai lan,confirm,http://purl.obolibrary.org/obo/FOODON_00003130,gai lan,Chinese broccoli is gai lan.,sure
169398,"Epazote, raw",flagged,http://purl.obolibrary.org/obo/FOODON_00005364,Mexican tea leaf,confirm,http://purl.obolibrary.org/obo/FOODON_00005364,Mexican tea leaf,Mexican tea is another name for epazote.,sure
169400,"Malabar spinach, cooked",flagged,http://purl.obolibrary.org/obo/FOODON_03000153,malabar spinach leaf,confirm,http://purl.obolibrary.org/obo/FOODON_03000153,malabar spinach leaf,"The leaves are the part eaten, so the leaf term names this food.",sure
169401,"Yautia (tannier), raw",flagged,http://purl.obolibrary.org/obo/FOODON_03000160,arrowleaf elephant ear (raw),no_match,,,"The only edible look-alike is 'taro root', a different plant that shares trade names with yautia.",unsure
169404,"Broccoli, chinese, raw",flagged,http://purl.obolibrary.org/obo/FOODON_00005340,gai lan (raw),confirm,http://purl.obolibrary.org/obo/FOODON_00005340,gai lan (raw),Chinese broccoli is gai lan.,sure
169405,"Fiddlehead ferns, raw",flagged,http://purl.obolibrary.org/obo/FOODON_03000169,fiddlehead leaf,replace,http://purl.obolibrary.org/obo/FOODON_03000170,fiddlehead leaf (raw),"FoodOn has a raw fiddlehead term, and 'fiddlehead leaf' is the broader one.",sure
169407,"Seeds, watermelon seed kernels, dried",flagged,http://purl.obolibrary.org/obo/FOODON_00005235,watermelon seed (dried),no_match,,,"FoodOn's watermelon seed sits outside the food branches, and no edible term names it.",sure
169418,"Seeds, sunflower seed kernels, dry roasted, with salt added",flagged,http://purl.obolibrary.org/obo/FOODON_00003298,"sunflower seed (shell off, roasted)",replace,http://purl.obolibrary.org/obo/FOODON_00003581,sunflower seed (whole kernel),Its without-salt twin and the other roasted kernel rows use 'sunflower seed (whole kernel)'.,sure
169422,"Nuts, cashew nuts, oil roasted, with salt added",flagged,http://purl.obolibrary.org/obo/FOODON_03311212,"cashew nut (shell off, oil roasted)",replace,http://purl.obolibrary.org/obo/FOODON_00003615,cashew nut,"Its without-salt twin and the dry-roasted rows use 'cashew nut', so they group together.",sure
169430,"Beef, carcass, separable lean and fat, choice, raw",flagged,http://purl.obolibrary.org/obo/FOODON_02020894,cow carcass (raw),no_match,,,"FoodOn names the whole carcass, which is not a food name, and has no term for its lean and fat.",sure
169431,"Beef, carcass, separable lean and fat, select, raw",flagged,http://purl.obolibrary.org/obo/FOODON_02020894,cow carcass (raw),no_match,,,"FoodOn names the whole carcass, which is not a food name, and has no term for its lean and fat.",sure
169640,Honey,flagged,UBERON:0036016,,replace,http://purl.obolibrary.org/obo/UBERON_0036016,honey,"Same FoodOn term 'honey'; USDA wrote its ID in short form (UBERON:0036016), which does not match the ontology.",sure
169657,"Sweeteners, tabletop, aspartame, EQUAL, packets",flagged,CHEBI:2877,,replace,http://purl.obolibrary.org/obo/FOODON_00003948,aspartame-based sweetener,"USDA points at the chemical aspartame; this term, with Equal as a synonym, names the tabletop sweetener.",sure
169658,"Sugars, maple",flagged,http://purl.obolibrary.org/obo/FOODON_03301848,maple syrup,no_match,,,"Maple sugar is not maple syrup, and FoodOn has no maple sugar term.",sure
169694,"Corn flour, masa, enriched, white",flagged,http://purl.obolibrary.org/obo/FOODON_00002529,masa,confirm,http://purl.obolibrary.org/obo/FOODON_00002529,masa,"FoodOn lists masa harina, the dry corn flour, as a synonym of 'masa'.",sure
169696,"Corn flour, masa, unenriched, white",flagged,http://purl.obolibrary.org/obo/FOODON_00002529,masa,confirm,http://purl.obolibrary.org/obo/FOODON_00002529,masa,"FoodOn lists masa harina, the dry corn flour, as a synonym of 'masa'.",sure
169698,Cornstarch,flagged,http://purl.obolibrary.org/obo/FOODON_03302500,corn flour,replace,http://purl.obolibrary.org/obo/FOODON_00005791,corn starch,"USDA's term is corn flour, a different product in US kitchens.",sure
169700,"Couscous, cooked",flagged,http://purl.obolibrary.org/obo/FOODON_00005260,common cowpea (mature),replace,http://purl.obolibrary.org/obo/FOODON_00005532,couscous,USDA's term is cowpeas.,sure
169702,"Millet, raw",flagged,http://purl.obolibrary.org/obo/FOODON_03309702,millet seed (dried),confirm,http://purl.obolibrary.org/obo/FOODON_03309702,millet seed (dried),"Raw millet is the dry grain, so the dried term is right.",sure
169703,"Rice, brown, long-grain, raw (Includes foods for USDA's Food Distribution Program)",flagged,http://purl.obolibrary.org/obo/FOODON_03000268,long grain brown rice kernel (uncooked),confirm,http://purl.obolibrary.org/obo/FOODON_03000268,long grain brown rice kernel (uncooked),"The grain is the kernel, so the kernel term names this food.",sure
169704,"Rice, brown, long-grain, cooked (Includes foods for USDA's Food Distribution Program)",flagged,http://purl.obolibrary.org/obo/FOODON_03000267,long grain brown rice kernel,replace,http://purl.obolibrary.org/obo/FOODON_00004373,long-grain brown rice kernel (cooked),"FoodOn has a cooked long-grain brown rice term, and 'long grain brown rice kernel' is the broader one.",sure
169705,Oats (Includes foods for USDA's Food Distribution Program),flagged,http://purl.obolibrary.org/obo/FOODON_00004219,oat kernel (dried),confirm,http://purl.obolibrary.org/obo/FOODON_00004219,oat kernel (dried),"The grain is the kernel, so the kernel term names this food.",sure
169706,"Rice, brown, medium-grain, raw (Includes foods for USDA's Food Distribution Program)",flagged,http://purl.obolibrary.org/obo/FOODON_03000266,medium-grain brown rice kernel (uncooked),confirm,http://purl.obolibrary.org/obo/FOODON_03000266,medium-grain brown rice kernel (uncooked),"The grain is the kernel, so the kernel term names this food.",sure
169715,"Semolina, enriched",flagged,http://purl.obolibrary.org/obo/FOODON_00004513,semolina flour (durum wheat),replace,http://purl.obolibrary.org/obo/FOODON_03303411,coarse semolina (durum wheat),"Its unenriched twin uses 'coarse semolina (durum wheat)', so the two group together.",sure
169716,Sorghum grain,flagged,http://purl.obolibrary.org/obo/FOODON_03309906,sorghum kernel (dried),confirm,http://purl.obolibrary.org/obo/FOODON_03309906,sorghum kernel (dried),"The grain is the kernel, so the kernel term names this food.",sure
169718,Triticale,flagged,http://purl.obolibrary.org/obo/FOODON_03301753,triticale kernel (dried),confirm,http://purl.obolibrary.org/obo/FOODON_03301753,triticale kernel (dried),"The grain is the kernel, so the kernel term names this food.",sure
169719,"Wheat, hard white",flagged,http://purl.obolibrary.org/obo/FOODON_03000262,hard white wheat kernel,confirm,http://purl.obolibrary.org/obo/FOODON_03000262,hard white wheat kernel,"The grain is the kernel, so the kernel term names this food.",sure
169720,"Wheat, soft white",flagged,http://purl.obolibrary.org/obo/FOODON_00003424,soft white wheat kernel,confirm,http://purl.obolibrary.org/obo/FOODON_00003424,soft white wheat kernel,"The grain is the kernel, so the kernel term names this food.",sure
169721,"Wheat, durum",flagged,http://purl.obolibrary.org/obo/FOODON_03310298,durum wheat kernel (dried),confirm,http://purl.obolibrary.org/obo/FOODON_03310298,durum wheat kernel (dried),"The grain is the kernel, so the kernel term names this food.",sure
169724,"Wheat flour, white, tortilla mix, enriched",added,http://purl.obolibrary.org/obo/FOODON_03302339,white wheat flour,no_match,,,"This is a tortilla mix with added fat (10.6 g per 100 g), not plain white flour.",unsure
169725,"Wheat, sprouted",flagged,http://purl.obolibrary.org/obo/FOODON_03311137,wheat sprout (raw),confirm,http://purl.obolibrary.org/obo/FOODON_03311137,wheat sprout (raw),"Sprouted wheat is wheat sprouts, eaten raw.",sure
169726,"Wild rice, raw",flagged,http://purl.obolibrary.org/obo/FOODON_03000253,wild rice kernel (raw),confirm,http://purl.obolibrary.org/obo/FOODON_03000253,wild rice kernel (raw),"The grain is the kernel, so the kernel term names this food.",sure
169739,Barley flour or meal,flagged,http://purl.obolibrary.org/obo/FOODON_03309657,barley flour,confirm,http://purl.obolibrary.org/obo/FOODON_03309657,barley flour,Barley flour or meal is barley flour.,sure
169743,"Wheat, KAMUT khorasan, uncooked",flagged,http://purl.obolibrary.org/obo/FOODON_03000261,khorasan wheat kernel (raw),confirm,http://purl.obolibrary.org/obo/FOODON_03000261,khorasan wheat kernel (raw),"KAMUT is a brand of khorasan wheat, and the grain is the kernel.",sure
169744,"Wheat, KAMUT khorasan, cooked",flagged,http://purl.obolibrary.org/obo/FOODON_00004366,khorasan wheat kernel (cooked),confirm,http://purl.obolibrary.org/obo/FOODON_00004366,khorasan wheat kernel (cooked),"KAMUT is a brand of khorasan wheat, and the grain is the kernel.",sure
169745,"Spelt, uncooked",flagged,http://purl.obolibrary.org/obo/FOODON_00003154,spelt kernel,replace,http://purl.obolibrary.org/obo/FOODON_03000254,spelt kernel (raw),"FoodOn has a raw spelt term that matches 'uncooked', and 'spelt kernel' is the broader one.",sure
169746,"Spelt, cooked",flagged,http://purl.obolibrary.org/obo/FOODON_00004347,spelt kernel (cooked),confirm,http://purl.obolibrary.org/obo/FOODON_00004347,spelt kernel (cooked),"The grain is the kernel, so the kernel term names this food.",sure
169747,"Teff, uncooked",flagged,http://purl.obolibrary.org/obo/FOODON_03000255,teff kernel,replace,http://purl.obolibrary.org/obo/FOODON_03000256,teff kernel (raw),USDA's 'teff kernel' sits outside the food branches; its edible child names uncooked teff.,sure
169749,"Corn flour, yellow, masa, enriched",flagged,http://purl.obolibrary.org/obo/FOODON_00002529,masa,confirm,http://purl.obolibrary.org/obo/FOODON_00002529,masa,"FoodOn lists masa harina, the dry corn flour, as a synonym of 'masa'.",sure
169795,"Whale, beluga, meat, dried (Alaska Native)",added,http://purl.obolibrary.org/obo/FOODON_03414486,beluga whale,no_match,,,'beluga whale' names the animal; FoodOn has only generic whale-meat terms.,unsure
169796,"Whale, beluga, eyes (Alaska Native)",added,http://purl.obolibrary.org/obo/FOODON_03414486,beluga whale,no_match,,,"The current term names the whole animal, not this part, and FoodOn has no term for the part.",sure
169797,"Whale, beluga, meat, raw (Alaska Native)",added,http://purl.obolibrary.org/obo/FOODON_03414486,beluga whale,no_match,,,'beluga whale' names the animal; FoodOn has only generic whale-meat terms.,unsure
169803,"Cockles, raw (Alaska Native)",flagged,http://purl.obolibrary.org/obo/FOODON_02022625,"cockle (shell on, raw)",replace,http://purl.obolibrary.org/obo/FOODON_03301658,cockle (raw),"USDA's data is for the edible meat, and 'cockle (raw)' names it without the shell.",sure
169805,"Cranberry, low bush or lingenberry, raw (Alaska Native)",flagged,http://purl.obolibrary.org/obo/FOODON_03306104,lingonberry (raw),confirm,http://purl.obolibrary.org/obo/FOODON_03306104,lingonberry (raw),Low bush cranberry is lingonberry.,sure
169809,"Fish, lingcod, meat, raw (Alaska Native)",flagged,http://purl.obolibrary.org/obo/FOODON_03000422,,replace,http://purl.obolibrary.org/obo/FOODON_03309162,lingcod (raw),USDA's ID does not exist in this FoodOn release; this term names the same food.,sure
169815,"Lambsquarters, steamed (Northern Plains Indians)",flagged,http://purl.obolibrary.org/obo/FOODON_00005189,lambs quarters leaf,confirm,http://purl.obolibrary.org/obo/FOODON_00005189,lambs quarters leaf,Lambsquarters are lambs quarters leaves.,sure
169816,"Prickly pears, raw (Northern Plains Indians)",flagged,http://purl.obolibrary.org/obo/FOODON_03000448,prickly pear pad (raw),no_match,,,"The prickly pear fruit is not the pad, and FoodOn has no term for the fruit.",sure
169818,"Prairie Turnips, raw (Northern Plains Indians)",flagged,http://purl.obolibrary.org/obo/FOODON_03000158,prairie turnip (raw),no_match,,,FoodOn's prairie turnip sits outside the food branches; the only edible term is the plant.,sure
169819,"Stinging Nettles, blanched (Northern Plains Indians)",flagged,http://purl.obolibrary.org/obo/FOODON_00005196,stinging nettle leaf,confirm,http://purl.obolibrary.org/obo/FOODON_00005196,stinging nettle leaf,"The leaves are the part eaten, so the leaf term names this food.",sure
169821,"Pinon Nuts, roasted (Navajo)",flagged,http://purl.obolibrary.org/obo/FOODON_03306517,pine nut kernel,confirm,http://purl.obolibrary.org/obo/FOODON_03306517,pine nut kernel,Pinon nuts are pine nuts.,sure
169824,"Sea lion, Steller, meat with fat (Alaska Native)",added,http://purl.obolibrary.org/obo/FOODON_02022110,steller sea lion,replace,http://purl.obolibrary.org/obo/FOODON_02022114,piece of steller sea lion meat,'steller sea lion' names the animal; FoodOn has a term for its meat.,sure
169825,"Sea lion, Steller, fat (Alaska Native)",added,http://purl.obolibrary.org/obo/FOODON_02022110,steller sea lion,replace,http://purl.obolibrary.org/obo/FOODON_02022119,steller sea lion fat,'steller sea lion' names the animal; FoodOn has a term for its fat.,sure
169831,"APPLEBEE'S, 9 oz house sirloin steak",flagged,http://purl.obolibrary.org/obo/FOODON_02000149,beef top sirloin steak,confirm,http://purl.obolibrary.org/obo/FOODON_02000149,beef top sirloin steak,"A restaurant house sirloin is a top sirloin steak, as the Denny's row uses.",sure
169848,"Restaurant, family style, hash browns",flagged,http://purl.obolibrary.org/obo/FOODON_03310607,potato hash brown,confirm,http://purl.obolibrary.org/obo/FOODON_03310607,potato hash brown,"Restaurant is a category word, and these are hash browns.",sure
169882,"Chewing gum, sugarless",added,http://purl.obolibrary.org/obo/FOODON_03303401,chewing gum (sugarless),confirm,http://purl.obolibrary.org/obo/FOODON_03303401,chewing gum (sugarless),It names this food; FoodOn has no narrower term for this version.,sure
169905,"Dove, cooked (includes squab)",flagged,http://purl.obolibrary.org/obo/FOODON_02020090,piece of pigeon,confirm,http://purl.obolibrary.org/obo/FOODON_02020090,piece of pigeon,"Dove and squab are pigeons, but the label 'piece of pigeon' reads oddly.",unsure
169909,"Mammy-apple, (mamey), raw",flagged,http://purl.obolibrary.org/obo/FOODON_00004200,mamey apple (raw),confirm,http://purl.obolibrary.org/obo/FOODON_00004200,mamey apple (raw),Mammy-apple is another spelling of mamey apple.,sure
169922,"Orange juice, frozen concentrate, unsweetened, undiluted, with added calcium",flagged,http://purl.obolibrary.org/obo/FOODON_03305982,reconstituted orange juice (from frozen concentrate),replace,http://purl.obolibrary.org/obo/FOODON_03301829,"orange juice concentrate (frozen, unsweetened)","It is undiluted concentrate (147 kcal per 100 g), not the reconstituted juice.",sure
169923,"Orange juice, frozen concentrate, unsweetened, undiluted",flagged,http://purl.obolibrary.org/obo/FOODON_03303116,orange peel (raw),replace,http://purl.obolibrary.org/obo/FOODON_03301829,"orange juice concentrate (frozen, unsweetened)","USDA's term is raw orange peel, and the food is undiluted frozen orange juice concentrate.",sure
169940,"Pear nectar, canned, without added ascorbic acid",flagged,http://purl.obolibrary.org/obo/FOODON_03301288,peach nectar,replace,http://purl.obolibrary.org/obo/FOODON_03301289,pear nectar,"USDA's term is peach nectar, and its with-ascorbic-acid twin uses 'pear nectar'.",sure
169960,"Beans, shellie, canned, solids and liquids",flagged,http://purl.obolibrary.org/obo/FOODON_00002547,shell bean,confirm,http://purl.obolibrary.org/obo/FOODON_00002547,shell bean,"Shellie beans are shell beans, and 'shell' names the bean type, not a part.",sure
169981,"Cardoon, raw",flagged,http://purl.obolibrary.org/obo/FOODON_03000050,cardoon stalk (raw),confirm,http://purl.obolibrary.org/obo/FOODON_03000050,cardoon stalk (raw),Cardoon is eaten as its leaf stalks.,sure
169982,"Cardoon, cooked, boiled, drained, without salt",flagged,http://purl.obolibrary.org/obo/FOODON_03000049,cardoon stalk,confirm,http://purl.obolibrary.org/obo/FOODON_03000049,cardoon stalk,Cardoon is eaten as its leaf stalks.,sure
169987,"Celeriac, cooked, boiled, drained, without salt",flagged,http://purl.obolibrary.org/obo/FOODON_00004120,celeriac root,confirm,http://purl.obolibrary.org/obo/FOODON_00004120,celeriac root,Celeriac is eaten as its root.,sure
169989,"Celery, cooked, boiled, drained, without salt",flagged,http://purl.obolibrary.org/obo/FOODON_00003635,celery leaf,replace,http://purl.obolibrary.org/obo/FOODON_00003411,celery stalk,"Cooked celery is the stalk, not the leaf, and the raw row uses 'celery stalk (raw)'.",sure
169990,"Celtuce, raw",flagged,http://purl.obolibrary.org/obo/FOODON_03000069,celtuce stem (raw),confirm,http://purl.obolibrary.org/obo/FOODON_03000069,celtuce stem (raw),Celtuce is grown for its stem.,sure
169992,"Chicory greens, raw",flagged,http://purl.obolibrary.org/obo/FOODON_00003625,chicory bunch,replace,http://purl.obolibrary.org/obo/FOODON_03000038,chicory leaf (raw),"Chicory greens are the raw leaves, which 'chicory leaf (raw)' names more closely than a bunch.",sure
169995,"Chrysanthemum, garland, raw",flagged,http://purl.obolibrary.org/obo/FOODON_00005326,chrysanthemum leaf (raw),confirm,http://purl.obolibrary.org/obo/FOODON_00005326,chrysanthemum leaf (raw),Garland chrysanthemum is eaten as its leaves.,sure
169997,"Coriander (cilantro) leaves, raw",flagged,http://purl.obolibrary.org/obo/FOODON_03000030,coriander leaf (raw),confirm,http://purl.obolibrary.org/obo/FOODON_03000030,coriander leaf (raw),Cilantro is coriander leaf.,sure
169998,"Corn, sweet, yellow, raw",flagged,http://purl.obolibrary.org/obo/FOODON_03303202,yellow sweet corn kernel (raw),confirm,http://purl.obolibrary.org/obo/FOODON_03303202,yellow sweet corn kernel (raw),"Sweet corn is eaten as its kernels, as the raw white corn row uses.",sure
170006,"Onions, young green, tops only",flagged,http://purl.obolibrary.org/obo/FOODON_03311340,scallion (raw),confirm,http://purl.obolibrary.org/obo/FOODON_03311340,scallion (raw),"Young green onion tops are scallions, as the whole-scallion sibling uses.",sure
170010,"Peas, edible-podded, raw",flagged,http://purl.obolibrary.org/obo/FOODON_03000118,edible pea pod (raw),confirm,http://purl.obolibrary.org/obo/FOODON_03000118,edible pea pod (raw),Edible-podded peas are eaten pod and all.,sure
170011,"Peas, edible-podded, boiled, drained, without salt",flagged,http://purl.obolibrary.org/obo/FOODON_03000117,edible pea pod,confirm,http://purl.obolibrary.org/obo/FOODON_03000117,edible pea pod,Edible-podded peas are eaten pod and all.,sure
170012,"Peas, edible-podded, frozen, unprepared",flagged,http://purl.obolibrary.org/obo/FOODON_03000117,edible pea pod,confirm,http://purl.obolibrary.org/obo/FOODON_03000117,edible pea pod,Edible-podded peas are eaten pod and all.,sure
170030,"Potatoes, Russet, flesh and skin, baked",flagged,http://purl.obolibrary.org/obo/FOODON_00004970,Russet potato cultivar,replace,http://purl.obolibrary.org/obo/FOODON_00004971,Russet potato,"USDA points at the potato variety, outside the food branches; 'Russet potato' is the edible term.",sure
170038,"Potatoes, scalloped, home-prepared with butter",added,http://purl.obolibrary.org/obo/FOODON_03311532,potatoes gratiné (dish),confirm,http://purl.obolibrary.org/obo/FOODON_03311532,potatoes gratiné (dish),"FoodOn lists scalloped potatoes as a synonym of this gratin, but many US cooks make scalloped potatoes without cheese.",unsure
170039,"Potatoes, mashed, dehydrated, granules without milk, dry form",flagged,http://purl.obolibrary.org/obo/FOODON_03317126,potato flakes (granulated and powdered),confirm,http://purl.obolibrary.org/obo/FOODON_03317126,potato flakes (granulated and powdered),Potato granules are the granulated form this term names.,sure
170064,"Vegetables, mixed, canned, solids and liquids",added,http://purl.obolibrary.org/obo/FOODON_00002683,mixed vegetables,replace,http://purl.obolibrary.org/obo/FOODON_03303882,mixed vegetables (canned),FoodOn has a narrower term that matches the description; 'mixed vegetables' is the broader one.,sure
170065,"Vegetables, mixed, canned, drained solids",added,http://purl.obolibrary.org/obo/FOODON_00002683,mixed vegetables,replace,http://purl.obolibrary.org/obo/FOODON_03303882,mixed vegetables (canned),FoodOn has a narrower term that matches the description; 'mixed vegetables' is the broader one.,sure
170066,"Waterchestnuts, chinese, (matai), raw",flagged,http://purl.obolibrary.org/obo/FOODON_03302970,water chestnut (raw),confirm,http://purl.obolibrary.org/obo/FOODON_03302970,water chestnut (raw),"The term lists Chinese water chestnut as a synonym, although FoodOn files it under water caltrop.",sure
170067,"Waterchestnuts, chinese, canned, solids and liquids",flagged,http://purl.obolibrary.org/obo/FOODON_00005361,chinese water chestnut,replace,http://purl.obolibrary.org/obo/FOODON_03304635,water chestnut (canned),USDA's term sits outside the food branches; 'water chestnut (canned)' names this product.,sure
170068,"Watercress, raw",flagged,http://purl.obolibrary.org/obo/FOODON_03000149,watercress leaf (raw),confirm,http://purl.obolibrary.org/obo/FOODON_03000149,watercress leaf (raw),"The leaves are the part eaten, so the leaf term names this food.",sure
170069,"Waxgourd, (chinese preserving melon), raw",flagged,http://purl.obolibrary.org/obo/FOODON_00005225,winter melon (raw),confirm,http://purl.obolibrary.org/obo/FOODON_00005225,winter melon (raw),Waxgourd is winter melon.,sure
170075,"Chives, freeze-dried",flagged,http://purl.obolibrary.org/obo/FOODON_00003788,chive leaf,replace,http://purl.obolibrary.org/obo/FOODON_03304734,chive (freeze-dried),"Freeze-dried chives are ten times as dense as fresh (311 kcal per 100 g), and FoodOn has a freeze-dried chive term.",sure
170076,"Dock, raw",flagged,http://purl.obolibrary.org/obo/FOODON_03000185,dock leaf (raw),confirm,http://purl.obolibrary.org/obo/FOODON_03000185,dock leaf (raw),"The leaves are the part eaten, so the leaf term names this food.",sure
170077,"Dock, cooked, boiled, drained, without salt",flagged,http://purl.obolibrary.org/obo/FOODON_03000184,dock leaf,confirm,http://purl.obolibrary.org/obo/FOODON_03000184,dock leaf,"The leaves are the part eaten, so the leaf term names this food.",sure
170078,"Eppaw, raw",flagged,http://purl.obolibrary.org/obo/FOODON_03000168,eppaw leaf (raw),replace,http://purl.obolibrary.org/obo/FOODON_00003122,oregon yampah root,"Eppaw is Oregon yampah, eaten as its starchy root (150 kcal per 100 g, no vitamin A), not its leaves.",sure
170079,"Beans, mung, mature seeds, sprouted, canned, drained solids",flagged,http://purl.obolibrary.org/obo/FOODON_03302853,mung bean sprout (canned),confirm,http://purl.obolibrary.org/obo/FOODON_03302853,mung bean sprout (canned),Canned mung bean sprouts are what this term names.,sure
170098,"Okra, cooked, boiled, drained, with salt",flagged,http://purl.obolibrary.org/obo/FOODON_00005206,piece of okra pod,replace,http://purl.obolibrary.org/obo/FOODON_00003681,okra pod,"Its without-salt twin uses 'okra pod', so the two group together.",sure
170099,"Okra, frozen, cooked, boiled, drained, with salt",flagged,http://purl.obolibrary.org/obo/FOODON_00005206,piece of okra pod,replace,http://purl.obolibrary.org/obo/FOODON_00003681,okra pod,"Its frozen without-salt twin uses 'okra pod', so the two group together.",sure
170119,"Pumpkin, flowers, cooked, boiled, drained, with salt",flagged,http://purl.obolibrary.org/obo/FOODON_03000136,pumpkin flower,replace,http://purl.obolibrary.org/obo/FOODON_00002571,squash flower,"Pumpkin flowers are squash blossoms, and 'squash flower' is the edible term.",sure
170121,"Purslane, cooked, boiled, drained, with salt",flagged,http://purl.obolibrary.org/obo/FOODON_00003711,purslane leaf,confirm,http://purl.obolibrary.org/obo/FOODON_00003711,purslane leaf,"The leaves are the part eaten, so the leaf term names this food.",sure
170122,"Radishes, oriental, cooked, boiled, drained, with salt",flagged,http://purl.obolibrary.org/obo/FOODON_00003666,daikon,confirm,http://purl.obolibrary.org/obo/FOODON_00003666,daikon,Oriental radish is daikon.,sure
170126,"Squash, summer, crookneck and straightneck, cooked, boiled, drained, with salt",flagged,http://purl.obolibrary.org/obo/FOODON_03000080,straightneck squash (raw),replace,http://purl.obolibrary.org/obo/FOODON_03000079,straightneck squash,"The squash is cooked, and its without-salt twin uses 'straightneck squash'.",sure
170136,"Taro, tahitian, cooked, with salt",flagged,http://purl.obolibrary.org/obo/FOODON_03000146,tahitian taro leaf,confirm,http://purl.obolibrary.org/obo/FOODON_03000146,tahitian taro leaf,"Tahitian taro is grown for its leaves (44 kcal per 100 g), which FoodOn also calls tahitian spinach.",sure
170139,"Turnip greens, cooked, boiled, drained, with salt",flagged,http://purl.obolibrary.org/obo/FOODON_00003533,turnip leaf,confirm,http://purl.obolibrary.org/obo/FOODON_00003533,turnip leaf,Turnip greens are turnip leaves.,sure
170142,"Vegetables, mixed, frozen, cooked, boiled, drained, with salt",added,http://purl.obolibrary.org/obo/FOODON_00002683,mixed vegetables,confirm,http://purl.obolibrary.org/obo/FOODON_00002683,mixed vegetables,"Cooked from frozen, so 'mixed vegetables' fits better than 'mixed vegetables (frozen)'.",sure
170147,"Seeds, cottonseed meal, partially defatted (glandless)",flagged,http://purl.obolibrary.org/obo/FOODON_03301576,cottonseed flour,replace,http://purl.obolibrary.org/obo/FOODON_03301766,cottonseed meal,"FoodOn has a cottonseed meal term that names it in the description's own words, though the near-identical flour rows use 'cottonseed flour'.",unsure
170148,"Seeds, hemp seed, hulled",flagged,http://purl.obolibrary.org/obo/FOODON_00004402,hemp seed (with hull),replace,http://purl.obolibrary.org/obo/FOODON_00004400,"hemp seed (dehulled, raw)","Hulled hemp seed has its hull removed, so 'with hull' says the opposite.",sure
170167,"Nuts, chestnuts, european, dried, peeled",flagged,http://purl.obolibrary.org/obo/FOODON_00005220,european chestnut (dried),replace,http://purl.obolibrary.org/obo/FOODON_03301873,chestnut (dried),FoodOn's European chestnut terms sit outside the food branches; a cook calls these simply chestnuts.,sure
170168,"Nuts, chestnuts, european, boiled and steamed",flagged,http://purl.obolibrary.org/obo/FOODON_00003655,european chestnut,replace,http://purl.obolibrary.org/obo/FOODON_00003563,chestnut,FoodOn's European chestnut terms sit outside the food branches; a cook calls these simply chestnuts.,sure
170183,"Nuts, pecans, dry roasted, without salt added",flagged,http://purl.obolibrary.org/obo/FOODON_03311213,pecan (oil roasted),replace,http://purl.obolibrary.org/obo/FOODON_00003699,pecan,"The pecans are dry roasted, not oil roasted, and the with-salt twin uses 'pecan'.",sure
170190,"Nuts, chestnuts, european, roasted",flagged,http://purl.obolibrary.org/obo/FOODON_00003655,european chestnut,replace,http://purl.obolibrary.org/obo/FOODON_00003563,chestnut,FoodOn's European chestnut terms sit outside the food branches; a cook calls these simply chestnuts.,sure
170204,"Beef, cured, pastrami",flagged,http://purl.obolibrary.org/obo/FOODON_02000106,beef chuck steak (raw),replace,http://purl.obolibrary.org/obo/FOODON_00003884,pastrami,"Pastrami is not a raw chuck steak, and 'Pastrami, beef, 98% fat-free' uses 'pastrami'.",sure
170271,"Chocolate, dark, 45- 59% cacao solids",added,http://purl.obolibrary.org/obo/FOODON_03303588,dark chocolate,confirm,http://purl.obolibrary.org/obo/FOODON_03303588,dark chocolate,It is dark chocolate; FoodOn has no term for the cacao share.,sure
170272,"Chocolate, dark, 60-69% cacao solids",added,http://purl.obolibrary.org/obo/FOODON_03303588,dark chocolate,confirm,http://purl.obolibrary.org/obo/FOODON_03303588,dark chocolate,It is dark chocolate; FoodOn has no term for the cacao share.,sure
170273,"Chocolate, dark, 70-85% cacao solids",added,http://purl.obolibrary.org/obo/FOODON_03303588,dark chocolate,confirm,http://purl.obolibrary.org/obo/FOODON_03303588,dark chocolate,It is dark chocolate; FoodOn has no term for the cacao share.,sure
170276,"Syrup, maple, Canadian",added,http://purl.obolibrary.org/obo/FOODON_03301848,maple syrup,confirm,http://purl.obolibrary.org/obo/FOODON_03301848,maple syrup,It names this food; FoodOn has no narrower term for this version.,sure
170286,Buckwheat,flagged,http://purl.obolibrary.org/obo/FOODON_00004234,buckwheat seed (dried),confirm,http://purl.obolibrary.org/obo/FOODON_00004234,buckwheat seed (dried),Buckwheat is sold as the dried seed.,sure
170288,"Corn grain, yellow",flagged,http://purl.obolibrary.org/obo/FOODON_03303202,yellow sweet corn kernel (raw),replace,http://purl.obolibrary.org/obo/FOODON_00003781,yellow dent corn kernel,"USDA notes this is dent or field corn, and FoodOn's sweet corn term names a different crop.",sure
170376,"Beet greens, cooked, boiled, drained, without salt",flagged,http://purl.obolibrary.org/obo/FOODON_00003633,beet leaf,confirm,http://purl.obolibrary.org/obo/FOODON_00003633,beet leaf,Beet greens are beet leaves.,sure
170381,"Broccoli raab, raw",flagged,http://purl.obolibrary.org/obo/FOODON_03000054,rapini leaf (raw),confirm,http://purl.obolibrary.org/obo/FOODON_03000054,rapini leaf (raw),Broccoli raab is rapini.,sure
170382,"Broccoli raab, cooked",flagged,http://purl.obolibrary.org/obo/FOODON_03000053,rapini leaf,confirm,http://purl.obolibrary.org/obo/FOODON_03000053,rapini leaf,Broccoli raab is rapini.,sure
170385,"Butterbur, (fuki), raw",flagged,http://purl.obolibrary.org/obo/FOODON_03317621,butterbur stem,confirm,http://purl.obolibrary.org/obo/FOODON_03317621,butterbur stem,Butterbur (fuki) is eaten as its stalks.,sure
170386,"Butterbur, cooked, boiled, drained, without salt",flagged,http://purl.obolibrary.org/obo/FOODON_03317621,butterbur stem,confirm,http://purl.obolibrary.org/obo/FOODON_03317621,butterbur stem,Butterbur (fuki) is eaten as its stalks.,sure
170387,"Butterbur, canned",flagged,http://purl.obolibrary.org/obo/FOODON_03317621,butterbur stem,confirm,http://purl.obolibrary.org/obo/FOODON_03317621,butterbur stem,Butterbur (fuki) is eaten as its stalks.,sure
170390,"Cabbage, chinese (pak-choi), raw",flagged,http://purl.obolibrary.org/obo/FOODON_00003896,bok choy rosette,confirm,http://purl.obolibrary.org/obo/FOODON_00003896,bok choy rosette,Pak-choi is bok choy; the rosette is the whole head.,sure
170391,"Cabbage, chinese (pak-choi), cooked, boiled, drained, without salt",flagged,http://purl.obolibrary.org/obo/FOODON_00003895,bok choy leaf,confirm,http://purl.obolibrary.org/obo/FOODON_00003895,bok choy leaf,Pak-choi is bok choy.,sure
170400,"Celeriac, raw",flagged,http://purl.obolibrary.org/obo/FOODON_00004131,celeriac root (raw),confirm,http://purl.obolibrary.org/obo/FOODON_00004131,celeriac root (raw),Celeriac is eaten as its root.,sure
170401,"Chard, swiss, cooked, boiled, drained, without salt",flagged,http://purl.obolibrary.org/obo/FOODON_00003631,swiss chard leaf,confirm,http://purl.obolibrary.org/obo/FOODON_00003631,swiss chard leaf,"The leaves are the part eaten, so the leaf term names this food.",sure
170405,"Chrysanthemum, garland, cooked, boiled, drained, without salt",flagged,http://purl.obolibrary.org/obo/FOODON_00005325,chrysanthemum leaf,confirm,http://purl.obolibrary.org/obo/FOODON_00005325,chrysanthemum leaf,Garland chrysanthemum is eaten as its leaves.,sure
170407,"Collards, cooked, boiled, drained, without salt",flagged,http://purl.obolibrary.org/obo/FOODON_00003500,collard leaf,confirm,http://purl.obolibrary.org/obo/FOODON_00003500,collard leaf,Collards are eaten as their leaves.,sure
170416,"Parsley, fresh",flagged,http://purl.obolibrary.org/obo/FOODON_00002942,parsley leaf,confirm,http://purl.obolibrary.org/obo/FOODON_00002942,parsley leaf,"A fresh herb is sold as its leaves, so the leaf term names this food.",sure
170418,"Peas, edible-podded, frozen, cooked, boiled, drained, without salt",flagged,http://purl.obolibrary.org/obo/FOODON_03306808,pea (frozen),replace,http://purl.obolibrary.org/obo/FOODON_03000117,edible pea pod,"Snow peas are eaten pod and all, and their siblings use 'edible pea pod'.",sure
170442,"Potatoes, au gratin, home-prepared from recipe using butter",added,http://purl.obolibrary.org/obo/FOODON_03311532,potatoes gratiné (dish),confirm,http://purl.obolibrary.org/obo/FOODON_03311532,potatoes gratiné (dish),FoodOn lists potatoes au gratin as a synonym of this dish.,sure
170447,"Potatoes, au gratin, dry mix, unprepared",added,http://purl.obolibrary.org/obo/FOODON_03311532,potatoes gratiné (dish),confirm,http://purl.obolibrary.org/obo/FOODON_03311532,potatoes gratiné (dish),"The dry mix is not the finished dish, but no FoodOn term names the mix.",unsure
170448,"Potatoes, au gratin, dry mix, prepared with water, whole milk and butter",added,http://purl.obolibrary.org/obo/FOODON_03311532,potatoes gratiné (dish),confirm,http://purl.obolibrary.org/obo/FOODON_03311532,potatoes gratiné (dish),FoodOn lists potatoes au gratin as a synonym of this dish.,sure
170449,"Potatoes, scalloped, dry mix, unprepared",added,http://purl.obolibrary.org/obo/FOODON_03311532,potatoes gratiné (dish),confirm,http://purl.obolibrary.org/obo/FOODON_03311532,potatoes gratiné (dish),"FoodOn lists scalloped potatoes as a synonym of this gratin, but many US cooks make scalloped potatoes without cheese.",unsure
170450,"Potatoes, scalloped, dry mix, prepared with water, whole milk and butter",added,http://purl.obolibrary.org/obo/FOODON_03311532,potatoes gratiné (dish),confirm,http://purl.obolibrary.org/obo/FOODON_03311532,potatoes gratiné (dish),"FoodOn lists scalloped potatoes as a synonym of this gratin, but many US cooks make scalloped potatoes without cheese.",unsure
170455,"Taro, tahitian, cooked, without salt",flagged,http://purl.obolibrary.org/obo/FOODON_03000146,tahitian taro leaf,confirm,http://purl.obolibrary.org/obo/FOODON_03000146,tahitian taro leaf,"Tahitian taro is grown for its leaves (44 kcal per 100 g), which FoodOn also calls tahitian spinach.",sure
170464,"Tree fern, cooked, without salt",flagged,http://purl.obolibrary.org/obo/FOODON_00005360,tree fern leaf,no_match,,,"The nutrients (0.3 g protein, almost no vitamin A) fit the starchy trunk core, not the fronds, and FoodOn has no other tree fern term.",unsure
170466,"Turnip greens, cooked, boiled, drained, without salt",flagged,http://purl.obolibrary.org/obo/FOODON_00003533,turnip leaf,confirm,http://purl.obolibrary.org/obo/FOODON_00003533,turnip leaf,Turnip greens are turnip leaves.,sure
170471,"Vegetables, mixed, frozen, unprepared",added,http://purl.obolibrary.org/obo/FOODON_00002683,mixed vegetables,replace,http://purl.obolibrary.org/obo/FOODON_03310847,mixed vegetables (frozen),FoodOn has a narrower term that matches the description; 'mixed vegetables' is the broader one.,sure
170472,"Vegetables, mixed, frozen, cooked, boiled, drained, without salt",added,http://purl.obolibrary.org/obo/FOODON_00002683,mixed vegetables,confirm,http://purl.obolibrary.org/obo/FOODON_00002683,mixed vegetables,"Cooked from frozen, so 'mixed vegetables' fits better than 'mixed vegetables (frozen)'.",sure
170474,"Vinespinach, (basella), raw",flagged,http://purl.obolibrary.org/obo/FOODON_03000154,malabar spinach leaf (raw),confirm,http://purl.obolibrary.org/obo/FOODON_03000154,malabar spinach leaf (raw),Vinespinach is Malabar spinach.,sure
170475,"Waxgourd, (chinese preserving melon), cooked, boiled, drained, without salt",flagged,http://purl.obolibrary.org/obo/FOODON_00005224,winter melon,no_match,,,"FoodOn's cooked wax gourd sits outside the food branches; the only edible term, 'winter melon (raw)', names it raw.",unsure
170481,"Borage, raw",flagged,http://purl.obolibrary.org/obo/FOODON_03000062,borage flower (raw),replace,http://purl.obolibrary.org/obo/FOODON_03000064,borage leaf (raw),"The nutrients (high vitamin A and iron) fit the leaves, not the flowers.",sure
170482,"Borage, cooked, boiled, drained, without salt",flagged,http://purl.obolibrary.org/obo/FOODON_03000061,borage flower,replace,http://purl.obolibrary.org/obo/FOODON_03000063,borage leaf,"Cooked borage is the leaves, and the raw borage row uses 'borage leaf (raw)'.",sure
170483,"Drumstick pods, raw",flagged,http://purl.obolibrary.org/obo/FOODON_00004369,moringa pod (raw),confirm,http://purl.obolibrary.org/obo/FOODON_00004369,moringa pod (raw),Drumstick is another name for moringa.,sure
170484,"Drumstick pods, cooked, boiled, drained, without salt",flagged,http://purl.obolibrary.org/obo/FOODON_00004575,moringa pod,confirm,http://purl.obolibrary.org/obo/FOODON_00004575,moringa pod,Drumstick is another name for moringa.,sure
170486,"Parsley, freeze-dried",flagged,http://purl.obolibrary.org/obo/FOODON_03000041,Parsley leaf (freeze-dried),confirm,http://purl.obolibrary.org/obo/FOODON_03000041,Parsley leaf (freeze-dried),"FoodOn names the freeze-dried leaf, which is this food.",sure
170496,"Seaweed, wakame, raw",flagged,http://purl.obolibrary.org/obo/FOODON_00005221,piece of wakame (raw),confirm,http://purl.obolibrary.org/obo/FOODON_00005221,piece of wakame (raw),"Seaweed is a category word, and wakame is the food.",sure
170506,"New zealand spinach, cooked, boiled, drained, with salt",flagged,http://purl.obolibrary.org/obo/FOODON_03000084,New Zealand spinach leaf,confirm,http://purl.obolibrary.org/obo/FOODON_03000084,New Zealand spinach leaf,"The leaves are the part eaten, so the leaf term names this food.",sure
170509,"Peas, edible-podded, cooked, boiled, drained, with salt",flagged,http://purl.obolibrary.org/obo/FOODON_03000117,edible pea pod,confirm,http://purl.obolibrary.org/obo/FOODON_03000117,edible pea pod,Edible-podded peas are eaten pod and all.,sure
170510,"Peas, edible-podded, frozen, cooked, boiled, drained, with salt",flagged,http://purl.obolibrary.org/obo/FOODON_03000117,edible pea pod,confirm,http://purl.obolibrary.org/obo/FOODON_03000117,edible pea pod,Edible-podded peas are eaten pod and all.,sure
170524,"Potatoes, au gratin, home-prepared from recipe using margarine",added,http://purl.obolibrary.org/obo/FOODON_03311532,potatoes gratiné (dish),confirm,http://purl.obolibrary.org/obo/FOODON_03311532,potatoes gratiné (dish),FoodOn lists potatoes au gratin as a synonym of this dish.,sure
170525,"Potatoes, scalloped, home-prepared with margarine",added,http://purl.obolibrary.org/obo/FOODON_03311532,potatoes gratiné (dish),confirm,http://purl.obolibrary.org/obo/FOODON_03311532,potatoes gratiné (dish),"FoodOn lists scalloped potatoes as a synonym of this gratin, but many US cooks make scalloped potatoes without cheese.",unsure
170529,"Salsify, cooked, boiled, drained, with salt",flagged,http://purl.obolibrary.org/obo/FOODON_00003728,salsify root,no_match,,,FoodOn's salsify root sits outside the food branches; the only edible term is the plant.,sure
170530,"Soybeans, green, cooked, boiled, drained, with salt",flagged,http://purl.obolibrary.org/obo/FOODON_00002809,edamame,confirm,http://purl.obolibrary.org/obo/FOODON_00002809,edamame,Green soybeans are edamame.,sure
170549,"Waxgourd, (chinese preserving melon), cooked, boiled, drained, with salt",flagged,http://purl.obolibrary.org/obo/FOODON_00005362,wax gourd,no_match,,,"FoodOn's cooked wax gourd sits outside the food branches; the only edible term, 'winter melon (raw)', names it raw.",unsure
170556,"Seeds, pumpkin and squash seed kernels, dried",flagged,http://purl.obolibrary.org/obo/FOODON_00005213,A frozen new jersey blueberry.,replace,http://purl.obolibrary.org/obo/FOODON_00004886,pumpkin seed,USDA's term is a frozen blueberry; 'pumpkin seed' is what the roasted kernel siblings use.,sure
170565,"Nuts, acorns, dried",flagged,http://purl.obolibrary.org/obo/FOODON_00005215,acorn (dried),no_match,,,"The only edible acorn term is 'acorn (raw)', and no edible term names dried acorns.",unsure
170569,"Nuts, brazilnuts, dried, unblanched",flagged,http://purl.obolibrary.org/obo/FOODON_00005217,"brazilnut (shell off, dried)",confirm,http://purl.obolibrary.org/obo/FOODON_00005217,"brazilnut (shell off, dried)","Dried brazil nuts are sold shelled, which is what 'shell off' says.",sure
170574,"Nuts, chestnuts, european, raw, unpeeled",flagged,http://purl.obolibrary.org/obo/FOODON_00003091,european chestnut (raw),replace,http://purl.obolibrary.org/obo/FOODON_03310978,chestnut (raw),FoodOn's European chestnut terms sit outside the food branches; a cook calls these simply chestnuts.,sure
170575,"Nuts, chestnuts, european, raw, peeled",flagged,http://purl.obolibrary.org/obo/FOODON_00003091,european chestnut (raw),replace,http://purl.obolibrary.org/obo/FOODON_03310978,chestnut (raw),FoodOn's European chestnut terms sit outside the food branches; a cook calls these simply chestnuts.,sure
170576,"Nuts, chestnuts, european, dried, unpeeled",flagged,http://purl.obolibrary.org/obo/FOODON_00005220,european chestnut (dried),replace,http://purl.obolibrary.org/obo/FOODON_03301873,chestnut (dried),FoodOn's European chestnut terms sit outside the food branches; a cook calls these simply chestnuts.,sure
170591,"Nuts, pine nuts, dried",flagged,http://purl.obolibrary.org/obo/FOODON_00005323,pine nut kernel (dried),confirm,http://purl.obolibrary.org/obo/FOODON_00005323,pine nut kernel (dried),Dried pine nuts are the shelled kernels.,sure
170592,"Nuts, pine nuts, pinyon, dried",flagged,http://purl.obolibrary.org/obo/FOODON_00005323,pine nut kernel (dried),confirm,http://purl.obolibrary.org/obo/FOODON_00005323,pine nut kernel (dried),"Pinyon nuts are pine nuts, sold as the shelled kernels.",sure
170607,"Beef, chopped, cured, smoked",flagged,http://purl.obolibrary.org/obo/FOODON_02000106,beef chuck steak (raw),no_match,,,"It is a chopped, cured and smoked luncheon beef, not a raw chuck steak, and no FoodOn term safely names it.",sure
170682,"Amaranth grain, uncooked",flagged,http://purl.obolibrary.org/obo/FOODON_03309720,amaranth seed (raw),confirm,http://purl.obolibrary.org/obo/FOODON_03309720,amaranth seed (raw),Amaranth grain is amaranth seed.,sure
170683,"Amaranth grain, cooked",flagged,http://purl.obolibrary.org/obo/FOODON_00003601,amaranth seed,confirm,http://purl.obolibrary.org/obo/FOODON_00003601,amaranth seed,Amaranth grain is amaranth seed.,sure
170806,"Beef, chuck, mock tender steak, boneless, separable lean only, trimmed to 0"" fat, all grades, cooked, braised",flagged,http://purl.obolibrary.org/obo/FOODON_02000049,beef chuck tender steak (raw),replace,http://purl.obolibrary.org/obo/FOODON_02000048,beef chuck tender steak,"The steak is cooked, and its cooked siblings use 'beef chuck tender steak'.",sure
170843,"Cheese, fontina",added,http://purl.obolibrary.org/obo/FOODON_03310415,fontina cheese,confirm,http://purl.obolibrary.org/obo/FOODON_03310415,fontina cheese,It names this cheese; FoodOn has no narrower term for this version.,sure
170845,"Cheese, mozzarella, whole milk",added,http://purl.obolibrary.org/obo/FOODON_03303578,mozzarella cheese,confirm,http://purl.obolibrary.org/obo/FOODON_03303578,mozzarella cheese,It names this cheese; FoodOn has no narrower term for this version.,sure
170846,"Cheese, mozzarella, whole milk, low moisture",added,http://purl.obolibrary.org/obo/FOODON_03303578,mozzarella cheese,replace,http://purl.obolibrary.org/obo/FOODON_03316862,mozzarella cheese (low moisture),FoodOn has a narrower term that matches the description; 'mozzarella cheese' is the broader one.,sure
170847,"Cheese, mozzarella, part skim milk",added,http://purl.obolibrary.org/obo/FOODON_03303578,mozzarella cheese,replace,http://purl.obolibrary.org/obo/FOODON_03303877,mozzarella cheese (part-skim),FoodOn has a narrower term that matches the description; 'mozzarella cheese' is the broader one.,sure
170850,"Cheese, provolone",added,http://purl.obolibrary.org/obo/FOODON_03302916,provolone cheese,confirm,http://purl.obolibrary.org/obo/FOODON_03302916,provolone cheese,It names this cheese; FoodOn has no narrower term for this version.,sure
170851,"Cheese, ricotta, whole milk",added,http://purl.obolibrary.org/obo/FOODON_03302908,ricotta cheese,confirm,http://purl.obolibrary.org/obo/FOODON_03302908,ricotta cheese,It names this cheese; FoodOn has no narrower term for this version.,sure
170853,"Cheese, pasteurized process, American, fortified with vitamin D",added,http://purl.obolibrary.org/obo/FOODON_03301740,pasteurized process cheese,replace,http://purl.obolibrary.org/obo/FOODON_03000483,pasteurized process american cheese (vitamin D fortified),FoodOn has a narrower term that matches the description; 'pasteurized process cheese' is the broader one.,sure
170854,"Cheese, pasteurized process, pimento",added,http://purl.obolibrary.org/obo/FOODON_03301740,pasteurized process cheese,replace,http://purl.obolibrary.org/obo/FOODON_03316867,pasteurized process pimento cheese,FoodOn has a narrower term that matches the description; 'pasteurized process cheese' is the broader one.,sure
170855,"Cheese, pasteurized process, swiss",added,http://purl.obolibrary.org/obo/FOODON_03301740,pasteurized process cheese,replace,http://purl.obolibrary.org/obo/FOODON_03302991,pasteurized process swiss cheese,FoodOn has a narrower term that matches the description; 'pasteurized process cheese' is the broader one.,sure
170856,"Cheese food, cold pack, American",added,http://purl.obolibrary.org/obo/FOODON_03302989,cold-pack cheese food,confirm,http://purl.obolibrary.org/obo/FOODON_03302989,cold-pack cheese food,It names this cheese; FoodOn has no narrower term for this version.,sure
170860,"Cream, whipped, cream topping, pressurized",added,http://purl.obolibrary.org/obo/FOODON_03302897,whipped cream,confirm,http://purl.obolibrary.org/obo/FOODON_03302897,whipped cream,Pressurized whipped cream topping is whipped cream.,sure
170863,"Cheese, American, nonfat or fat free",added,http://purl.obolibrary.org/obo/FOODON_03000480,american cheese,replace,http://purl.obolibrary.org/obo/FOODON_03000481,american cheese (fat free),FoodOn has a narrower term that matches the description; 'american cheese' is the broader one.,sure
170869,"Sour cream, imitation, cultured",added,http://purl.obolibrary.org/obo/FOODON_03302579,imitation sour cream,confirm,http://purl.obolibrary.org/obo/FOODON_03302579,imitation sour cream,It names this food; FoodOn has no narrower term for this version.,sure
170879,"Milk, chocolate, fluid, commercial, whole, with added vitamin A and vitamin D",added,http://purl.obolibrary.org/obo/FOODON_03301816,chocolate milk,confirm,http://purl.obolibrary.org/obo/FOODON_03301816,chocolate milk,It names this food; FoodOn has no narrower term for this version.,sure
170880,"Milk, chocolate, fluid, commercial, reduced fat, with added vitamin A and vitamin D",added,http://purl.obolibrary.org/obo/FOODON_03301816,chocolate milk,replace,http://purl.obolibrary.org/obo/FOODON_03000289,chocolate milk (reduced fat),FoodOn has a narrower term that matches the description; 'chocolate milk' is the broader one.,sure
170881,"Milk, chocolate, lowfat, with added vitamin A and vitamin D",added,http://purl.obolibrary.org/obo/FOODON_03301816,chocolate milk,replace,http://purl.obolibrary.org/obo/FOODON_03304793,chocolate milk (low fat),FoodOn has a narrower term that matches the description; 'chocolate milk' is the broader one.,sure
170893,"Egg, whole, raw, frozen, salted, pasteurized",flagged,http://purl.obolibrary.org/obo/FOODON_03301075,"chicken egg (shell off, raw)",confirm,http://purl.obolibrary.org/obo/FOODON_03301075,"chicken egg (shell off, raw)","Frozen whole egg is sold out of the shell, which is what 'shell off' says.",sure
170897,"Cheese, Swiss, nonfat or fat free",added,http://purl.obolibrary.org/obo/FOODON_03303659,swiss cheese,confirm,http://purl.obolibrary.org/obo/FOODON_03303659,swiss cheese,It names this cheese; FoodOn has no narrower term for this version.,sure
170899,"Cheese, cheddar, sharp, sliced",added,http://purl.obolibrary.org/obo/FOODON_03302458,cheddar cheese,replace,http://purl.obolibrary.org/obo/FOODON_03304590,cheddar cheese (sharp),FoodOn has a narrower term that matches the description; 'cheddar cheese' is the broader one.,sure
170900,"Cheese, mozzarella, low moisture, part-skim, shredded",added,http://purl.obolibrary.org/obo/FOODON_03303578,mozzarella cheese,replace,http://purl.obolibrary.org/obo/FOODON_03303579,"mozzarella cheese (low-moisture, part-skim)",FoodOn has a narrower term that matches the description; 'mozzarella cheese' is the broader one.,sure
170908,"Yogurt, frozen, flavors other than chocolate, lowfat",added,http://purl.obolibrary.org/obo/FOODON_03307445,frozen yogurt,confirm,http://purl.obolibrary.org/obo/FOODON_03307445,frozen yogurt,It names this food; FoodOn has no narrower term for this version.,sure
170910,"Milk, chocolate, lowfat, reduced sugar",added,http://purl.obolibrary.org/obo/FOODON_03301816,chocolate milk,replace,http://purl.obolibrary.org/obo/FOODON_03304793,chocolate milk (low fat),FoodOn has a narrower term that matches the description; 'chocolate milk' is the broader one.,sure
170922,"Spices, coriander seed",flagged,http://purl.obolibrary.org/obo/FOODON_03000032,coriander seed,replace,http://purl.obolibrary.org/obo/FOODON_03000224,coriander seed (whole or pieces),USDA's seed term sits outside the food branches; this edible term lists 'coriander seed' as a synonym.,sure
170930,"Spices, parsley, dried",flagged,http://purl.obolibrary.org/obo/FOODON_03000024,parsley leaf (dried),confirm,http://purl.obolibrary.org/obo/FOODON_03000024,parsley leaf (dried),"A dried herb is its dried leaves, so the dried leaf term names this food.",sure
170931,"Spices, pepper, black",flagged,http://purl.obolibrary.org/obo/FOODON_03317003,black pepper powder,confirm,http://purl.obolibrary.org/obo/FOODON_03317003,black pepper powder,"USDA's black pepper is the ground spice, which this term names.",sure
170936,"Spices, savory, ground",flagged,http://purl.obolibrary.org/obo/FOODON_03301212,"savory leaf (dried, ground)",confirm,http://purl.obolibrary.org/obo/FOODON_03301212,"savory leaf (dried, ground)","A dried herb is its dried leaves, so the dried leaf term names this food.",sure
170985,"Babyfood, juice, apple, with calcium",flagged,http://purl.obolibrary.org/obo/FOODON_00005496,apple juice (calcium-fortified),confirm,http://purl.obolibrary.org/obo/FOODON_00005496,apple juice (calcium-fortified),Juice with added calcium is calcium-fortified.,sure
171028,"Oil, grapeseed",flagged,http://purl.obolibrary.org/obo/FOODON_03316687,grape seed oil (edible),confirm,http://purl.obolibrary.org/obo/FOODON_03316687,grape seed oil (edible),Grapeseed oil is grape seed oil.,sure
171047,"Chicken, broilers or fryers, meat and skin and giblets and neck, raw",flagged,http://purl.obolibrary.org/obo/FOODON_02000436,"chicken carcass (with giblets and neck, raw)",replace,http://purl.obolibrary.org/obo/FOODON_03301121,"chicken (whole or pieces, raw)","It is the whole bird, and FoodOn's only whole-bird term is a carcass, so this broader term is used.",unsure
171050,"Chicken, broilers or fryers, meat and skin and giblets and neck, roasted",flagged,http://purl.obolibrary.org/obo/FOODON_02000435,chicken carcass (with giblets and neck),replace,http://purl.obolibrary.org/obo/FOODON_00004237,chicken (whole or pieces),"It is the whole bird, and FoodOn's only whole-bird term is a carcass, so this broader term is used.",unsure
171051,"Chicken, broilers or fryers, meat and skin, cooked, stewed",flagged,http://purl.obolibrary.org/obo/FOODON_02020207,piece of chicken meat (skinless),replace,http://purl.obolibrary.org/obo/FOODON_02020209,piece of chicken meat (with skin),"The food is meat and skin, and its roasted sibling uses 'piece of chicken meat (with skin)'.",sure
171057,"Chicken, broilers or fryers, giblets, raw",flagged,http://purl.obolibrary.org/obo/FOODON_02020165,"chicken carcass (with giblets, raw)",replace,http://purl.obolibrary.org/obo/FOODON_03305358,chicken giblet (raw),"Giblets are not a whole carcass, and FoodOn names raw chicken giblets.",sure
171058,"Chicken, broilers or fryers, giblets, cooked, fried",flagged,http://purl.obolibrary.org/obo/FOODON_00002706,chicken carcass (with giblets),no_match,,,"Giblets are not a whole carcass, and FoodOn has no term for cooked giblets.",sure
171074,"Chicken, broilers or fryers, back, meat only, cooked, fried",flagged,http://purl.obolibrary.org/obo/FOODON_02020273,piece of chicken back (with skin),replace,http://purl.obolibrary.org/obo/FOODON_02020271,piece of chicken back (skinless),"The back is meat only, and its stewed sibling uses 'piece of chicken back (skinless)'.",sure
171083,"Turkey, whole, giblets, raw",flagged,http://purl.obolibrary.org/obo/FOODON_02000438,"turkey carcass (with giblets, raw)",no_match,,,"Giblets are not a whole carcass, and FoodOn has no term for turkey giblets.",sure
171084,"Turkey, whole, giblets, cooked, simmered",flagged,http://purl.obolibrary.org/obo/FOODON_02000437,turkey carcass (with giblets),no_match,,,"Giblets are not a whole carcass, and FoodOn has no term for turkey giblets.",sure
171100,"Pate de foie gras, canned (goose liver pate), smoked",flagged,http://purl.obolibrary.org/obo/FOODON_03311773,foie gras,replace,http://purl.obolibrary.org/obo/FOODON_03306998,goose liver paste,"USDA also calls it goose liver pate, and this term groups it with the goose pate row that has the same nutrients.",unsure
171139,"Turkey, back, from whole bird, meat and skin, with added solution, roasted",flagged,http://purl.obolibrary.org/obo/FOODON_02020538,"piece of turkey back (with skin, raw)",replace,http://purl.obolibrary.org/obo/FOODON_02020537,piece of turkey back (with skin),"The back is roasted, and 'piece of turkey back (with skin)' names it without the raw state.",sure
171145,"Soup, chicken, canned, chunky, ready-to-serve",added,http://purl.obolibrary.org/obo/FOODON_03306286,chicken soup,confirm,http://purl.obolibrary.org/obo/FOODON_03306286,chicken soup,It names this soup; FoodOn has no narrower term for this version.,sure
171146,"Soup, cream of chicken, canned, condensed",added,http://purl.obolibrary.org/obo/FOODON_03305127,cream of chicken soup,replace,http://purl.obolibrary.org/obo/FOODON_03304199,cream of chicken soup (condensed),FoodOn has a narrower term that matches the description; 'cream of chicken soup' is the broader one.,sure
171147,"Soup, chicken gumbo, canned, condensed",added,http://purl.obolibrary.org/obo/FOODON_03304903,chicken gumbo soup,confirm,http://purl.obolibrary.org/obo/FOODON_03304903,chicken gumbo soup,It names this soup; FoodOn has no narrower term for this version.,sure
171149,"Soup, chicken vegetable, canned, condensed",added,http://purl.obolibrary.org/obo/FOODON_03310946,chicken vegetable soup,confirm,http://purl.obolibrary.org/obo/FOODON_03310946,chicken vegetable soup,It names this soup; FoodOn has no narrower term for this version.,sure
171153,"Soup, minestrone, canned, condensed",added,http://purl.obolibrary.org/obo/FOODON_03304952,minestrone soup,confirm,http://purl.obolibrary.org/obo/FOODON_03304952,minestrone soup,It names this soup; FoodOn has no narrower term for this version.,sure
171155,"Soup, cream of mushroom, canned, condensed",added,http://purl.obolibrary.org/obo/FOODON_03305128,cream of mushroom soup,confirm,http://purl.obolibrary.org/obo/FOODON_03305128,cream of mushroom soup,It names this soup; FoodOn has no narrower term for this version.,sure
171157,"Soup, pea, split with ham, canned, condensed",added,http://purl.obolibrary.org/obo/FOODON_03304927,pea soup,confirm,http://purl.obolibrary.org/obo/FOODON_03304927,pea soup,Split pea with ham is a pea soup; FoodOn has no narrower term for this version.,sure
171158,"Soup, cream of potato, canned, condensed",added,http://purl.obolibrary.org/obo/FOODON_03305133,cream of potato soup,confirm,http://purl.obolibrary.org/obo/FOODON_03305133,cream of potato soup,It names this soup; FoodOn has no narrower term for this version.,sure
171163,"Soup, vegetable beef, canned, condensed",added,http://purl.obolibrary.org/obo/FOODON_03305999,vegetable beef soup,confirm,http://purl.obolibrary.org/obo/FOODON_03305999,vegetable beef soup,It names this soup; FoodOn has no narrower term for this version.,sure
171165,"Soup, onion, dry, mix",added,http://purl.obolibrary.org/obo/FOODON_03304821,onion soup,replace,http://purl.obolibrary.org/obo/FOODON_03309457,onion soup mix,FoodOn has a narrower term that matches the description; 'onion soup' is the broader one.,sure
171167,"Sauce, teriyaki, ready-to-serve",added,http://purl.obolibrary.org/obo/FOODON_03306566,teriyaki sauce,confirm,http://purl.obolibrary.org/obo/FOODON_03306566,teriyaki sauce,It names this sauce or gravy; FoodOn has no narrower term for this version.,sure
171170,"Gravy, mushroom, canned",added,http://purl.obolibrary.org/obo/FOODON_03305312,mushroom gravy,confirm,http://purl.obolibrary.org/obo/FOODON_03305312,mushroom gravy,It names this sauce or gravy; FoodOn has no narrower term for this version.,sure
171171,"Gravy, mushroom, dry, powder",added,http://purl.obolibrary.org/obo/FOODON_03305312,mushroom gravy,confirm,http://purl.obolibrary.org/obo/FOODON_03305312,mushroom gravy,"Dry gravy powder, not ready gravy; FoodOn's only dry term, 'gravy mix (dry)', does not say mushroom.",unsure
171176,"Soup, tomato, canned, prepared with equal volume water, commercial",added,http://purl.obolibrary.org/obo/FOODON_03304909,tomato soup,confirm,http://purl.obolibrary.org/obo/FOODON_03304909,tomato soup,It names this soup; FoodOn has no narrower term for this version.,sure
171185,"Sauce, pesto, MEZZETTA, NAPA VALLEY BISTRO, basil pesto, ready-to-serve",added,http://purl.obolibrary.org/obo/FOODON_03310218,pesto sauce,confirm,http://purl.obolibrary.org/obo/FOODON_03310218,pesto sauce,It names this sauce or gravy; FoodOn has no narrower term for this version.,sure
171189,"Soup, vegetable beef, microwavable, ready-to-serve, single brand",added,http://purl.obolibrary.org/obo/FOODON_03305999,vegetable beef soup,confirm,http://purl.obolibrary.org/obo/FOODON_03305999,vegetable beef soup,It names this soup; FoodOn has no narrower term for this version.,sure
171191,"Sauce, cheese, ready-to-serve",added,http://purl.obolibrary.org/obo/FOODON_03304042,cheese sauce,confirm,http://purl.obolibrary.org/obo/FOODON_03304042,cheese sauce,It names this sauce or gravy; FoodOn has no narrower term for this version.,sure
171240,"Cheese, gjetost",added,http://purl.obolibrary.org/obo/FOODON_03000489,gjetost cheese,confirm,http://purl.obolibrary.org/obo/FOODON_03000489,gjetost cheese,It names this cheese; FoodOn has no narrower term for this version.,sure
171241,"Cheese, gouda",added,http://purl.obolibrary.org/obo/FOODON_03303514,gouda cheese,confirm,http://purl.obolibrary.org/obo/FOODON_03303514,gouda cheese,It names this cheese; FoodOn has no narrower term for this version.,sure
171242,"Cheese, gruyere",added,http://purl.obolibrary.org/obo/FOODON_03303686,gruyere cheese,confirm,http://purl.obolibrary.org/obo/FOODON_03303686,gruyere cheese,It names this cheese; FoodOn has no narrower term for this version.,sure
171243,"Cheese, limburger",added,http://purl.obolibrary.org/obo/FOODON_03303664,Limburger cheese,confirm,http://purl.obolibrary.org/obo/FOODON_03303664,Limburger cheese,It names this cheese; FoodOn has no narrower term for this version.,sure
171244,"Cheese, mozzarella, low moisture, part-skim",added,http://purl.obolibrary.org/obo/FOODON_03303578,mozzarella cheese,replace,http://purl.obolibrary.org/obo/FOODON_03303579,"mozzarella cheese (low-moisture, part-skim)",FoodOn has a narrower term that matches the description; 'mozzarella cheese' is the broader one.,sure
171245,"Cheese, muenster",added,http://purl.obolibrary.org/obo/FOODON_03303682,muenster cheese,confirm,http://purl.obolibrary.org/obo/FOODON_03303682,muenster cheese,It names this cheese; FoodOn has no narrower term for this version.,sure
171248,"Cheese, ricotta, part skim milk",added,http://purl.obolibrary.org/obo/FOODON_03302908,ricotta cheese,replace,http://purl.obolibrary.org/obo/FOODON_03000486,ricotta cheese (part-skim),FoodOn has a narrower term that matches the description; 'ricotta cheese' is the broader one.,sure
171249,"Cheese, romano",added,http://purl.obolibrary.org/obo/FOODON_03000473,romano cheese,confirm,http://purl.obolibrary.org/obo/FOODON_03000473,romano cheese,It names this cheese; FoodOn has no narrower term for this version.,sure
171250,"Cheese, roquefort",added,http://purl.obolibrary.org/obo/FOODON_00002424,roquefort cheese,confirm,http://purl.obolibrary.org/obo/FOODON_00002424,roquefort cheese,It names this cheese; FoodOn has no narrower term for this version.,sure
171251,"Cheese, swiss",added,http://purl.obolibrary.org/obo/FOODON_03303659,swiss cheese,confirm,http://purl.obolibrary.org/obo/FOODON_03303659,swiss cheese,It names this cheese; FoodOn has no narrower term for this version.,sure
171252,"Cheese food, pasteurized process, American, vitamin D fortified",added,http://purl.obolibrary.org/obo/FOODON_03303517,pasteurized process cheese food,replace,http://purl.obolibrary.org/obo/FOODON_03000490,pasteurized process american cheese food (vitamin D fortified),FoodOn has a narrower term that matches the description; 'pasteurized process cheese food' is the broader one.,sure
171253,"Cheese food, pasteurized process, swiss",added,http://purl.obolibrary.org/obo/FOODON_03303517,pasteurized process cheese food,confirm,http://purl.obolibrary.org/obo/FOODON_03303517,pasteurized process cheese food,"It is a swiss process cheese FOOD; FoodOn's swiss term is process cheese, a different product.",sure
171254,"Cheese spread, pasteurized process, American",added,http://purl.obolibrary.org/obo/FOODON_03303047,pasteurized process cheese spread,replace,http://purl.obolibrary.org/obo/FOODON_03000485,pasteurized process american cheese spread,FoodOn has a narrower term that matches the description; 'pasteurized process cheese spread' is the broader one.,sure
171256,"Cream, sour, reduced fat, cultured",added,http://purl.obolibrary.org/obo/FOODON_03302515,sour cream,replace,http://purl.obolibrary.org/obo/FOODON_03000477,light sour cream,FoodOn lists 'sour cream (reduced fat)' as a synonym of 'light sour cream'; 'sour cream' is the broader one.,sure
171257,"Cream, sour, cultured",added,http://purl.obolibrary.org/obo/FOODON_03302515,sour cream,confirm,http://purl.obolibrary.org/obo/FOODON_03302515,sour cream,It names this food; FoodOn has no narrower term for this version.,sure
171258,Eggnog,added,http://purl.obolibrary.org/obo/FOODON_03301802,eggnog,confirm,http://purl.obolibrary.org/obo/FOODON_03301802,eggnog,It names this food; FoodOn has no narrower term for this version.,sure
171287,"Egg, whole, raw, fresh",flagged,http://purl.obolibrary.org/obo/FOODON_00003595,chicken egg (shell on),replace,http://purl.obolibrary.org/obo/FOODON_02020152,chicken egg (raw),"A fresh raw egg is 'chicken egg (raw)', as the duck, goose and quail egg rows use.",sure
171290,"Cheese, pasteurized process, American, without added vitamin D",added,http://purl.obolibrary.org/obo/FOODON_03301740,pasteurized process cheese,replace,http://purl.obolibrary.org/obo/FOODON_03000482,pasteurized process american cheese,FoodOn has a narrower term that matches the description; 'pasteurized process cheese' is the broader one.,sure
171291,"Cheese food, pasteurized process, American, without added vitamin D",added,http://purl.obolibrary.org/obo/FOODON_03303517,pasteurized process cheese food,replace,http://purl.obolibrary.org/obo/FOODON_03000484,pasteurized process american cheese food,FoodOn has a narrower term that matches the description; 'pasteurized process cheese food' is the broader one.,sure
171292,"Cheese, cheddar, reduced fat (Includes foods for USDA's Food Distribution Program)",added,http://purl.obolibrary.org/obo/FOODON_03302458,cheddar cheese,replace,http://purl.obolibrary.org/obo/FOODON_03311360,cheddar cheese (reduced fat),FoodOn has a narrower term that matches the description; 'cheddar cheese' is the broader one.,sure
171295,"Cheese, cheddar, nonfat or fat free",added,http://purl.obolibrary.org/obo/FOODON_03302458,cheddar cheese,confirm,http://purl.obolibrary.org/obo/FOODON_03302458,cheddar cheese,It names this cheese; FoodOn has no narrower term for this version.,sure
171303,"Milk, chocolate, fat free, with added vitamin A and vitamin D",added,http://purl.obolibrary.org/obo/FOODON_03301816,chocolate milk,confirm,http://purl.obolibrary.org/obo/FOODON_03301816,chocolate milk,It names this food; FoodOn has no narrower term for this version.,sure
171317,"Spices, basil, dried",flagged,http://purl.obolibrary.org/obo/FOODON_03000016,basil leaf (dried),confirm,http://purl.obolibrary.org/obo/FOODON_03000016,basil leaf (dried),"A dried herb is its dried leaves, so the dried leaf term names this food.",sure
171318,"Spices, chervil, dried",flagged,http://purl.obolibrary.org/obo/FOODON_03000178,chervil leaf (dried),confirm,http://purl.obolibrary.org/obo/FOODON_03000178,chervil leaf (dried),"A dried herb is its dried leaves, so the dried leaf term names this food.",sure
171322,"Spices, dill weed, dried",flagged,http://purl.obolibrary.org/obo/FOODON_00004076,dill leaf (dried),confirm,http://purl.obolibrary.org/obo/FOODON_00004076,dill leaf (dried),"A dried herb is its dried leaves, so the dried leaf term names this food.",sure
171328,"Spices, oregano, dried",flagged,http://purl.obolibrary.org/obo/FOODON_03000027,oregano leaf (dried),confirm,http://purl.obolibrary.org/obo/FOODON_03000027,oregano leaf (dried),"A dried herb is its dried leaves, so the dried leaf term names this food.",sure
171330,"Spices, poppy seed",flagged,http://purl.obolibrary.org/obo/FOODON_03000025,poppy seed,no_match,,,"The only edible term is 'opium poppy seed food product', a name a cook would not use for the spice.",unsure
171333,"Spices, rosemary, dried",flagged,http://purl.obolibrary.org/obo/FOODON_03301209,rosemary leaf (dried),confirm,http://purl.obolibrary.org/obo/FOODON_03301209,rosemary leaf (dried),"A dried herb is its dried leaves, so the dried leaf term names this food.",sure
171372,Zwieback,added,http://purl.obolibrary.org/obo/FOODON_03302549,zwieback,confirm,http://purl.obolibrary.org/obo/FOODON_03302549,zwieback,It names this bread; FoodOn has no narrower term for this version.,sure
171422,"Vegetable oil, palm kernel",flagged,http://purl.obolibrary.org/obo/FOODON_03310486,palm kernel oil,confirm,http://purl.obolibrary.org/obo/FOODON_03310486,palm kernel oil,"Vegetable oil is a category word, and palm kernel oil is the food.",sure
171424,"Oil, tomatoseed",flagged,http://purl.obolibrary.org/obo/FOODON_00003217,tomato seed oil,confirm,http://purl.obolibrary.org/obo/FOODON_00003217,tomato seed oil,Tomatoseed oil is tomato seed oil.,sure
171425,"Oil, teaseed",flagged,http://purl.obolibrary.org/obo/FOODON_00002884,tea seed oil,confirm,http://purl.obolibrary.org/obo/FOODON_00002884,tea seed oil,Teaseed oil is tea seed oil.,sure
171446,"Chicken, broilers or fryers, meat and skin and giblets and neck, stewed",flagged,http://purl.obolibrary.org/obo/FOODON_02000435,chicken carcass (with giblets and neck),replace,http://purl.obolibrary.org/obo/FOODON_00004237,chicken (whole or pieces),"It is the whole bird, and FoodOn's only whole-bird term is a carcass, so this broader term is used.",unsure
171455,"Chicken, broilers or fryers, giblets, cooked, simmered",flagged,http://purl.obolibrary.org/obo/FOODON_02000435,chicken carcass (with giblets and neck),no_match,,,"Giblets are not a whole carcass, and FoodOn has no term for cooked giblets.",sure
171472,"Chicken, broilers or fryers, back, meat only, cooked, roasted",flagged,http://purl.obolibrary.org/obo/FOODON_02020273,piece of chicken back (with skin),replace,http://purl.obolibrary.org/obo/FOODON_02020271,piece of chicken back (skinless),"The back is meat only, and its stewed sibling uses 'piece of chicken back (skinless)'.",sure
171505,"Turkey, Ground, raw",flagged,http://purl.obolibrary.org/obo/FOODON_03311109,"obsolete: turkey meat (ground, raw)",replace,http://purl.obolibrary.org/obo/FOODON_02020578,"turkey meat (ground, raw)",USDA's term is obsolete; FoodOn names this one as its replacement.,sure
171537,"Soup, cream of asparagus, canned, condensed",added,http://purl.obolibrary.org/obo/FOODON_03305126,cream of asparagus soup,confirm,http://purl.obolibrary.org/obo/FOODON_03305126,cream of asparagus soup,It names this soup; FoodOn has no narrower term for this version.,sure
171539,"Soup, beef noodle, canned, condensed",added,http://purl.obolibrary.org/obo/FOODON_03304924,beef noodle soup,confirm,http://purl.obolibrary.org/obo/FOODON_03304924,beef noodle soup,It names this soup; FoodOn has no narrower term for this version.,sure
171540,"Soup, cream of celery, canned, condensed",added,http://purl.obolibrary.org/obo/FOODON_03310560,cream of celery soup,replace,http://purl.obolibrary.org/obo/FOODON_03311117,"cream of celery soup (condensed, canned)",FoodOn has a narrower term that matches the description; 'cream of celery soup' is the broader one.,sure
171541,"Soup, cheese, canned, condensed",added,http://purl.obolibrary.org/obo/FOODON_00003018,cheese soup,confirm,http://purl.obolibrary.org/obo/FOODON_00003018,cheese soup,It names this soup; FoodOn has no narrower term for this version.,sure
171543,"Soup, chicken noodle, canned, condensed",added,http://purl.obolibrary.org/obo/FOODON_03302730,chicken noodle soup,replace,http://purl.obolibrary.org/obo/FOODON_03304209,chicken noodle soup (condensed),FoodOn has a narrower term that matches the description; 'chicken noodle soup' is the broader one.,sure
171550,"Soup, minestrone, canned, chunky, ready-to-serve",added,http://purl.obolibrary.org/obo/FOODON_03304952,minestrone soup,confirm,http://purl.obolibrary.org/obo/FOODON_03304952,minestrone soup,It names this soup; FoodOn has no narrower term for this version.,sure
171551,"Soup, onion, canned, condensed",added,http://purl.obolibrary.org/obo/FOODON_03304821,onion soup,confirm,http://purl.obolibrary.org/obo/FOODON_03304821,onion soup,It names this soup; FoodOn has no narrower term for this version.,sure
171554,"Soup, pea, green, canned, condensed",added,http://purl.obolibrary.org/obo/FOODON_03304927,pea soup,confirm,http://purl.obolibrary.org/obo/FOODON_03304927,pea soup,It names this soup; FoodOn has no narrower term for this version.,sure
171555,"Soup, pea, split with ham, canned, chunky, ready-to-serve",added,http://purl.obolibrary.org/obo/FOODON_03304927,pea soup,confirm,http://purl.obolibrary.org/obo/FOODON_03304927,pea soup,Split pea with ham is a pea soup; FoodOn has no narrower term for this version.,sure
171564,"Gravy, beef, canned, ready-to-serve",added,http://purl.obolibrary.org/obo/FOODON_03310598,beef gravy,confirm,http://purl.obolibrary.org/obo/FOODON_03310598,beef gravy,It names this sauce or gravy; FoodOn has no narrower term for this version.,sure
171565,"Gravy, brown, dry",added,http://purl.obolibrary.org/obo/FOODON_03305313,brown gravy,replace,http://purl.obolibrary.org/obo/FOODON_03305336,brown gravy mix,FoodOn has a narrower term that matches the description; 'brown gravy' is the broader one.,sure
171566,"Gravy, chicken, canned or bottled, ready-to-serve",added,http://purl.obolibrary.org/obo/FOODON_03303038,chicken gravy,confirm,http://purl.obolibrary.org/obo/FOODON_03303038,chicken gravy,It names this sauce or gravy; FoodOn has no narrower term for this version.,sure
171567,"Gravy, chicken, dry",added,http://purl.obolibrary.org/obo/FOODON_03303038,chicken gravy,replace,http://purl.obolibrary.org/obo/FOODON_03305360,chicken gravy mix,FoodOn has a narrower term that matches the description; 'chicken gravy' is the broader one.,sure
171571,"Soup, chicken noodle, dry, mix",added,http://purl.obolibrary.org/obo/FOODON_03302730,chicken noodle soup,replace,http://purl.obolibrary.org/obo/FOODON_03304938,chicken noodle soup mix,FoodOn has a narrower term that matches the description; 'chicken noodle soup' is the broader one.,sure
171575,"Sauce, peanut, made from coconut, water, sugar, peanuts",added,http://purl.obolibrary.org/obo/FOODON_03311869,peanut sauce,confirm,http://purl.obolibrary.org/obo/FOODON_03311869,peanut sauce,It names this sauce or gravy; FoodOn has no narrower term for this version.,sure
171579,"Sauce, pesto, ready-to-serve, refrigerated",added,http://purl.obolibrary.org/obo/FOODON_03310218,pesto sauce,confirm,http://purl.obolibrary.org/obo/FOODON_03310218,pesto sauce,It names this sauce or gravy; FoodOn has no narrower term for this version.,sure
171580,"Sauce, pesto, ready-to-serve, shelf stable",added,http://purl.obolibrary.org/obo/FOODON_03310218,pesto sauce,confirm,http://purl.obolibrary.org/obo/FOODON_03310218,pesto sauce,It names this sauce or gravy; FoodOn has no narrower term for this version.,sure
171581,"Sauce, pesto, BUITONI, pesto with basil, ready-to-serve, refrigerated",added,http://purl.obolibrary.org/obo/FOODON_03310218,pesto sauce,confirm,http://purl.obolibrary.org/obo/FOODON_03310218,pesto sauce,It names this sauce or gravy; FoodOn has no narrower term for this version.,sure
171582,"Sauce, pesto, CLASSICO, basil pesto, ready-to-serve",added,http://purl.obolibrary.org/obo/FOODON_03310218,pesto sauce,confirm,http://purl.obolibrary.org/obo/FOODON_03310218,pesto sauce,It names this sauce or gravy; FoodOn has no narrower term for this version.,sure
171587,"Soup, tomato, canned, condensed, reduced sodium",added,http://purl.obolibrary.org/obo/FOODON_03304909,tomato soup,confirm,http://purl.obolibrary.org/obo/FOODON_03304909,tomato soup,It names this soup; FoodOn has no narrower term for this version.,sure
171591,"Soup, tomato, low sodium, with water",added,http://purl.obolibrary.org/obo/FOODON_03304909,tomato soup,confirm,http://purl.obolibrary.org/obo/FOODON_03304909,tomato soup,It names this soup; FoodOn has no narrower term for this version.,sure
171592,"Soup, pea, low sodium, prepared with equal volume water",added,http://purl.obolibrary.org/obo/FOODON_03304927,pea soup,confirm,http://purl.obolibrary.org/obo/FOODON_03304927,pea soup,It names this soup; FoodOn has no narrower term for this version.,sure
171593,"Soup, chicken noodle, low sodium, canned, prepared with equal volume water",added,http://purl.obolibrary.org/obo/FOODON_03302730,chicken noodle soup,confirm,http://purl.obolibrary.org/obo/FOODON_03302730,chicken noodle soup,It names this soup; FoodOn has no narrower term for this version.,sure
171602,"Soup, cream of chicken, canned, condensed, reduced sodium",added,http://purl.obolibrary.org/obo/FOODON_03305127,cream of chicken soup,replace,http://purl.obolibrary.org/obo/FOODON_03304199,cream of chicken soup (condensed),FoodOn has a narrower term that matches the description; 'cream of chicken soup' is the broader one.,sure
171605,"Sauce, chili, peppers, hot, immature green, canned",added,http://purl.obolibrary.org/obo/FOODON_03304583,chili sauce,no_match,,,FoodOn's 'chili sauce' is the tomato condiment; this is a canned hot green chili sauce.,unsure
171606,Fish broth,added,http://purl.obolibrary.org/obo/FOODON_03311638,fish broth,confirm,http://purl.obolibrary.org/obo/FOODON_03311638,fish broth,It names this soup; FoodOn has no narrower term for this version.,sure
171607,"Soup, cream of mushroom, low sodium, ready-to-serve, canned",added,http://purl.obolibrary.org/obo/FOODON_03305128,cream of mushroom soup,confirm,http://purl.obolibrary.org/obo/FOODON_03305128,cream of mushroom soup,It names this soup; FoodOn has no narrower term for this version.,sure
171610,"Sauce, worcestershire",added,http://purl.obolibrary.org/obo/FOODON_03305003,worcestershire sauce,confirm,http://purl.obolibrary.org/obo/FOODON_03305003,worcestershire sauce,It names this sauce or gravy; FoodOn has no narrower term for this version.,sure
171621,"Braunschweiger (a liver sausage), pork",flagged,http://purl.obolibrary.org/obo/FOODON_03317299,braunschweiger,confirm,http://purl.obolibrary.org/obo/FOODON_03317299,braunschweiger,Braunschweiger is a pork liver sausage.,sure
171622,"Bratwurst, pork, beef, link",added,http://purl.obolibrary.org/obo/FOODON_00005526,pork bratwurst,replace,http://purl.obolibrary.org/obo/FOODON_00002911,bratwurst,The current term names only the first of several meats; this term names the product without picking one.,sure
171657,"Cereals, CREAM OF WHEAT, regular (10 minute), cooked with water, without salt",flagged,http://purl.obolibrary.org/obo/FOODON_03302621,farina,replace,http://purl.obolibrary.org/obo/FOODON_00005563,cream of wheat,"Its with-salt twin and the other cooked Cream of Wheat rows use 'cream of wheat', not dry 'farina'.",sure
171715,"Carambola, (starfruit), raw",flagged,http://purl.obolibrary.org/obo/FOODON_00004646,star fruit (raw),confirm,http://purl.obolibrary.org/obo/FOODON_00004646,star fruit (raw),Carambola is star fruit.,sure
171826,"Sauce, tartar, ready-to-serve",added,http://purl.obolibrary.org/obo/FOODON_03304017,tartar sauce,confirm,http://purl.obolibrary.org/obo/FOODON_03304017,tartar sauce,It names this sauce or gravy; FoodOn has no narrower term for this version.,sure
171831,Wasabi,flagged,http://purl.obolibrary.org/obo/FOODON_03000086,wasabi root,no_match,,,"This is prepared wasabi paste (292 kcal per 100 g), not the root, and no FoodOn term names the paste.",unsure
171850,"Bread, wheat, sprouted",added,http://purl.obolibrary.org/obo/FOODON_03302200,wheat bread,confirm,http://purl.obolibrary.org/obo/FOODON_03302200,wheat bread,It is wheat bread; FoodOn has no term for sprouted-grain bread.,sure
171851,"Bread, wheat, sprouted, toasted",added,http://purl.obolibrary.org/obo/FOODON_03302200,wheat bread,confirm,http://purl.obolibrary.org/obo/FOODON_03302200,wheat bread,It is wheat bread; FoodOn has no term for sprouted-grain bread.,sure
171959,"Fish, mahimahi, raw",flagged,http://purl.obolibrary.org/obo/FOODON_03308697,mahi mahi (raw),confirm,http://purl.obolibrary.org/obo/FOODON_03308697,mahi mahi (raw),Mahimahi is mahi mahi.,sure
171962,"Fish, grouper, mixed species, raw",added,http://purl.obolibrary.org/obo/FOODON_03411496,grouper,replace,http://purl.obolibrary.org/obo/FOODON_03308027,grouper (raw),FoodOn has a narrower term that matches the description; 'grouper' is the broader one.,sure
171963,"Fish, grouper, mixed species, cooked, dry heat",added,http://purl.obolibrary.org/obo/FOODON_03411496,grouper,confirm,http://purl.obolibrary.org/obo/FOODON_03411496,grouper,It names this food; FoodOn has no narrower term for this version.,sure
171990,"Fish, cod, Pacific, cooked, dry heat (may contain additives to retain moisture)",added,http://purl.obolibrary.org/obo/FOODON_03411841,pacific cod,confirm,http://purl.obolibrary.org/obo/FOODON_03411841,pacific cod,It names this food; FoodOn has no narrower term for this version.,sure
172026,"Pasta, gluten-free, brown rice flour, cooked, TINKYADA",added,http://purl.obolibrary.org/obo/FOODON_00005437,gluten-free pasta,confirm,http://purl.obolibrary.org/obo/FOODON_00005437,gluten-free pasta,It is gluten-free pasta; FoodOn has no term for this flour blend.,sure
172027,"Pasta, gluten-free, corn flour and quinoa flour, cooked, ANCIENT HARVEST",added,http://purl.obolibrary.org/obo/FOODON_00005437,gluten-free pasta,confirm,http://purl.obolibrary.org/obo/FOODON_00005437,gluten-free pasta,It is gluten-free pasta; FoodOn has no term for this flour blend.,sure
172176,"Cheese, brick",added,http://purl.obolibrary.org/obo/FOODON_03310297,brick cheese,confirm,http://purl.obolibrary.org/obo/FOODON_03310297,brick cheese,It names this cheese; FoodOn has no narrower term for this version.,sure
172177,"Cheese, brie",added,http://purl.obolibrary.org/obo/FOODON_03303508,brie cheese,confirm,http://purl.obolibrary.org/obo/FOODON_03303508,brie cheese,It names this cheese; FoodOn has no narrower term for this version.,sure
172178,"Cheese, camembert",added,http://purl.obolibrary.org/obo/FOODON_03302995,camembert cheese,confirm,http://purl.obolibrary.org/obo/FOODON_03302995,camembert cheese,It names this cheese; FoodOn has no narrower term for this version.,sure
172179,"Cheese, cottage, creamed, large or small curd",added,http://purl.obolibrary.org/obo/FOODON_03301605,cottage cheese,replace,http://purl.obolibrary.org/obo/FOODON_03302973,cottage cheese (creamed),FoodOn has a narrower term that matches the description; 'cottage cheese' is the broader one.,sure
172180,"Cheese, cottage, creamed, with fruit",added,http://purl.obolibrary.org/obo/FOODON_03301605,cottage cheese,replace,http://purl.obolibrary.org/obo/FOODON_03302973,cottage cheese (creamed),FoodOn has a narrower term that matches the description; 'cottage cheese' is the broader one.,sure
172181,"Cheese, cottage, nonfat, uncreamed, dry, large or small curd",added,http://purl.obolibrary.org/obo/FOODON_03301605,cottage cheese,replace,http://purl.obolibrary.org/obo/FOODON_03301783,cottage cheese (dry),FoodOn has a narrower term for dry-curd cottage cheese; 'cottage cheese (uncreamed)' would also fit.,sure
172182,"Cheese, cottage, lowfat, 2% milkfat",added,http://purl.obolibrary.org/obo/FOODON_03301605,cottage cheese,replace,http://purl.obolibrary.org/obo/FOODON_03303720,cottage cheese (lowfat),FoodOn has a narrower term that matches the description; 'cottage cheese' is the broader one.,sure
172188,"Egg, whole, dried",flagged,http://purl.obolibrary.org/obo/FOODON_03311041,"chicken egg (shell off, solids, dried)",confirm,http://purl.obolibrary.org/obo/FOODON_03311041,"chicken egg (shell off, solids, dried)","Dried whole egg is egg solids out of the shell, which this term names.",sure
172202,"Egg, whole, raw, frozen, pasteurized (Includes foods for USDA's Food Distribution Program)",flagged,http://purl.obolibrary.org/obo/FOODON_03301075,"chicken egg (shell off, raw)",confirm,http://purl.obolibrary.org/obo/FOODON_03301075,"chicken egg (shell off, raw)","Frozen whole egg is sold out of the shell, which is what 'shell off' says.",sure
172207,"Cheese, cream, fat free",added,http://purl.obolibrary.org/obo/FOODON_03301889,cream cheese,confirm,http://purl.obolibrary.org/obo/FOODON_03301889,cream cheese,It names this cheese; FoodOn has no narrower term for this version.,sure
172215,"Cheese, provolone, reduced fat",added,http://purl.obolibrary.org/obo/FOODON_03302916,provolone cheese,confirm,http://purl.obolibrary.org/obo/FOODON_03302916,provolone cheese,It names this cheese; FoodOn has no narrower term for this version.,sure
172223,"Cheese, fresh, queso fresco",added,http://purl.obolibrary.org/obo/FOODON_03000649,fresh cheese,replace,http://purl.obolibrary.org/obo/FOODON_00004528,queso fresco,FoodOn has an exact 'queso fresco' term; 'fresh cheese' is the broad class.,sure
172226,Ice cream sandwich,added,http://purl.obolibrary.org/obo/FOODON_03305472,ice cream sandwich,confirm,http://purl.obolibrary.org/obo/FOODON_03305472,ice cream sandwich,It names this food; FoodOn has no narrower term for this version.,sure
172232,"Basil, fresh",flagged,http://purl.obolibrary.org/obo/FOODON_00003629,basil leaf,confirm,http://purl.obolibrary.org/obo/FOODON_00003629,basil leaf,"A fresh herb is sold as its leaves, so the leaf term names this food.",sure
172238,"Capers, canned",flagged,http://purl.obolibrary.org/obo/FOODON_03307142,olives (canned),replace,http://purl.obolibrary.org/obo/FOODON_03303373,caper (canned),USDA's term is canned olives.,sure
172239,"Spearmint, dried",flagged,http://purl.obolibrary.org/obo/FOODON_00005236,spearmint leaf (dried),confirm,http://purl.obolibrary.org/obo/FOODON_00005236,spearmint leaf (dried),"A dried herb is its dried leaves, so the dried leaf term names this food.",sure
172276,"Babyfood, vegetables, sweet potatoes strained",flagged,http://purl.obolibrary.org/obo/FOODON_00005493,sweet potato puree,confirm,http://purl.obolibrary.org/obo/FOODON_00005493,sweet potato puree,"Strained baby sweet potatoes are a sweet potato puree, as the junior row uses.",sure
172331,"Shortening frying (heavy duty), palm (hydrogenated)",flagged,http://purl.obolibrary.org/obo/FOODON_03310232,palm oil,replace,http://purl.obolibrary.org/obo/FOODON_03304167,shortening (hydrogenated),"It is a hydrogenated palm shortening, and 'palm oil' names the plain oil.",sure
172333,"Shortening frying (heavy duty), soybean (hydrogenated), linoleic (less than 1%)",flagged,http://purl.obolibrary.org/obo/FOODON_03306665,soybean oil (hydrogenated),confirm,http://purl.obolibrary.org/obo/FOODON_03306665,soybean oil (hydrogenated),"It is hydrogenated soybean oil sold as a shortening, which this term names.",sure
172334,"Shortening, confectionery, fractionated palm",flagged,http://purl.obolibrary.org/obo/FOODON_03310232,palm oil,replace,http://purl.obolibrary.org/obo/FOODON_03316585,confectioner's shortening,"FoodOn has a confectioner's shortening term, which names this product better than plain palm oil.",sure
172394,"Chicken, roasting, meat and skin and giblets and neck, raw",flagged,http://purl.obolibrary.org/obo/FOODON_02000436,"chicken carcass (with giblets and neck, raw)",replace,http://purl.obolibrary.org/obo/FOODON_03301121,"chicken (whole or pieces, raw)","It is the whole bird, and FoodOn's only whole-bird term is a carcass, so this broader term is used.",unsure
172396,"Chicken, roasting, giblets, raw",flagged,http://purl.obolibrary.org/obo/FOODON_02020165,"chicken carcass (with giblets, raw)",replace,http://purl.obolibrary.org/obo/FOODON_03305358,chicken giblet (raw),"Giblets are not a whole carcass, and FoodOn names raw chicken giblets.",sure
172397,"Chicken, roasting, giblets, cooked, simmered",flagged,http://purl.obolibrary.org/obo/FOODON_00002706,chicken carcass (with giblets),no_match,,,"Giblets are not a whole carcass, and FoodOn has no term for cooked giblets.",sure
172399,"Chicken, stewing, meat and skin, and giblets and neck, cooked, stewed",flagged,http://purl.obolibrary.org/obo/FOODON_02000435,chicken carcass (with giblets and neck),replace,http://purl.obolibrary.org/obo/FOODON_00004237,chicken (whole or pieces),"It is the whole bird, and FoodOn's only whole-bird term is a carcass, so this broader term is used.",unsure
172406,"Chicken, capons, meat and skin and giblets and neck, raw",flagged,http://purl.obolibrary.org/obo/FOODON_02000436,"chicken carcass (with giblets and neck, raw)",replace,http://purl.obolibrary.org/obo/FOODON_03301121,"chicken (whole or pieces, raw)","It is the whole bird, and FoodOn's only whole-bird term is a carcass, so this broader term is used.",unsure
172407,"Chicken, capons, meat and skin and giblets and neck, cooked, roasted",flagged,http://purl.obolibrary.org/obo/FOODON_02000435,chicken carcass (with giblets and neck),replace,http://purl.obolibrary.org/obo/FOODON_00004237,chicken (whole or pieces),"It is the whole bird, and FoodOn's only whole-bird term is a carcass, so this broader term is used.",unsure
172416,"Guinea hen, meat and skin, raw",flagged,http://purl.obolibrary.org/obo/FOODON_02020654,"piece of guinea fowl meat (with skin, raw)",confirm,http://purl.obolibrary.org/obo/FOODON_02020654,"piece of guinea fowl meat (with skin, raw)",Guinea hen is guinea fowl.,sure
172424,"Lupins, mature seeds, cooked, boiled, without salt",flagged,http://purl.obolibrary.org/obo/FOODON_00003737,lupine bean,confirm,http://purl.obolibrary.org/obo/FOODON_00003737,lupine bean,Lupins are lupine beans.,sure
172425,"Mothbeans, mature seeds, raw",flagged,http://purl.obolibrary.org/obo/FOODON_03000206,"chickpea (raw, mature)",replace,http://purl.obolibrary.org/obo/FOODON_03000196,"moth bean (raw, mature)","USDA's term is chickpea, and FoodOn has a raw mature moth bean term.",sure
172428,"Peas, green, split, mature seeds, raw",flagged,http://purl.obolibrary.org/obo/FOODON_03000215,"split pea (dried, mature)",confirm,http://purl.obolibrary.org/obo/FOODON_03000215,"split pea (dried, mature)","Raw split peas are the dried peas, so the dried term is right.",sure
172436,"Pigeon peas (red gram), mature seeds, raw",flagged,http://purl.obolibrary.org/obo/FOODON_00001196,pigeon pea (dried),confirm,http://purl.obolibrary.org/obo/FOODON_00001196,pigeon pea (dried),"Red gram is pigeon pea, and raw mature pigeon peas are the dried peas.",sure
172437,"Pigeon peas (red gram), mature seeds, cooked, boiled, without salt",flagged,http://purl.obolibrary.org/obo/FOODON_00005275,pigeon pea (mature),confirm,http://purl.obolibrary.org/obo/FOODON_00005275,pigeon pea (mature),Red gram is another name for pigeon pea.,sure
172442,Miso,added,http://purl.obolibrary.org/obo/FOODON_00003208,miso,confirm,http://purl.obolibrary.org/obo/FOODON_00003208,miso,It names this food; FoodOn has no narrower term for this version.,sure
172443,Natto,flagged,http://purl.obolibrary.org/obo/FOODON_00002870,nattō,confirm,http://purl.obolibrary.org/obo/FOODON_00002870,nattō,Natto is nattō.,sure
172445,"Soy meal, defatted, raw",flagged,http://purl.obolibrary.org/obo/FOODON_03000280,soybean meal (defatted),confirm,http://purl.obolibrary.org/obo/FOODON_03000280,soybean meal (defatted),Soy meal is soybean meal.,sure
172452,Okara,added,http://purl.obolibrary.org/obo/FOODON_00002873,okara,confirm,http://purl.obolibrary.org/obo/FOODON_00002873,okara,It names this food; FoodOn has no narrower term for this version.,sure
172468,"Vitasoy USA, Nasoya Lite Firm Tofu",flagged,http://purl.obolibrary.org/obo/FOODON_00005540,firm tofu,confirm,http://purl.obolibrary.org/obo/FOODON_00005540,firm tofu,"Nasoya Lite Firm is a reduced-fat firm tofu, and FoodOn has no reduced-fat tofu term.",sure
172472,"Pigeon peas (red gram), mature seeds, cooked, boiled, with salt",flagged,http://purl.obolibrary.org/obo/FOODON_00005275,pigeon pea (mature),confirm,http://purl.obolibrary.org/obo/FOODON_00005275,pigeon pea (mature),Red gram is another name for pigeon pea.,sure
172523,"Game meat, squirrel, raw",flagged,http://purl.obolibrary.org/obo/FOODON_02021265,piece of sheep (with skin),replace,http://purl.obolibrary.org/obo/FOODON_02021625,piece of squirrel meat (raw),USDA's term is sheep; the cooked squirrel row uses 'piece of squirrel meat'.,sure
172545,"Lamb, composite of trimmed retail cuts, separable lean and fat, trimmed to 1/8"" fat, choice, raw",flagged,http://purl.obolibrary.org/obo/FOODON_02000240,lamb shoulder (raw),replace,http://purl.obolibrary.org/obo/FOODON_02021242,lamb retail cut (raw),"A composite of retail cuts is not the shoulder, and most raw lamb composites use 'lamb retail cut (raw)'.",sure
172672,"Bread, cracked-wheat",added,http://purl.obolibrary.org/obo/FOODON_03302355,cracked wheat bread,confirm,http://purl.obolibrary.org/obo/FOODON_03302355,cracked wheat bread,It names this bread; FoodOn has no narrower term for this version.,sure
172678,"Bread, oatmeal",added,http://purl.obolibrary.org/obo/FOODON_03302473,oatmeal bread,confirm,http://purl.obolibrary.org/obo/FOODON_03302473,oatmeal bread,It names this bread; FoodOn has no narrower term for this version.,sure
172679,"Bread, oatmeal, toasted",added,http://purl.obolibrary.org/obo/FOODON_03302473,oatmeal bread,confirm,http://purl.obolibrary.org/obo/FOODON_03302473,oatmeal bread,It names this bread; FoodOn has no narrower term for this version.,sure
172680,"Bread, raisin, enriched",added,http://purl.obolibrary.org/obo/FOODON_03301944,raisin bread,replace,http://purl.obolibrary.org/obo/FOODON_03302693,raisin bread (enriched),FoodOn has a narrower term that matches the description; 'raisin bread' is the broader one.,sure
172681,"Bread, raisin, enriched, toasted",added,http://purl.obolibrary.org/obo/FOODON_03301944,raisin bread,replace,http://purl.obolibrary.org/obo/FOODON_03302693,raisin bread (enriched),FoodOn has a narrower term that matches the description; 'raisin bread' is the broader one.,sure
172686,"Bread, wheat",added,http://purl.obolibrary.org/obo/FOODON_00003131,common wheat kernel,replace,http://purl.obolibrary.org/obo/FOODON_03302200,wheat bread,"Our match read 'bread wheat', the grain; the food is wheat bread.",sure
172687,"Bread, wheat, toasted",added,http://purl.obolibrary.org/obo/FOODON_03302200,wheat bread,confirm,http://purl.obolibrary.org/obo/FOODON_03302200,wheat bread,It names this bread; FoodOn has no narrower term for this version.,sure
172688,"Bread, whole-wheat, commercially prepared",added,http://purl.obolibrary.org/obo/FOODON_03301119,whole wheat bread,confirm,http://purl.obolibrary.org/obo/FOODON_03301119,whole wheat bread,It names this bread; FoodOn has no narrower term for this version.,sure
172689,"Bread, whole-wheat, commercially prepared, toasted",added,http://purl.obolibrary.org/obo/FOODON_03301119,whole wheat bread,confirm,http://purl.obolibrary.org/obo/FOODON_03301119,whole wheat bread,It names this bread; FoodOn has no narrower term for this version.,sure
172690,"Bread, whole-wheat, prepared from recipe",added,http://purl.obolibrary.org/obo/FOODON_03301119,whole wheat bread,confirm,http://purl.obolibrary.org/obo/FOODON_03301119,whole wheat bread,It names this bread; FoodOn has no narrower term for this version.,sure
172691,"Bread, whole-wheat, prepared from recipe, toasted",added,http://purl.obolibrary.org/obo/FOODON_03301119,whole wheat bread,confirm,http://purl.obolibrary.org/obo/FOODON_03301119,whole wheat bread,It names this bread; FoodOn has no narrower term for this version.,sure
172697,"Cake, chocolate, prepared from recipe without frosting",added,http://purl.obolibrary.org/obo/FOODON_03305417,chocolate cake,confirm,http://purl.obolibrary.org/obo/FOODON_03305417,chocolate cake,It names this cake; FoodOn has no narrower term for this version.,sure
172704,"Cake, pound, commercially prepared, butter (includes fresh and frozen)",added,http://purl.obolibrary.org/obo/FOODON_03302767,pound cake,replace,http://purl.obolibrary.org/obo/FOODON_03302768,butter pound cake,FoodOn has a narrower term that matches the description; 'pound cake' is the broader one.,sure
172777,"Pie, banana cream, prepared from recipe",added,http://purl.obolibrary.org/obo/FOODON_03307352,banana cream pie,confirm,http://purl.obolibrary.org/obo/FOODON_03307352,banana cream pie,It names this pie; FoodOn has no narrower term for this version.,sure
172780,"Pie, cherry, commercially prepared",added,http://purl.obolibrary.org/obo/FOODON_00001720,cherry pie,confirm,http://purl.obolibrary.org/obo/FOODON_00001720,cherry pie,It names this pie; FoodOn has no narrower term for this version.,sure
172781,"Pie, cherry, prepared from recipe",added,http://purl.obolibrary.org/obo/FOODON_00001720,cherry pie,confirm,http://purl.obolibrary.org/obo/FOODON_00001720,cherry pie,It names this pie; FoodOn has no narrower term for this version.,sure
172786,"Pie, pecan, prepared from recipe",added,http://purl.obolibrary.org/obo/FOODON_03306781,pecan pie,confirm,http://purl.obolibrary.org/obo/FOODON_03306781,pecan pie,It names this pie; FoodOn has no narrower term for this version.,sure
172791,Phyllo dough,added,http://purl.obolibrary.org/obo/FOODON_00003199,filo,confirm,http://purl.obolibrary.org/obo/FOODON_00003199,filo,Filo is another spelling of phyllo.,sure
172809,"Bread, protein, (includes gluten), toasted",added,http://purl.obolibrary.org/obo/FOODON_03302350,protein bread,confirm,http://purl.obolibrary.org/obo/FOODON_03302350,protein bread,It names this bread; FoodOn has no narrower term for this version.,sure
172816,"Bread, pita, white, unenriched",added,http://purl.obolibrary.org/obo/FOODON_00003060,pita bread,confirm,http://purl.obolibrary.org/obo/FOODON_00003060,pita bread,It names this bread; FoodOn has no narrower term for this version.,sure
172817,"Bread, raisin, unenriched",added,http://purl.obolibrary.org/obo/FOODON_03301944,raisin bread,confirm,http://purl.obolibrary.org/obo/FOODON_03301944,raisin bread,It names this bread; FoodOn has no narrower term for this version.,sure
172818,"Bread, white, commercially prepared, low sodium, no salt",added,http://purl.obolibrary.org/obo/FOODON_03301055,white bread,confirm,http://purl.obolibrary.org/obo/FOODON_03301055,white bread,It names this bread; FoodOn has no narrower term for this version.,sure
172826,"Bread, white, commercially prepared, toasted, low sodium no salt",added,http://purl.obolibrary.org/obo/FOODON_03301055,white bread,confirm,http://purl.obolibrary.org/obo/FOODON_03301055,white bread,It names this bread; FoodOn has no narrower term for this version.,sure
172847,"Turkey, ground, fat free, raw",flagged,http://purl.obolibrary.org/obo/FOODON_03311109,"obsolete: turkey meat (ground, raw)",replace,http://purl.obolibrary.org/obo/FOODON_02020578,"turkey meat (ground, raw)",USDA's term is obsolete; FoodOn names this one as its replacement.,sure
172880,"Sauce, pizza, canned, ready-to-serve",added,http://purl.obolibrary.org/obo/FOODON_03306786,pizza sauce,confirm,http://purl.obolibrary.org/obo/FOODON_03306786,pizza sauce,It names this sauce or gravy; FoodOn has no narrower term for this version.,sure
172882,"Soup, tomato, canned, condensed",added,http://purl.obolibrary.org/obo/FOODON_03304909,tomato soup,confirm,http://purl.obolibrary.org/obo/FOODON_03304909,tomato soup,It names this soup; FoodOn has no narrower term for this version.,sure
172886,"Sauce, hoisin, ready-to-serve",added,http://purl.obolibrary.org/obo/FOODON_00002526,hoisin sauce,confirm,http://purl.obolibrary.org/obo/FOODON_00002526,hoisin sauce,It names this sauce or gravy; FoodOn has no narrower term for this version.,sure
172887,"Soup, cream of mushroom, canned, condensed, reduced sodium",added,http://purl.obolibrary.org/obo/FOODON_03305128,cream of mushroom soup,confirm,http://purl.obolibrary.org/obo/FOODON_03305128,cream of mushroom soup,It names this soup; FoodOn has no narrower term for this version.,sure
172890,"Sauce, teriyaki, ready-to-serve, reduced sodium",added,http://purl.obolibrary.org/obo/FOODON_03306566,teriyaki sauce,confirm,http://purl.obolibrary.org/obo/FOODON_03306566,teriyaki sauce,It names this sauce or gravy; FoodOn has no narrower term for this version.,sure
172891,"Soup, cream of asparagus, canned, prepared with equal volume milk",added,http://purl.obolibrary.org/obo/FOODON_03305126,cream of asparagus soup,confirm,http://purl.obolibrary.org/obo/FOODON_03305126,cream of asparagus soup,It names this soup; FoodOn has no narrower term for this version.,sure
172893,"Soup, cream of celery, canned, prepared with equal volume milk",added,http://purl.obolibrary.org/obo/FOODON_03310560,cream of celery soup,confirm,http://purl.obolibrary.org/obo/FOODON_03310560,cream of celery soup,It names this soup; FoodOn has no narrower term for this version.,sure
172894,"Soup, cheese, canned, prepared with equal volume milk",added,http://purl.obolibrary.org/obo/FOODON_00003018,cheese soup,confirm,http://purl.obolibrary.org/obo/FOODON_00003018,cheese soup,It names this soup; FoodOn has no narrower term for this version.,sure
172896,"Soup, pea, green, canned, prepared with equal volume milk",added,http://purl.obolibrary.org/obo/FOODON_03304927,pea soup,confirm,http://purl.obolibrary.org/obo/FOODON_03304927,pea soup,It names this soup; FoodOn has no narrower term for this version.,sure
172897,"Soup, cream of potato, canned, prepared with equal volume milk",added,http://purl.obolibrary.org/obo/FOODON_03305133,cream of potato soup,confirm,http://purl.obolibrary.org/obo/FOODON_03305133,cream of potato soup,It names this soup; FoodOn has no narrower term for this version.,sure
172906,"Soup, beef noodle, canned, prepared with equal volume water",added,http://purl.obolibrary.org/obo/FOODON_03304924,beef noodle soup,confirm,http://purl.obolibrary.org/obo/FOODON_03304924,beef noodle soup,It names this soup; FoodOn has no narrower term for this version.,sure
172907,"Soup, cream of celery, canned, prepared with equal volume water",added,http://purl.obolibrary.org/obo/FOODON_03310560,cream of celery soup,confirm,http://purl.obolibrary.org/obo/FOODON_03310560,cream of celery soup,It names this soup; FoodOn has no narrower term for this version.,sure
172908,"Soup, chicken gumbo, canned, prepared with equal volume water",added,http://purl.obolibrary.org/obo/FOODON_03304903,chicken gumbo soup,confirm,http://purl.obolibrary.org/obo/FOODON_03304903,chicken gumbo soup,It names this soup; FoodOn has no narrower term for this version.,sure
172909,"Soup, chicken noodle, canned, prepared with equal volume water",added,http://purl.obolibrary.org/obo/FOODON_03302730,chicken noodle soup,confirm,http://purl.obolibrary.org/obo/FOODON_03302730,chicken noodle soup,It names this soup; FoodOn has no narrower term for this version.,sure
172913,"Soup, minestrone, canned, prepared with equal volume water",added,http://purl.obolibrary.org/obo/FOODON_03304952,minestrone soup,confirm,http://purl.obolibrary.org/obo/FOODON_03304952,minestrone soup,It names this soup; FoodOn has no narrower term for this version.,sure
172915,"Soup, cream of mushroom, canned, prepared with equal volume water",added,http://purl.obolibrary.org/obo/FOODON_03305128,cream of mushroom soup,confirm,http://purl.obolibrary.org/obo/FOODON_03305128,cream of mushroom soup,It names this soup; FoodOn has no narrower term for this version.,sure
172916,"Soup, pea, split with ham, canned, prepared with equal volume water",added,http://purl.obolibrary.org/obo/FOODON_03304927,pea soup,confirm,http://purl.obolibrary.org/obo/FOODON_03304927,pea soup,Split pea with ham is a pea soup; FoodOn has no narrower term for this version.,sure
172917,"Soup, cream of potato, canned, prepared with equal volume water",added,http://purl.obolibrary.org/obo/FOODON_03305133,cream of potato soup,confirm,http://purl.obolibrary.org/obo/FOODON_03305133,cream of potato soup,It names this soup; FoodOn has no narrower term for this version.,sure
172925,"Soup, chicken noodle, dry, mix, prepared with water",added,http://purl.obolibrary.org/obo/FOODON_03302730,chicken noodle soup,confirm,http://purl.obolibrary.org/obo/FOODON_03302730,chicken noodle soup,"Prepared from the mix, so it is the soup, not 'chicken noodle soup mix'.",sure
172928,"Pate, chicken liver, canned",flagged,http://purl.obolibrary.org/obo/FOODON_02020325,piece(s) of chicken liver,replace,http://purl.obolibrary.org/obo/FOODON_03303695,liver paste (canned),"It is a canned liver pate, not pieces of chicken liver, and 'liver paste (canned)' names it.",sure
172929,"Pate, goose liver, smoked, canned",flagged,http://purl.obolibrary.org/obo/FOODON_02022325,piece(s) of goose liver,replace,http://purl.obolibrary.org/obo/FOODON_03306998,goose liver paste,"It is a goose liver pate, not pieces of goose liver, and 'goose liver paste' names it.",sure
172931,"Luxury loaf, pork",flagged,http://purl.obolibrary.org/obo/FOODON_00003871,leberkase,replace,http://purl.obolibrary.org/obo/FOODON_00005588,pork loaf,"Leberkäse is a different, much fattier loaf; luxury loaf is a pressed pork luncheon loaf, which 'pork loaf' describes.",unsure
172932,"Mother's loaf, pork",flagged,http://purl.obolibrary.org/obo/FOODON_00005588,pork loaf,confirm,http://purl.obolibrary.org/obo/FOODON_00005588,pork loaf,"Mother's loaf is a pork luncheon loaf, which 'pork loaf' describes.",unsure
172942,"Sausage, Vienna, canned, chicken, beef, pork",added,http://purl.obolibrary.org/obo/FOODON_03302012,frankfurter,confirm,http://purl.obolibrary.org/obo/FOODON_03302012,frankfurter,"FoodOn lists Vienna sausage as a synonym, though US cooks treat canned Vienna sausages as their own thing.",unsure
172948,"Sausage, turkey, pork, and beef, low fat, smoked",added,http://purl.obolibrary.org/obo/FOODON_00003297,turkey sausage,no_match,,,"A mix of three meats; turkey sausage names only one, and no FoodOn term names the mix.",unsure
172949,"Frankfurter, beef, pork, and turkey, fat free",added,http://purl.obolibrary.org/obo/FOODON_03310577,beef frankfurter,replace,http://purl.obolibrary.org/obo/FOODON_03302012,frankfurter,The current term names only the first of several meats; this term names the product without picking one.,sure
172952,"Sausage, Italian, sweet, links",added,http://purl.obolibrary.org/obo/FOODON_03317294,italian sausage,confirm,http://purl.obolibrary.org/obo/FOODON_03317294,italian sausage,It names this food; FoodOn has no narrower term for this version.,sure
172953,"Sausage, Polish, beef with chicken, hot",added,http://purl.obolibrary.org/obo/FOODON_00002728,Kielbasa,confirm,http://purl.obolibrary.org/obo/FOODON_00002728,Kielbasa,Polish sausage is kielbasa; FoodOn has no term for this meat mix.,sure
172954,"Sausage, Polish, pork and beef, smoked",added,http://purl.obolibrary.org/obo/FOODON_00002728,Kielbasa,confirm,http://purl.obolibrary.org/obo/FOODON_00002728,Kielbasa,Polish sausage is kielbasa; FoodOn has no term for this meat mix.,sure
172958,"Bratwurst, pork, beef and turkey, lite, smoked",added,http://purl.obolibrary.org/obo/FOODON_00005526,pork bratwurst,replace,http://purl.obolibrary.org/obo/FOODON_00002911,bratwurst,The current term names only the first of several meats; this term names the product without picking one.,sure
172964,"Frankfurter, pork",added,http://purl.obolibrary.org/obo/FOODON_00004095,pork frankfurter,confirm,http://purl.obolibrary.org/obo/FOODON_00004095,pork frankfurter,It names this food; FoodOn has no narrower term for this version.,sure
172970,"Bologna, chicken, turkey, pork",added,http://purl.obolibrary.org/obo/FOODON_00005509,chicken bologna,replace,http://purl.obolibrary.org/obo/FOODON_03306503,bologna,The current term names only the first of several meats; this term names the product without picking one.,sure
172986,"Cereals ready-to-eat, QUAKER, MOTHER'S Toasted Oat Bran cereal",flagged,http://purl.obolibrary.org/obo/FOODON_00005553,oat bran cereal,confirm,http://purl.obolibrary.org/obo/FOODON_00005553,oat bran cereal,"Toasted Oat Bran is an oat bran cereal, and the other words are the brand.",sure
173032,"Goji berries, dried",flagged,http://purl.obolibrary.org/obo/FOODON_00005311,goji berry (dried),replace,http://purl.obolibrary.org/obo/FOODON_00004359,goji berry food product,USDA's dried goji term sits outside the food branches; this is the only edible goji term.,unsure
173041,"Grape juice, canned or bottled, unsweetened, with added ascorbic acid",flagged,http://purl.obolibrary.org/obo/FOODON_03305763,grape juice (reconstituted),replace,http://purl.obolibrary.org/obo/FOODON_03301127,grape juice,"Its siblings use 'grape juice', and the description does not say reconstituted.",sure
173043,"Groundcherries, (cape-gooseberries or poha), raw",flagged,http://purl.obolibrary.org/obo/FOODON_00005187,ground cherry (raw),confirm,http://purl.obolibrary.org/obo/FOODON_00005187,ground cherry (raw),Groundcherries are ground cherries.,sure
173095,"Beef, New Zealand, imported, variety meats and by-products, tripe cooked, boiled",flagged,http://purl.obolibrary.org/obo/FOODON_03420192,tripe,replace,http://purl.obolibrary.org/obo/FOODON_03315155,tripe food product,USDA's 'tripe' sits outside the food branches; this is the edible tripe term.,sure
173121,"Beef, round, top round, steak, separable lean only, trimmed to 1/8"" fat, select, raw",flagged,http://purl.obolibrary.org/obo/FOODON_02000042,beef eye of round roast (raw),replace,http://purl.obolibrary.org/obo/FOODON_02000015,beef top round steak (raw),"A top round steak is not an eye of round roast, and its siblings use 'beef top round steak (raw)'.",sure
173122,"Beef, round, bottom round, roast, separable lean only, trimmed to 1/8"" fat, select, raw",flagged,http://purl.obolibrary.org/obo/FOODON_02000042,beef eye of round roast (raw),replace,http://purl.obolibrary.org/obo/FOODON_02000009,beef bottom round roast (raw),"A bottom round roast is not an eye of round roast, and its siblings use 'beef bottom round roast (raw)'.",sure
173177,"Beverages, Whey protein powder isolate",flagged,http://purl.obolibrary.org/obo/FOODON_00005524,whey protein isolate,confirm,http://purl.obolibrary.org/obo/FOODON_00005524,whey protein isolate,"Beverages is a category word, and whey protein isolate is the food.",sure
173239,"Pie, apple, commercially prepared, unenriched flour",added,http://purl.obolibrary.org/obo/FOODON_00002475,apple pie,confirm,http://purl.obolibrary.org/obo/FOODON_00002475,apple pie,It names this pie; FoodOn has no narrower term for this version.,sure
173243,"Cake, pound, commercially prepared, fat-free",added,http://purl.obolibrary.org/obo/FOODON_03302767,pound cake,confirm,http://purl.obolibrary.org/obo/FOODON_03302767,pound cake,It names this cake; FoodOn has no narrower term for this version.,sure
173263,"Rice, brown, parboiled, cooked, UNCLE BENS",flagged,http://purl.obolibrary.org/obo/FOODON_00004678,brown rice kernel (cooked),confirm,http://purl.obolibrary.org/obo/FOODON_00004678,brown rice kernel (cooked),"The grain is the kernel, so the kernel term names this food.",sure
173264,"Pasta, gluten-free, rice flour and rice bran extract, cooked, DE BOLES",added,http://purl.obolibrary.org/obo/FOODON_00005437,gluten-free pasta,confirm,http://purl.obolibrary.org/obo/FOODON_00005437,gluten-free pasta,It is gluten-free pasta; FoodOn has no term for this flour blend.,sure
173265,"Pasta, gluten-free, corn and rice flour, cooked",added,http://purl.obolibrary.org/obo/FOODON_00005437,gluten-free pasta,confirm,http://purl.obolibrary.org/obo/FOODON_00005437,gluten-free pasta,It is gluten-free pasta; FoodOn has no term for this flour blend.,sure
173343,Potato salad with egg,added,http://purl.obolibrary.org/obo/FOODON_03307696,potato salad (with egg),confirm,http://purl.obolibrary.org/obo/FOODON_03307696,potato salad (with egg),It names this food; FoodOn has no narrower term for this version.,sure
173413,"Cheese, caraway",added,http://purl.obolibrary.org/obo/FOODON_03303878,caraway cheese,confirm,http://purl.obolibrary.org/obo/FOODON_03303878,caraway cheese,It names this cheese; FoodOn has no narrower term for this version.,sure
173415,"Cheese, cheshire",added,http://purl.obolibrary.org/obo/FOODON_03310410,cheshire cheese,confirm,http://purl.obolibrary.org/obo/FOODON_03310410,cheshire cheese,It names this cheese; FoodOn has no narrower term for this version.,sure
173416,"Cheese, colby",added,http://purl.obolibrary.org/obo/FOODON_03303856,colby cheese,confirm,http://purl.obolibrary.org/obo/FOODON_03303856,colby cheese,It names this cheese; FoodOn has no narrower term for this version.,sure
173417,"Cheese, cottage, lowfat, 1% milkfat",added,http://purl.obolibrary.org/obo/FOODON_03301605,cottage cheese,replace,http://purl.obolibrary.org/obo/FOODON_03303720,cottage cheese (lowfat),FoodOn has a narrower term that matches the description; 'cottage cheese' is the broader one.,sure
173418,"Cheese, cream",added,http://purl.obolibrary.org/obo/FOODON_03301889,cream cheese,confirm,http://purl.obolibrary.org/obo/FOODON_03301889,cream cheese,It names this cheese; FoodOn has no narrower term for this version.,sure
173419,"Cheese, edam",added,http://purl.obolibrary.org/obo/FOODON_03302971,edam cheese,confirm,http://purl.obolibrary.org/obo/FOODON_03302971,edam cheese,It names this cheese; FoodOn has no narrower term for this version.,sure
173420,"Cheese, feta",added,http://purl.obolibrary.org/obo/FOODON_03307280,feta cheese,confirm,http://purl.obolibrary.org/obo/FOODON_03307280,feta cheese,It names this cheese; FoodOn has no narrower term for this version.,sure
173424,"Egg, whole, cooked, hard-boiled",flagged,http://purl.obolibrary.org/obo/FOODON_03304615,"chicken egg (shell on, hard boiled)",confirm,http://purl.obolibrary.org/obo/FOODON_03304615,"chicken egg (shell on, hard boiled)",A hard-boiled egg is cooked in its shell.,sure
173425,"Egg, whole, dried, stabilized, glucose reduced",flagged,http://purl.obolibrary.org/obo/FOODON_03311041,"chicken egg (shell off, solids, dried)",confirm,http://purl.obolibrary.org/obo/FOODON_03311041,"chicken egg (shell off, solids, dried)","Dried whole egg is egg solids out of the shell, which this term names.",sure
173442,"Sour cream, reduced fat",added,http://purl.obolibrary.org/obo/FOODON_03000477,light sour cream,confirm,http://purl.obolibrary.org/obo/FOODON_03000477,light sour cream,FoodOn lists 'sour cream (reduced fat)' as a synonym of light sour cream.,sure
173443,"Sour cream, light",added,http://purl.obolibrary.org/obo/FOODON_03000477,light sour cream,confirm,http://purl.obolibrary.org/obo/FOODON_03000477,light sour cream,It names this food; FoodOn has no narrower term for this version.,sure
173450,"Milk, chocolate, fluid, commercial, reduced fat, with added calcium",added,http://purl.obolibrary.org/obo/FOODON_03301816,chocolate milk,replace,http://purl.obolibrary.org/obo/FOODON_03000289,chocolate milk (reduced fat),FoodOn has a narrower term that matches the description; 'chocolate milk' is the broader one.,sure
173461,Dulce de Leche,added,http://purl.obolibrary.org/obo/FOODON_00003138,dulce de leche,confirm,http://purl.obolibrary.org/obo/FOODON_00003138,dulce de leche,It names this food; FoodOn has no narrower term for this version.,sure
173464,"Yogurt, frozen, flavors not chocolate, nonfat milk, with low-calorie sweetener",added,http://purl.obolibrary.org/obo/FOODON_03307445,frozen yogurt,confirm,http://purl.obolibrary.org/obo/FOODON_03307445,frozen yogurt,It names this food; FoodOn has no narrower term for this version.,sure
173470,"Thyme, fresh",flagged,http://purl.obolibrary.org/obo/FOODON_03301562,thyme leaf,confirm,http://purl.obolibrary.org/obo/FOODON_03301562,thyme leaf,"A fresh herb is sold as its leaves, so the leaf term names this food.",sure
173473,"Rosemary, fresh",flagged,http://purl.obolibrary.org/obo/FOODON_00003809,rosemary leaf,confirm,http://purl.obolibrary.org/obo/FOODON_00003809,rosemary leaf,"A fresh herb is sold as its leaves, so the leaf term names this food.",sure
173475,"Spearmint, fresh",flagged,http://purl.obolibrary.org/obo/FOODON_03303921,spearmint leaf,confirm,http://purl.obolibrary.org/obo/FOODON_03303921,spearmint leaf,"A fresh herb is sold as its leaves, so the leaf term names this food.",sure
173563,"Oil, cupu assu",flagged,http://purl.obolibrary.org/obo/FOODON_00003222,cupuaçu oil,confirm,http://purl.obolibrary.org/obo/FOODON_00003222,cupuaçu oil,Cupu assu is cupuaçu.,sure
173565,"Oil, soybean, salad or cooking, (partially hydrogenated) and cottonseed",added,http://purl.obolibrary.org/obo/FOODON_03302776,soybean oil,no_match,,,"This is a blend; the current term names only one of its parts, and no FoodOn term names the blend.",sure
173569,"Shortening industrial, soybean (hydrogenated) and cottonseed",flagged,http://purl.obolibrary.org/obo/FOODON_03306665,soybean oil (hydrogenated),replace,http://purl.obolibrary.org/obo/FOODON_03304167,shortening (hydrogenated),"It blends two oils, and 'shortening (hydrogenated)' names the product without picking one.",sure
173584,"Shortening, vegetable, household, composite",added,http://purl.obolibrary.org/obo/FOODON_03302604,vegetable shortening,confirm,http://purl.obolibrary.org/obo/FOODON_03302604,vegetable shortening,It names this food; FoodOn has no narrower term for this version.,sure
173597,"Shortening, industrial, soy (partially hydrogenated), pourable liquid fry shortening",flagged,http://purl.obolibrary.org/obo/FOODON_00003225,soybean oil (partly hydrogenated),confirm,http://purl.obolibrary.org/obo/FOODON_00003225,soybean oil (partly hydrogenated),"It is partly hydrogenated soybean oil sold as a shortening, which this term names.",sure
173598,"Oil, industrial, soy, refined, for woks and light frying",flagged,http://purl.obolibrary.org/obo/FOODON_03302776,soybean oil,confirm,http://purl.obolibrary.org/obo/FOODON_03302776,soybean oil,It is soybean oil; FoodOn has no term for the industrial grade.,sure
173607,"Shortening, industrial, soy (partially hydrogenated ) for baking and confections",flagged,http://purl.obolibrary.org/obo/FOODON_00003225,soybean oil (partly hydrogenated),confirm,http://purl.obolibrary.org/obo/FOODON_00003225,soybean oil (partly hydrogenated),"It is partly hydrogenated soybean oil sold as a shortening, which this term names.",sure
173633,"Chicken, roasting, meat and skin and giblets and neck, cooked, roasted",flagged,http://purl.obolibrary.org/obo/FOODON_02000435,chicken carcass (with giblets and neck),replace,http://purl.obolibrary.org/obo/FOODON_00004237,chicken (whole or pieces),"It is the whole bird, and FoodOn's only whole-bird term is a carcass, so this broader term is used.",unsure
173640,"Chicken, stewing, meat and skin, and giblets and neck, raw",flagged,http://purl.obolibrary.org/obo/FOODON_02000436,"chicken carcass (with giblets and neck, raw)",replace,http://purl.obolibrary.org/obo/FOODON_03301121,"chicken (whole or pieces, raw)","It is the whole bird, and FoodOn's only whole-bird term is a carcass, so this broader term is used.",unsure
173641,"Chicken, stewing, giblets, raw",flagged,http://purl.obolibrary.org/obo/FOODON_02020165,"chicken carcass (with giblets, raw)",replace,http://purl.obolibrary.org/obo/FOODON_03305358,chicken giblet (raw),"Giblets are not a whole carcass, and FoodOn names raw chicken giblets.",sure
173642,"Chicken, stewing, giblets, cooked, simmered",flagged,http://purl.obolibrary.org/obo/FOODON_00002706,chicken carcass (with giblets),no_match,,,"Giblets are not a whole carcass, and FoodOn has no term for cooked giblets.",sure
173647,"Beverages, water, tap, drinking",flagged,http://purl.obolibrary.org/obo/ENVO_00003096,tap water,no_match,,,FoodOn's 'tap water' sits outside the food branches; the only edible alternative is the generic 'water food product'.,unsure
173723,"Salmon, sockeye, canned, drained solids, without skin and bones",added,http://purl.obolibrary.org/obo/FOODON_02021848,sockeye salmon,confirm,http://purl.obolibrary.org/obo/FOODON_02021848,sockeye salmon,It names this food; FoodOn has no narrower term for this version.,sure
173727,"Beans, adzuki, mature seeds, raw",flagged,http://purl.obolibrary.org/obo/FOODON_00002757,adzuki bean (dried),confirm,http://purl.obolibrary.org/obo/FOODON_00002757,adzuki bean (dried),"Raw mature adzuki beans are the dried beans, so the dried term is right.",sure
173731,"Beans, baked, home prepared",added,http://purl.obolibrary.org/obo/FOODON_03301946,baked beans (dish),confirm,http://purl.obolibrary.org/obo/FOODON_03301946,baked beans (dish),It names this food; FoodOn has no narrower term for this version.,sure
173732,"Beans, baked, canned, with pork and sweet sauce",added,http://purl.obolibrary.org/obo/FOODON_03301946,baked beans (dish),replace,http://purl.obolibrary.org/obo/FOODON_03301466,pork and beans (canned),Canned baked beans with pork are pork and beans; 'baked beans (dish)' is the broader one.,sure
173733,"Beans, baked, canned, with pork and tomato sauce",added,http://purl.obolibrary.org/obo/FOODON_03301946,baked beans (dish),replace,http://purl.obolibrary.org/obo/FOODON_03307027,pork and beans with tomato sauce (canned),FoodOn names this exact product; 'baked beans (dish)' is the broader one.,sure
173738,"Beans, french, mature seeds, raw",flagged,http://purl.obolibrary.org/obo/FOODON_03000212,"green bean pod (raw, mature)",no_match,,,"These are dry mature bean seeds (343 kcal per 100 g), not green bean pods, and FoodOn has no dry french bean term.",sure
173739,"Beans, french, mature seeds, cooked, boiled, without salt",flagged,http://purl.obolibrary.org/obo/FOODON_03305806,green bean pod,no_match,,,"These are dry mature bean seeds, not green bean pods, and the raw row is no match too.",sure
173762,"Vitasoy USA, Organic Nasoya Extra Firm Tofu",flagged,http://purl.obolibrary.org/obo/FOODON_00004698,extra firm tofu,confirm,http://purl.obolibrary.org/obo/FOODON_00004698,extra firm tofu,"The extra words are the brand, and the term names this tofu.",sure
173763,"Vitasoy USA, Organic Nasoya Firm Tofu",flagged,http://purl.obolibrary.org/obo/FOODON_00005540,firm tofu,confirm,http://purl.obolibrary.org/obo/FOODON_00005540,firm tofu,"The extra words are the brand, and the term names this tofu.",sure
173764,"Vitasoy USA, Organic Nasoya Silken Tofu",flagged,http://purl.obolibrary.org/obo/FOODON_00005541,silken tofu,confirm,http://purl.obolibrary.org/obo/FOODON_00005541,silken tofu,"The extra words are the brand, and the term names this tofu.",sure
173783,"Vitasoy USA Organic Nasoya, Soft Tofu",flagged,http://purl.obolibrary.org/obo/FOODON_00005539,soft tofu,confirm,http://purl.obolibrary.org/obo/FOODON_00005539,soft tofu,"The extra words are the brand, and the term names this tofu.",sure
173784,"Vitasoy USA Nasoya, Lite Silken Tofu",flagged,http://purl.obolibrary.org/obo/FOODON_00005541,silken tofu,confirm,http://purl.obolibrary.org/obo/FOODON_00005541,silken tofu,"Lite Silken is a reduced-fat silken tofu, and the other extra words are the brand.",sure
173785,"Vitasoy USA Organic Nasoya, Tofu Plus Extra Firm",flagged,http://purl.obolibrary.org/obo/FOODON_00004698,extra firm tofu,confirm,http://purl.obolibrary.org/obo/FOODON_00004698,extra firm tofu,"The extra words are the brand, and the term names this tofu.",sure
173786,"Vitasoy USA Azumaya, Silken Tofu",flagged,http://purl.obolibrary.org/obo/FOODON_00005541,silken tofu,confirm,http://purl.obolibrary.org/obo/FOODON_00005541,silken tofu,"The extra words are the brand, and the term names this tofu.",sure
173787,HOUSE FOODS Premium Soft Tofu,flagged,http://purl.obolibrary.org/obo/FOODON_00005539,soft tofu,confirm,http://purl.obolibrary.org/obo/FOODON_00005539,soft tofu,"The extra words are the brand, and the term names this tofu.",sure
173788,HOUSE FOODS Premium Firm Tofu,flagged,http://purl.obolibrary.org/obo/FOODON_00005268,Red California kidney bean,replace,http://purl.obolibrary.org/obo/FOODON_00005540,firm tofu,USDA's term is a kidney bean; the brand's soft tofu uses 'soft tofu'.,sure
173802,"Lima beans, large, mature seeds, cooked, boiled, with salt",flagged,http://purl.obolibrary.org/obo/FOODON_00005251,lentil (mature),replace,http://purl.obolibrary.org/obo/FOODON_00005284,lima bean (mature),"USDA's term is lentil, and its without-salt twin uses 'lima bean (mature)'.",sure
173804,"Lupins, mature seeds, cooked, boiled, with salt",flagged,http://purl.obolibrary.org/obo/FOODON_00003737,lupine bean,confirm,http://purl.obolibrary.org/obo/FOODON_00003737,lupine bean,Lupins are lupine beans.,sure
173805,"Mothbeans, mature seeds, cooked, boiled, with salt",flagged,http://purl.obolibrary.org/obo/FOODON_03309719,moth bean,replace,http://purl.obolibrary.org/obo/FOODON_00005286,moth bean (mature),Its without-salt twin uses 'moth bean (mature)'; 'moth bean' is the broader one.,sure
173845,"Game meat, bear, raw",flagged,http://purl.obolibrary.org/obo/FOODON_02020828,piece of antelope meat (raw),replace,http://purl.obolibrary.org/obo/FOODON_02021772,piece of bear meat (raw),USDA's term is antelope; the cooked bear row uses 'piece of bear meat'.,sure
173853,"Game meat, caribou, raw",flagged,http://purl.obolibrary.org/obo/FOODON_03306464,piece of reindeer meat (raw),replace,http://purl.obolibrary.org/obo/FOODON_03306460,piece of caribou meat (raw),FoodOn has a caribou-specific term; 'piece of reindeer meat (raw)' is the broader one.,sure
173854,"Game meat, caribou, cooked, roasted",flagged,http://purl.obolibrary.org/obo/FOODON_02021442,piece of reindeer meat,confirm,http://purl.obolibrary.org/obo/FOODON_02021442,piece of reindeer meat,"Caribou and reindeer are the same species, and FoodOn's caribou term exists only raw.",sure
173858,Chicken spread,added,http://purl.obolibrary.org/obo/FOODON_03303021,chicken spread,confirm,http://purl.obolibrary.org/obo/FOODON_03303021,chicken spread,It names this food; FoodOn has no narrower term for this version.,sure
173859,"Sausage, pork, chorizo, link or ground, raw",added,http://purl.obolibrary.org/obo/FOODON_00002729,pork sausage,replace,http://purl.obolibrary.org/obo/FOODON_03316070,chorizo,FoodOn has a 'chorizo' term; 'pork sausage' is the broader one.,sure
173865,"Ham, minced",flagged,http://purl.obolibrary.org/obo/FOODON_02021726,pork meat (minced),no_match,,,"Minced ham is a cured luncheon meat, not ground pork, and FoodOn has no minced ham term.",sure
173872,"Bologna, chicken, pork, beef",added,http://purl.obolibrary.org/obo/FOODON_00005509,chicken bologna,replace,http://purl.obolibrary.org/obo/FOODON_03306503,bologna,The current term names only the first of several meats; this term names the product without picking one.,sure
173883,"Sausage, pork, turkey, and beef, reduced sodium",added,http://purl.obolibrary.org/obo/FOODON_00002729,pork sausage,no_match,,,"A mix of three meats; pork sausage names only one, and no FoodOn term names the mix.",unsure
173928,"Apples, raw, without skin, cooked, boiled",flagged,http://purl.obolibrary.org/obo/FOODON_03317119,"apple (raw, peeled)",replace,http://purl.obolibrary.org/obo/FOODON_00004473,apple (peeled),"The apples are cooked, and 'apple (peeled)' names them without the raw state.",sure
173929,"Apples, raw, without skin, cooked, microwave",flagged,http://purl.obolibrary.org/obo/FOODON_03317119,"apple (raw, peeled)",replace,http://purl.obolibrary.org/obo/FOODON_00004473,apple (peeled),"The apples are cooked, and 'apple (peeled)' names them without the raw state.",sure
173934,"Apple juice, frozen concentrate, unsweetened, undiluted, without added ascorbic acid",flagged,http://purl.obolibrary.org/obo/FOODON_03301957,apple juice drink (frozen concentrate),no_match,,,"Undiluted concentrate is not a juice drink, and FoodOn has no apple juice concentrate.",sure
173952,"Carissa, (natal-plum), raw",flagged,http://purl.obolibrary.org/obo/FOODON_03306891,natal plum (raw),confirm,http://purl.obolibrary.org/obo/FOODON_03306891,natal plum (raw),Carissa is the natal plum.,sure
174013,"Beef composite, separable lean only, trimmed to 1/8"" fat, choice, cooked",flagged,http://purl.obolibrary.org/obo/FOODON_00004478,beef retail cut,confirm,http://purl.obolibrary.org/obo/FOODON_00004478,beef retail cut,A composite of retail cuts is what the other beef composite rows file as 'beef retail cut'.,sure
174064,"Soup, chicken noodle, reduced sodium, canned, ready-to-serve",added,http://purl.obolibrary.org/obo/FOODON_03302730,chicken noodle soup,confirm,http://purl.obolibrary.org/obo/FOODON_03302730,chicken noodle soup,It names this soup; FoodOn has no narrower term for this version.,sure
174067,"Sauce, cocktail, ready-to-serve",added,http://purl.obolibrary.org/obo/FOODON_03307333,cocktail sauce,confirm,http://purl.obolibrary.org/obo/FOODON_03307333,cocktail sauce,It names this sauce or gravy; FoodOn has no narrower term for this version.,sure
174070,"Sauce, peanut, made from peanut butter, water, soy sauce",added,http://purl.obolibrary.org/obo/FOODON_03311869,peanut sauce,confirm,http://purl.obolibrary.org/obo/FOODON_03311869,peanut sauce,It names this sauce or gravy; FoodOn has no narrower term for this version.,sure
174073,"Soup, beef barley, ready to serve",added,http://purl.obolibrary.org/obo/FOODON_03304088,beef barley soup,confirm,http://purl.obolibrary.org/obo/FOODON_03304088,beef barley soup,It names this soup; FoodOn has no narrower term for this version.,sure
174074,"Sauce, enchilada, red, mild, ready to serve",added,http://purl.obolibrary.org/obo/FOODON_03304007,enchilada sauce,confirm,http://purl.obolibrary.org/obo/FOODON_03304007,enchilada sauce,It names this sauce or gravy; FoodOn has no narrower term for this version.,sure
174080,"Cookie, chocolate, with icing or coating",added,http://purl.obolibrary.org/obo/FOODON_03302882,chocolate cookie,confirm,http://purl.obolibrary.org/obo/FOODON_03302882,chocolate cookie,It names this food; FoodOn has no narrower term for this version.,sure
174189,"Fish, cod, Atlantic, canned, solids and liquid",added,http://purl.obolibrary.org/obo/FOODON_03411841,pacific cod,replace,http://purl.obolibrary.org/obo/FOODON_02021812,piece of atlantic cod,"Our match said Pacific cod, but this is Atlantic cod, named as its cooked siblings name it.",sure
174215,"Mollusks, cuttlefish, mixed species, raw",flagged,http://purl.obolibrary.org/obo/FOODON_03000421,,replace,http://purl.obolibrary.org/obo/FOODON_02022288,piece(s) of cuttlefish (raw),USDA's ID does not exist in this FoodOn release; this is the raw form of the term its cooked sibling uses.,sure
174218,"Mollusks, octopus, common, raw",flagged,http://purl.obolibrary.org/obo/FOODON_03000419,,replace,http://purl.obolibrary.org/obo/FOODON_02022054,common octopus,USDA's ID does not exist in this FoodOn release; 'common octopus' names this species.,sure
174252,"Lima beans, large, mature seeds, raw",flagged,http://purl.obolibrary.org/obo/FOODON_03000204,"lentil (raw, sprouted)",replace,http://purl.obolibrary.org/obo/FOODON_03000210,"lima bean (whole,raw, mature)",USDA's term is sprouted lentils.,sure
174255,"Lima beans, thin seeded (baby), mature seeds, raw",flagged,http://purl.obolibrary.org/obo/FOODON_03000205,"lupine bean (raw, mature)",replace,http://purl.obolibrary.org/obo/FOODON_03000211,"baby lima bean (raw, mature)","USDA's term is lupine bean, and FoodOn has a raw mature baby lima bean term.",sure
174256,"Mung beans, mature seeds, raw",flagged,http://purl.obolibrary.org/obo/FOODON_03000207,"soybean (raw, mature)",replace,http://purl.obolibrary.org/obo/FOODON_03000197,"mung bean (raw, mature)","USDA's term is soybean, and FoodOn has a raw mature mung bean term.",sure
174272,Tempeh,added,http://purl.obolibrary.org/obo/FOODON_03304999,tempeh,confirm,http://purl.obolibrary.org/obo/FOODON_03304999,tempeh,It names this food; FoodOn has no narrower term for this version.,sure
174281,"Yardlong beans, mature seeds, raw",flagged,http://purl.obolibrary.org/obo/FOODON_00004351,"asparagus bean (raw, mature)",confirm,http://purl.obolibrary.org/obo/FOODON_00004351,"asparagus bean (raw, mature)",Yardlong bean and asparagus bean are two names for the same bean.,sure
174282,"Yardlong beans, mature seeds, cooked, boiled, without salt",flagged,http://purl.obolibrary.org/obo/FOODON_00005246,asparagus bean (mature),confirm,http://purl.obolibrary.org/obo/FOODON_00005246,asparagus bean (mature),Yardlong bean and asparagus bean are two names for the same bean.,sure
174288,Chickpea flour (besan),flagged,http://purl.obolibrary.org/obo/FOODON_03304537,chickpea flour,replace,http://purl.obolibrary.org/obo/FOODON_03601071,gram flour,"FoodOn's 'gram flour' lists besan as a synonym, and 'chickpea flour' is the broader one.",sure
174297,"Vitasoy USA, Organic Nasoya Super Firm Cubed Tofu",flagged,http://purl.obolibrary.org/obo/FOODON_00005544,super firm tofu,confirm,http://purl.obolibrary.org/obo/FOODON_00005544,super firm tofu,"Cubed is only the cut, and the other extra words are the brand.",sure
174301,"Soy protein concentrate, produced by acid wash",flagged,http://purl.obolibrary.org/obo/FOODON_00005306,rose apple (raw),replace,http://purl.obolibrary.org/obo/FOODON_00005578,soy protein concentrate,USDA's term is rose apple; 'soy protein concentrate' is the term its sibling uses.,sure
174302,"Soy protein isolate, potassium type",flagged,http://purl.obolibrary.org/obo/FOODON_00005305,rose apple,replace,http://purl.obolibrary.org/obo/FOODON_03310553,soy protein isolate,"USDA's term is rose apple, a fruit; 'soy protein isolate' is the term its sibling uses.",sure
174306,"Yardlong beans, mature seeds, cooked, boiled, with salt",flagged,http://purl.obolibrary.org/obo/FOODON_00005246,asparagus bean (mature),confirm,http://purl.obolibrary.org/obo/FOODON_00005246,asparagus bean (mature),Yardlong bean and asparagus bean are two names for the same bean.,sure
174384,"Lamb, New Zealand, imported, frozen, composite of trimmed retail cuts, separable lean and fat, trimmed to 1/8"" fat, raw",flagged,http://purl.obolibrary.org/obo/FOODON_02000240,lamb shoulder (raw),replace,http://purl.obolibrary.org/obo/FOODON_02021242,lamb retail cut (raw),"A composite of retail cuts is not the shoulder, and its raw siblings use 'lamb retail cut (raw)'.",sure
174465,"Chicken, capons, giblets, raw",flagged,http://purl.obolibrary.org/obo/FOODON_02020165,"chicken carcass (with giblets, raw)",replace,http://purl.obolibrary.org/obo/FOODON_03305358,chicken giblet (raw),"Giblets are not a whole carcass, and FoodOn names raw chicken giblets.",sure
174466,"Chicken, capons, giblets, cooked, simmered",flagged,http://purl.obolibrary.org/obo/FOODON_00002706,chicken carcass (with giblets),no_match,,,"Giblets are not a whole carcass, and FoodOn has no term for cooked giblets.",sure
174471,"Guinea hen, meat only, raw",flagged,http://purl.obolibrary.org/obo/FOODON_02020652,"piece of guinea fowl meat (skinless, raw)",confirm,http://purl.obolibrary.org/obo/FOODON_02020652,"piece of guinea fowl meat (skinless, raw)",Guinea hen is guinea fowl.,sure
174493,"Turkey, ground, 85% lean, 15% fat, raw",flagged,http://purl.obolibrary.org/obo/FOODON_03311109,"obsolete: turkey meat (ground, raw)",replace,http://purl.obolibrary.org/obo/FOODON_02020578,"turkey meat (ground, raw)",USDA's term is obsolete; FoodOn names this one as its replacement.,sure
174529,"Sauce, oyster, ready-to-serve",added,http://purl.obolibrary.org/obo/FOODON_03317654,oyster sauce,confirm,http://purl.obolibrary.org/obo/FOODON_03317654,oyster sauce,It names this sauce or gravy; FoodOn has no narrower term for this version.,sure
174530,"Soup, minestrone, canned, reduced sodium, ready-to-serve",added,http://purl.obolibrary.org/obo/FOODON_03304952,minestrone soup,confirm,http://purl.obolibrary.org/obo/FOODON_03304952,minestrone soup,It names this soup; FoodOn has no narrower term for this version.,sure
174531,"Sauce, fish, ready-to-serve",added,http://purl.obolibrary.org/obo/FOODON_03317197,fish sauce,confirm,http://purl.obolibrary.org/obo/FOODON_03317197,fish sauce,It names this sauce or gravy; FoodOn has no narrower term for this version.,sure
174537,"Soup, cream of chicken, canned, prepared with equal volume milk",added,http://purl.obolibrary.org/obo/FOODON_03305127,cream of chicken soup,confirm,http://purl.obolibrary.org/obo/FOODON_03305127,cream of chicken soup,It names this soup; FoodOn has no narrower term for this version.,sure
174538,"Soup, vegetable, canned, low sodium, condensed",added,http://purl.obolibrary.org/obo/FOODON_03304911,vegetable soup,replace,http://purl.obolibrary.org/obo/FOODON_03303897,vegetable soup (canned),FoodOn has a narrower term that matches the description; 'vegetable soup' is the broader one.,sure
174540,"Soup, cream of mushroom, canned, prepared with equal volume low fat (2%) milk",added,http://purl.obolibrary.org/obo/FOODON_03305128,cream of mushroom soup,confirm,http://purl.obolibrary.org/obo/FOODON_03305128,cream of mushroom soup,It names this soup; FoodOn has no narrower term for this version.,sure
174546,"Soup, tomato, canned, prepared with equal volume low fat (2%) milk",added,http://purl.obolibrary.org/obo/FOODON_03304909,tomato soup,confirm,http://purl.obolibrary.org/obo/FOODON_03304909,tomato soup,It names this soup; FoodOn has no narrower term for this version.,sure
174549,"Soup, cream of asparagus, canned, prepared with equal volume water",added,http://purl.obolibrary.org/obo/FOODON_03305126,cream of asparagus soup,confirm,http://purl.obolibrary.org/obo/FOODON_03305126,cream of asparagus soup,It names this soup; FoodOn has no narrower term for this version.,sure
174550,"Soup, cheese, canned, prepared with equal volume water",added,http://purl.obolibrary.org/obo/FOODON_00003018,cheese soup,confirm,http://purl.obolibrary.org/obo/FOODON_00003018,cheese soup,It names this soup; FoodOn has no narrower term for this version.,sure
174553,"Soup, cream of chicken, canned, prepared with equal volume water",added,http://purl.obolibrary.org/obo/FOODON_03305127,cream of chicken soup,confirm,http://purl.obolibrary.org/obo/FOODON_03305127,cream of chicken soup,It names this soup; FoodOn has no narrower term for this version.,sure
174561,"Soup, pea, green, canned, prepared with equal volume water",added,http://purl.obolibrary.org/obo/FOODON_03304927,pea soup,confirm,http://purl.obolibrary.org/obo/FOODON_03304927,pea soup,It names this soup; FoodOn has no narrower term for this version.,sure
174565,"Soup, vegetable beef, canned, prepared with equal volume water",added,http://purl.obolibrary.org/obo/FOODON_03305999,vegetable beef soup,confirm,http://purl.obolibrary.org/obo/FOODON_03305999,vegetable beef soup,It names this soup; FoodOn has no narrower term for this version.,sure
174567,"Soup, cream of chicken, dry, mix, prepared with water",added,http://purl.obolibrary.org/obo/FOODON_03305127,cream of chicken soup,confirm,http://purl.obolibrary.org/obo/FOODON_03305127,cream of chicken soup,"Prepared from the mix, so it is the soup, not 'cream of chicken soup mix'.",sure
174568,"Soup, onion, dry, mix, prepared with water",added,http://purl.obolibrary.org/obo/FOODON_03304821,onion soup,confirm,http://purl.obolibrary.org/obo/FOODON_03304821,onion soup,"Prepared from the mix, so it is the soup, not 'onion soup mix'.",sure
174569,"Soup, tomato, dry, mix, prepared with water",added,http://purl.obolibrary.org/obo/FOODON_03304909,tomato soup,confirm,http://purl.obolibrary.org/obo/FOODON_03304909,tomato soup,"Prepared from the mix, so it is the soup, not 'tomato soup mix'.",sure
174577,"Polish sausage, pork",flagged,http://purl.obolibrary.org/obo/FOODON_00002728,Kielbasa,confirm,http://purl.obolibrary.org/obo/FOODON_00002728,Kielbasa,FoodOn lists polish sausage as a synonym of kielbasa.,sure
174586,"Sausage, Italian, pork, mild, cooked, pan-fried",added,http://purl.obolibrary.org/obo/FOODON_03317294,italian sausage,confirm,http://purl.obolibrary.org/obo/FOODON_03317294,italian sausage,It names this food; FoodOn has no narrower term for this version.,sure
174592,"Bacon, turkey, unprepared",added,http://purl.obolibrary.org/obo/FOODON_00005531,turkey bacon,confirm,http://purl.obolibrary.org/obo/FOODON_00005531,turkey bacon,It names this food; FoodOn has no narrower term for this version.,sure
174598,"Salami, pork, beef, less sodium",added,http://purl.obolibrary.org/obo/FOODON_00005536,pork salami,replace,http://purl.obolibrary.org/obo/FOODON_03312067,salami,The current term names only the first of several meats; this term names the product without picking one.,sure
174600,"Sausage, turkey, breakfast links, mild, raw",added,http://purl.obolibrary.org/obo/FOODON_00003297,turkey sausage,confirm,http://purl.obolibrary.org/obo/FOODON_00003297,turkey sausage,"The accepted raw turkey sausage row uses this term, so the two group together.",sure
174604,"Sausage, Italian, turkey, smoked",added,http://purl.obolibrary.org/obo/FOODON_03317294,italian sausage,confirm,http://purl.obolibrary.org/obo/FOODON_03317294,italian sausage,"Turkey Italian sausage is a kind of Italian sausage, though a cook might file it under turkey sausage.",unsure
174610,"Bologna, pork, turkey and beef",added,http://purl.obolibrary.org/obo/FOODON_00005510,pork bologna,replace,http://purl.obolibrary.org/obo/FOODON_03306503,bologna,The current term names only the first of several meats; this term names the product without picking one.,sure
174614,"Frankfurter, beef, heated",added,http://purl.obolibrary.org/obo/FOODON_03310577,beef frankfurter,confirm,http://purl.obolibrary.org/obo/FOODON_03310577,beef frankfurter,It names this food; FoodOn has no narrower term for this version.,sure
174635,"Cereals ready-to-eat, SUN COUNTRY, KRETSCHMER Toasted Wheat Bran",flagged,http://purl.obolibrary.org/obo/FOODON_03311444,wheat bran breakfast cereal,replace,http://purl.obolibrary.org/obo/FOODON_03304608,wheat bran,"It is plain toasted wheat bran (41 g fiber per 100 g, like crude bran), not a mixed bran cereal.",sure
174769,"Beef, variety meats and by-products, tripe, cooked, simmered",flagged,http://purl.obolibrary.org/obo/FOODON_03420192,tripe,replace,http://purl.obolibrary.org/obo/FOODON_03315155,tripe food product,USDA's 'tripe' sits outside the food branches; this is the edible tripe term.,sure
174807,"Soup, egg drop, Chinese restaurant",added,http://purl.obolibrary.org/obo/FOODON_03304915,egg drop soup,confirm,http://purl.obolibrary.org/obo/FOODON_03304915,egg drop soup,It is egg drop soup; FoodOn has no narrower term for this version.,sure
174895,"Lamb, Australian, imported, fresh, leg, trotter off, bone-in, separable lean and fat, trimmed to 1/8"" fat, cooked, roasted",flagged,http://purl.obolibrary.org/obo/FOODON_00005393,rack of lamb,replace,http://purl.obolibrary.org/obo/FOODON_02000253,lamb leg,"A leg of lamb is not a rack of lamb, and its cooked lean-only sibling uses 'lamb leg'.",sure
174896,"Lamb, Australian, imported, fresh, leg, trotter off, bone-in, separable lean and fat, trimmed to 1/8"" fat, raw",flagged,http://purl.obolibrary.org/obo/FOODON_00005393,rack of lamb,replace,http://purl.obolibrary.org/obo/FOODON_02000254,lamb leg (raw),"A leg of lamb is not a rack of lamb, and the raw whole-leg rows use 'lamb leg (raw)'.",sure
174912,"Bread, irish soda, prepared from recipe",added,http://purl.obolibrary.org/obo/FOODON_00002860,Irish soda bread,confirm,http://purl.obolibrary.org/obo/FOODON_00002860,Irish soda bread,It names this bread; FoodOn has no narrower term for this version.,sure
174913,"Bread, Italian",added,http://purl.obolibrary.org/obo/FOODON_03302692,italian bread,confirm,http://purl.obolibrary.org/obo/FOODON_03302692,italian bread,It names this bread; FoodOn has no narrower term for this version.,sure
174915,"Bread, pita, white, enriched",added,http://purl.obolibrary.org/obo/FOODON_00003060,pita bread,confirm,http://purl.obolibrary.org/obo/FOODON_00003060,pita bread,It names this bread; FoodOn has no narrower term for this version.,sure
174916,"Bread, pita, whole-wheat",added,http://purl.obolibrary.org/obo/FOODON_03304540,whole wheat pita bread,confirm,http://purl.obolibrary.org/obo/FOODON_03304540,whole wheat pita bread,It names this bread; FoodOn has no narrower term for this version.,sure
174918,"Bread, pumpernickel",added,http://purl.obolibrary.org/obo/FOODON_03302357,pumpernickel bread,confirm,http://purl.obolibrary.org/obo/FOODON_03302357,pumpernickel bread,It names this bread; FoodOn has no narrower term for this version.,sure
174924,"Bread, white, commercially prepared (includes soft bread crumbs)",added,http://purl.obolibrary.org/obo/FOODON_03301055,white bread,confirm,http://purl.obolibrary.org/obo/FOODON_03301055,white bread,It names this bread; FoodOn has no narrower term for this version.,sure
174925,"Bread, white, commercially prepared, toasted",added,http://purl.obolibrary.org/obo/FOODON_03301055,white bread,confirm,http://purl.obolibrary.org/obo/FOODON_03301055,white bread,It names this bread; FoodOn has no narrower term for this version.,sure
174926,"Bread, white, prepared from recipe, made with nonfat dry milk",added,http://purl.obolibrary.org/obo/FOODON_03301055,white bread,confirm,http://purl.obolibrary.org/obo/FOODON_03301055,white bread,It names this bread; FoodOn has no narrower term for this version.,sure
174927,"Bread, white, prepared from recipe, made with low fat (2%) milk",added,http://purl.obolibrary.org/obo/FOODON_03301055,white bread,confirm,http://purl.obolibrary.org/obo/FOODON_03301055,white bread,It names this bread; FoodOn has no narrower term for this version.,sure
174934,"Cake, chocolate, commercially prepared with chocolate frosting, in-store bakery",added,http://purl.obolibrary.org/obo/FOODON_03305417,chocolate cake,confirm,http://purl.obolibrary.org/obo/FOODON_03305417,chocolate cake,It names this cake; FoodOn has no narrower term for this version.,sure
174940,"Cake, pound, commercially prepared, other than all butter, enriched",added,http://purl.obolibrary.org/obo/FOODON_03302767,pound cake,confirm,http://purl.obolibrary.org/obo/FOODON_03302767,pound cake,It is pound cake; 'butter pound cake' is wrong here because it is not all butter.,sure
175011,"Pie, apple, commercially prepared, enriched flour",added,http://purl.obolibrary.org/obo/FOODON_00002475,apple pie,confirm,http://purl.obolibrary.org/obo/FOODON_00002475,apple pie,It names this pie; FoodOn has no narrower term for this version.,sure
175012,"Pie, apple, prepared from recipe",added,http://purl.obolibrary.org/obo/FOODON_00002475,apple pie,confirm,http://purl.obolibrary.org/obo/FOODON_00002475,apple pie,It names this pie; FoodOn has no narrower term for this version.,sure
175013,"Pie, banana cream, prepared from mix, no-bake type",added,http://purl.obolibrary.org/obo/FOODON_03307352,banana cream pie,confirm,http://purl.obolibrary.org/obo/FOODON_03307352,banana cream pie,It names this pie; FoodOn has no narrower term for this version.,sure
175017,"Pie, coconut cream, prepared from mix, no-bake type",added,http://purl.obolibrary.org/obo/FOODON_03306765,coconut cream pie,confirm,http://purl.obolibrary.org/obo/FOODON_03306765,coconut cream pie,It names this pie; FoodOn has no narrower term for this version.,sure
175019,"Pie, mince, prepared from recipe",added,http://purl.obolibrary.org/obo/FOODON_03305824,mince pie,confirm,http://purl.obolibrary.org/obo/FOODON_03305824,mince pie,It names this pie; FoodOn has no narrower term for this version.,sure
175020,"Pie, peach",added,http://purl.obolibrary.org/obo/FOODON_03306759,peach pie,confirm,http://purl.obolibrary.org/obo/FOODON_03306759,peach pie,It names this pie; FoodOn has no narrower term for this version.,sure
175021,"Pie, pecan, commercially prepared",added,http://purl.obolibrary.org/obo/FOODON_03306781,pecan pie,confirm,http://purl.obolibrary.org/obo/FOODON_03306781,pecan pie,It names this pie; FoodOn has no narrower term for this version.,sure
175040,"Leavening agents, baking soda",flagged,http://purl.obolibrary.org/obo/FOODON_00002385,baking soda,confirm,http://purl.obolibrary.org/obo/FOODON_00002385,baking soda,"Leavening agents is a category word, and baking soda is the food.",sure
175041,"Leavening agents, cream of tartar",flagged,http://purl.obolibrary.org/obo/FOODON_03414273,potassium hydrogen tartrate,confirm,http://purl.obolibrary.org/obo/FOODON_03414273,potassium hydrogen tartrate,"Same substance, but the label is the chemical name, not 'cream of tartar'.",unsure
175042,"Leavening agents, yeast, baker's, compressed",flagged,http://purl.obolibrary.org/obo/FOODON_03310334,bakers yeast,replace,http://purl.obolibrary.org/obo/FOODON_03311884,compressed yeast,"Compressed yeast is a moist cake (105 kcal per 100 g), and 'bakers yeast' is the broader one.",sure
175043,"Leavening agents, yeast, baker's, active dry",flagged,http://purl.obolibrary.org/obo/FOODON_03310334,bakers yeast,confirm,http://purl.obolibrary.org/obo/FOODON_03310334,bakers yeast,"Active dry yeast is baker's yeast, and leavening agents is a category word.",sure
175053,"Cake, pound, commercially prepared, other than all butter, unenriched",added,http://purl.obolibrary.org/obo/FOODON_03302767,pound cake,confirm,http://purl.obolibrary.org/obo/FOODON_03302767,pound cake,It is pound cake; 'butter pound cake' is wrong here because it is not all butter.,sure
175096,"Beverages, water, tap, well",flagged,http://purl.obolibrary.org/obo/ENVO_00003096,tap water,no_match,,,FoodOn's 'tap water' sits outside the food branches; the only edible alternative is the generic 'water food product'.,unsure
175103,"Beverages, water, tap, municipal",flagged,http://purl.obolibrary.org/obo/ENVO_00003096,tap water,no_match,,,FoodOn's 'tap water' sits outside the food branches; the only edible alternative is the generic 'water food product'.,unsure
175174,"Salmon, sockeye, canned, total can contents",added,http://purl.obolibrary.org/obo/FOODON_02021848,sockeye salmon,confirm,http://purl.obolibrary.org/obo/FOODON_02021848,sockeye salmon,It names this food; FoodOn has no narrower term for this version.,sure
175178,"Fish, cod, Pacific, cooked",added,http://purl.obolibrary.org/obo/FOODON_03411841,pacific cod,confirm,http://purl.obolibrary.org/obo/FOODON_03411841,pacific cod,It names this food; FoodOn has no narrower term for this version.,sure
175182,"Beans, baked, canned, plain or vegetarian",added,http://purl.obolibrary.org/obo/FOODON_03301946,baked beans (dish),confirm,http://purl.obolibrary.org/obo/FOODON_03301946,baked beans (dish),It names this food; FoodOn has no narrower term for this version.,sure
175183,"Beans, baked, canned, with beef",added,http://purl.obolibrary.org/obo/FOODON_03301946,baked beans (dish),confirm,http://purl.obolibrary.org/obo/FOODON_03301946,baked beans (dish),It names this food; FoodOn has no narrower term for this version.,sure
175184,"Beans, baked, canned, with franks",added,http://purl.obolibrary.org/obo/FOODON_03301946,baked beans (dish),confirm,http://purl.obolibrary.org/obo/FOODON_03301946,baked beans (dish),"Beans with franks is a kind of baked beans, though some cooks treat franks and beans as its own dish.",unsure
175185,"Beans, baked, canned, with pork",added,http://purl.obolibrary.org/obo/FOODON_03301946,baked beans (dish),replace,http://purl.obolibrary.org/obo/FOODON_03301466,pork and beans (canned),Canned baked beans with pork are pork and beans; 'baked beans (dish)' is the broader one.,sure
175201,"Beans, pinto, mature seeds, canned, solids and liquids",flagged,http://purl.obolibrary.org/obo/FOODON_00002757,adzuki bean (dried),replace,http://purl.obolibrary.org/obo/FOODON_03315783,pinto bean (canned),"These are canned pinto beans, not adzuki beans, though the low-sodium twin sits under 'pinto bean (mature)'.",sure
175207,"Chili with beans, canned",added,http://purl.obolibrary.org/obo/FOODON_03317312,chili with beans (canned),confirm,http://purl.obolibrary.org/obo/FOODON_03317312,chili with beans (canned),It names this food; FoodOn has no narrower term for this version.,sure
175210,"Hyacinth beans, mature seeds, raw",flagged,http://purl.obolibrary.org/obo/FOODON_03000203,"blackeyed pea (raw, immature)",replace,http://purl.obolibrary.org/obo/FOODON_03000199,"hyacinth bean (raw, mature)",USDA's term is blackeyed pea.,sure
175233,"Vitasoy USA Organic Nasoya, Tofu Plus Firm",flagged,http://purl.obolibrary.org/obo/FOODON_00005268,Red California kidney bean,replace,http://purl.obolibrary.org/obo/FOODON_00005540,firm tofu,USDA's term is a kidney bean.,sure
175234,"Vitasoy USA Organic Nasoya Sprouted, Tofu Plus Super Firm",flagged,http://purl.obolibrary.org/obo/FOODON_00005272,great northern bean (mature),replace,http://purl.obolibrary.org/obo/FOODON_00005544,super firm tofu,USDA's term is a great northern bean.,sure
175235,"Vitasoy USA Azumaya, Extra Firm Tofu",flagged,http://purl.obolibrary.org/obo/FOODON_00004698,extra firm tofu,confirm,http://purl.obolibrary.org/obo/FOODON_00004698,extra firm tofu,"The extra words are the brand, and the term names this tofu.",sure
175236,"Vitasoy USA Azumaya, Firm Tofu",flagged,http://purl.obolibrary.org/obo/FOODON_00005540,firm tofu,confirm,http://purl.obolibrary.org/obo/FOODON_00005540,firm tofu,"The extra words are the brand, and the term names this tofu.",sure
175241,"Beans, french, mature seeds, cooked, boiled, with salt",flagged,http://purl.obolibrary.org/obo/FOODON_03305806,green bean pod,no_match,,,"These are dry mature bean seeds, not green bean pods, and the raw row is no match too.",sure
175256,"Mungo beans, mature seeds, cooked, boiled, with salt",flagged,http://purl.obolibrary.org/obo/FOODON_00005248,mung bean (mature),replace,http://purl.obolibrary.org/obo/FOODON_00005287,black gram bean (mature),"Mungo beans are black gram (urad), not mung beans, and the without-salt twin uses 'black gram bean (mature)'.",sure
747997,"Eggs, Grade A, Large, egg white",flagged,http://purl.obolibrary.org/obo/FOODON_03310155,obsolete: chicken egg white (raw),replace,http://purl.obolibrary.org/obo/FOODON_02020156,chicken egg white (raw),"USDA's term is obsolete; FoodOn names this one as its replacement, and the raw fresh egg white row uses it.",sure
2261420,"Flour, almond",flagged,http://purl.obolibrary.org/obo/FOODON_00003919,almond meal,confirm,http://purl.obolibrary.org/obo/FOODON_00003919,almond meal,"Almond flour is finely ground almonds, which FoodOn calls almond meal; 'blanched almond meal' is closer, but the name does not say blanched.",unsure
2512378,"Buckwheat, whole grain",flagged,http://purl.obolibrary.org/obo/FOODON_00004220,buckwheat seed,replace,http://purl.obolibrary.org/obo/FOODON_00004234,buckwheat seed (dried),The SR 'Buckwheat' row uses 'buckwheat seed (dried)'; 'buckwheat seed' is the broader one.,sure
2512380,"Rice, brown, long grain, unenriched, raw",flagged,http://purl.obolibrary.org/obo/FOODON_03000268,long grain brown rice kernel (uncooked),confirm,http://purl.obolibrary.org/obo/FOODON_03000268,long grain brown rice kernel (uncooked),"The grain is the kernel, and the raw long-grain brown rice row uses the same term.",sure
2515380,"Seeds, pumpkin seeds (pepitas), raw",flagged,http://purl.obolibrary.org/obo/FOODON_03304870,pumpkin seed (shell off),replace,http://purl.obolibrary.org/obo/FOODON_00004886,pumpkin seed,"Pepitas are hulled pumpkin seeds, and the dried and roasted kernel rows use 'pumpkin seed'.",sure
2644284,"Blackeye pea, dry",flagged,http://purl.obolibrary.org/obo/FOODON_03302068,blackeyed pea (raw),replace,http://purl.obolibrary.org/obo/FOODON_03000202,"blackeyed pea (raw, mature)","Dry blackeyes are raw mature seeds, and the SR raw mature blackeye row uses 'blackeyed pea (raw, mature)'.",sure
2644293,"Blackeye pea, canned, sodium added, drained and rinsed",flagged,http://purl.obolibrary.org/obo/FOODON_00003491,blackeyed pea,replace,http://purl.obolibrary.org/obo/FOODON_00003414,cowpea,"The SR canned mature blackeye row uses 'cowpea', so the two group together; 'blackeyed pea (canned)' is the closer name.",unsure
2646170,"Chicken, breast, boneless, skinless, raw",flagged,http://purl.obolibrary.org/obo/FOODON_00003364,"obsolete: chicken breast (skinless, boneless)",replace,http://purl.obolibrary.org/obo/FOODON_02020280,"piece of chicken breast (skinless, boneless, raw)","USDA's term is obsolete; the raw skinless boneless SR rows use this term, and FoodOn's own replacement is 'chicken breast (skinless, boneless)'.",sure
2710821,"Wild rice, dry, raw",flagged,http://purl.obolibrary.org/obo/FOODON_03000253,wild rice kernel (raw),confirm,http://purl.obolibrary.org/obo/FOODON_03000253,wild rice kernel (raw),"The grain is the kernel, and the raw wild rice row uses the same term.",sure
2710822,"Arugula, baby, raw",flagged,http://purl.obolibrary.org/obo/FOODON_00003604,arugula leaf,replace,http://purl.obolibrary.org/obo/FOODON_00005223,arugula leaf (raw),"Baby arugula is young arugula leaves, and the raw arugula row uses this term; 'baby arugula greens' is the closer name.",unsure
2710825,"Rice, black, unenriched, raw",flagged,http://purl.obolibrary.org/obo/FOODON_00004676,black rice kernel (raw),confirm,http://purl.obolibrary.org/obo/FOODON_00004676,black rice kernel (raw),"The grain is the kernel, so the kernel term names this food.",sure
2710827,"Einkorn, grain, dry, raw",flagged,http://purl.obolibrary.org/obo/FOODON_03540061,00610 - einkorn wheat grain (efsa foodex2),no_match,,,FoodOn's only einkorn terms are the plant and a catalogue code.,sure
2710828,"Farro, pearled, dry, raw",flagged,http://purl.obolibrary.org/obo/FOODON_00004702,farro kernel,replace,http://purl.obolibrary.org/obo/FOODON_00005281,farro kernel (raw),FoodOn has a narrower term that matches the description; 'farro kernel' is the broader one.,sure
2710830,"Khorasan, grain, dry, raw",flagged,http://purl.obolibrary.org/obo/FOODON_03000261,khorasan wheat kernel (raw),confirm,http://purl.obolibrary.org/obo/FOODON_03000261,khorasan wheat kernel (raw),"The grain is the kernel, and the uncooked KAMUT khorasan row uses the same term.",sure
2710835,"Corn flour, masa harina, white or yellow, dry, raw",flagged,http://purl.obolibrary.org/obo/FOODON_00002529,masa,confirm,http://purl.obolibrary.org/obo/FOODON_00002529,masa,"FoodOn lists masa harina, the dry corn flour, as a synonym of 'masa'.",sure
2710838,"Rice, red, unenriched, dry, raw",flagged,http://purl.obolibrary.org/obo/FOODON_00003077,red rice kernel,confirm,http://purl.obolibrary.org/obo/FOODON_00003077,red rice kernel,"The grain is the kernel, and FoodOn has no raw term for red rice.",sure
2710839,"Sorghum bran, white, unenriched, dry, raw",flagged,http://purl.obolibrary.org/obo/FOODON_00001187,sorghum food product,no_match,,,"FoodOn has no sorghum bran term, and 'sorghum food product' is a category, not this food.",sure
2710841,"Sorghum grain, white, pearled, unenriched, dry, raw",flagged,http://purl.obolibrary.org/obo/FOODON_03309906,sorghum kernel (dried),confirm,http://purl.obolibrary.org/obo/FOODON_03309906,sorghum kernel (dried),"Raw sorghum is the dry grain, and FoodOn has no pearled sorghum term; the SR sorghum grain row uses this one.",sure
2710842,"Sorghum, whole grain, white, dry, raw",flagged,http://purl.obolibrary.org/obo/FOODON_03309906,sorghum kernel (dried),confirm,http://purl.obolibrary.org/obo/FOODON_03309906,sorghum kernel (dried),"Raw sorghum is the dry grain, and the SR sorghum grain row uses the same term.",sure
2747662,"Peppers, poblano, seeded, raw",flagged,http://purl.obolibrary.org/obo/FOODON_03412559,poblano pepper plant,no_match,,,"FoodOn has no term for the fresh poblano; 'ancho pepper' lists poblano as a synonym, but it names the dried pepper.",unsure
2747671,"Squid (calamari), frozen, tubes only",flagged,http://purl.obolibrary.org/obo/FOODON_03310077,squid raw,confirm,http://purl.obolibrary.org/obo/FOODON_03310077,squid raw,Frozen squid tubes are raw squid; FoodOn's 'calamari' is a prepared seafood dish.,sure
2758975,"Rhubarb, stalk, raw",added,http://purl.obolibrary.org/obo/FOODON_03309858,rhubarb stalk (raw),confirm,http://purl.obolibrary.org/obo/FOODON_03309858,rhubarb stalk (raw),"It names this food, and the raw rhubarb row uses the same term.",sure
2758977,"Grapefruit, raw",added,http://purl.obolibrary.org/obo/FOODON_03301702,grapefruit (raw),confirm,http://purl.obolibrary.org/obo/FOODON_03301702,grapefruit (raw),"It names this food, and the raw all-areas grapefruit row uses the same term.",sure
2758983,"Beans, baked, canned, vegetarian",added,http://purl.obolibrary.org/obo/FOODON_03301946,baked beans (dish),confirm,http://purl.obolibrary.org/obo/FOODON_03301946,baked beans (dish),"It names this dish, and the canned plain or vegetarian baked beans row uses the same term.",sure
2758989,"Peanut butter, Creamy",added,http://purl.obolibrary.org/obo/FOODON_03306903,peanut butter (creamy),confirm,http://purl.obolibrary.org/obo/FOODON_03306903,peanut butter (creamy),"Creamy is smooth peanut butter, and the smooth-style rows use the same term.",sure
2758990,Sweetened condensed milk,added,http://purl.obolibrary.org/obo/FOODON_03304384,sweetened condensed milk,confirm,http://purl.obolibrary.org/obo/FOODON_03304384,sweetened condensed milk,"It names this food, and the canned sweetened condensed milk row uses the same term.",sure
2758993,"Bread, white, commercial",added,http://purl.obolibrary.org/obo/FOODON_03301055,white bread,confirm,http://purl.obolibrary.org/obo/FOODON_03301055,white bread,"It names this bread, and the commercially prepared white bread row uses the same term.",sure
2768188,"Alaska Pollock, raw",added,http://purl.obolibrary.org/obo/FOODON_03309141,alaska pollock (raw),confirm,http://purl.obolibrary.org/obo/FOODON_03309141,alaska pollock (raw),"It names this fish, as the SR raw Alaska pollock row with additives does; 'pollock (raw)' sits under saithe, a different fish.",sure
